Date,Day,Day_of_Week,Week,Month,Year,Season,Festival,Category,Product,Cost_Price,Selling_Price,Margin_%,Discount_%,Current_Stock,Reorder_Level,Lead_Time_Days,Holding_Cost_Per_Unit,Supplier_Reliability,Investment,Revenue,Profit,Units_Sold
2022-01-01,1,5,52,1,2022,Winter,None,FMCG,Soap Lux,22,32,45.45,10,182,150,3,0.44,0.71,550,720.0,170.0,25
2022-01-01,1,5,52,1,2022,Winter,None,Grocery,Wheat Flour 10kg,320,385,20.31,0,46,40,3,6.4,0.87,19840,23870.0,4030.0,62
2022-01-01,1,5,52,1,2022,Winter,None,Electronics,Fan Table,850,1350,58.82,15,36,8,7,17.0,0.88,102850,138847.5,35997.5,121
2022-01-01,1,5,52,1,2022,Winter,None,Electronics,Power Bank 10000mAh,650,1099,69.08,20,25,15,6,13.0,0.91,5850,7912.8,2062.8,9
2022-01-01,1,5,52,1,2022,Winter,None,Electronics,USB Cable,45,89,97.78,0,245,50,4,0.9,0.8,2610,5162.0,2552.0,58
2022-01-01,1,5,52,1,2022,Winter,None,FMCG,Shampoo Head&Shoulders,85,115,35.29,0,256,80,4,1.7,0.88,5865,7935.0,2070.0,69
2022-01-01,1,5,52,1,2022,Winter,None,FMCG,Biscuit Parle-G,8,12,50.0,20,749,200,2,0.16,0.74,136,163.2,27.2,17
2022-01-01,1,5,52,1,2022,Winter,None,Fashion,Kurta Women,280,549,96.07,5,100,20,5,5.6,0.89,9800,18254.25,8454.25,35
2022-01-02,2,6,52,1,2022,Winter,None,Grocery,Eid Special Dates,280,450,60.71,0,137,40,4,5.6,0.78,19600,31500.0,11900.0,70
2022-01-02,2,6,52,1,2022,Winter,None,Electronics,Smartphone Redmi,8500,10999,29.4,15,32,10,7,170.0,0.76,629000,691837.1,62837.1,74
2022-01-02,2,6,52,1,2022,Winter,None,Grocery,Salt 1kg,18,25,38.89,0,207,120,2,0.36,0.86,468,650.0,182.0,26
2022-01-02,2,6,52,1,2022,Winter,None,Grocery,Sunflower Oil 1L,120,148,23.33,0,129,60,4,2.4,1.0,5280,6512.0,1232.0,44
2022-01-02,2,6,52,1,2022,Winter,None,Electronics,USB Cable,45,89,97.78,15,133,50,4,0.9,0.95,5130,8624.1,3494.1,114
2022-01-03,3,0,1,1,2022,Winter,None,Electronics,USB Cable,45,89,97.78,0,195,50,4,0.9,0.96,2160,4272.0,2112.0,48
2022-01-03,3,0,1,1,2022,Winter,None,Grocery,Sunflower Oil 1L,120,148,23.33,0,161,60,4,2.4,0.97,5640,6956.0,1316.0,47
2022-01-03,3,0,1,1,2022,Winter,None,Fashion,Saree Cotton,350,699,99.71,15,23,15,7,7.0,0.77,33950,57632.55,23682.55,97
2022-01-04,4,1,1,1,2022,Winter,None,FMCG,Kite + String,25,55,120.0,0,613,300,2,0.5,0.89,375,825.0,450.0,15
2022-01-04,4,1,1,1,2022,Winter,None,Electronics,LED Bulb 9W,48,85,77.08,20,138,40,4,0.96,0.81,3792,5372.0,1580.0,79
2022-01-04,4,1,1,1,2022,Winter,None,Agriculture,Wheat Seeds 1kg,65,95,46.15,5,100,30,5,1.3,0.96,5460,7581.0,2121.0,84
2022-01-04,4,1,1,1,2022,Winter,None,Stationery,Pencil Box,35,55,57.14,0,354,80,3,0.7,0.93,770,1210.0,440.0,22
2022-01-04,4,1,1,1,2022,Winter,None,Stationery,Notebook A4,28,45,60.71,20,322,100,3,0.56,0.75,1232,1584.0,352.0,44
2022-01-04,4,1,1,1,2022,Winter,None,Electronics,USB Cable,45,89,97.78,0,245,50,4,0.9,0.75,2610,5162.0,2552.0,58
2022-01-04,4,1,1,1,2022,Winter,None,FMCG,Shampoo Head&Shoulders,85,115,35.29,0,339,80,4,1.7,0.88,4930,6670.0,1740.0,58
2022-01-05,5,2,1,1,2022,Winter,None,Stationery,Notebook A4,28,45,60.71,10,157,100,3,0.56,0.98,1400,2025.0,625.0,50
2022-01-05,5,2,1,1,2022,Winter,None,FMCG,Detergent Surf 1kg,95,125,31.58,20,213,90,3,1.9,0.96,4465,4700.0,235.0,47
2022-01-05,5,2,1,1,2022,Winter,None,FMCG,Kite + String,25,55,120.0,0,441,300,2,0.5,0.99,475,1045.0,570.0,19
2022-01-05,5,2,1,1,2022,Winter,None,FMCG,Crackers Box,200,380,90.0,10,343,100,3,4.0,0.98,4200,7182.0,2982.0,21
2022-01-06,6,3,1,1,2022,Winter,None,Electronics,LED Bulb 9W,48,85,77.08,20,142,40,4,0.96,1.0,2016,2856.0,840.0,42
2022-01-06,6,3,1,1,2022,Winter,None,FMCG,Crackers Box,200,380,90.0,15,364,100,3,4.0,0.84,12000,19380.0,7380.0,60
2022-01-06,6,3,1,1,2022,Winter,None,Agriculture,Wheat Seeds 1kg,65,95,46.15,0,32,30,5,1.3,0.88,2275,3325.0,1050.0,35
2022-01-06,6,3,1,1,2022,Winter,None,Electronics,Earphones Boat,350,599,71.14,0,29,20,5,7.0,0.91,32200,55108.0,22908.0,92
2022-01-07,7,4,1,1,2022,Winter,None,Electronics,USB Cable,45,89,97.78,0,221,50,4,0.9,0.85,3645,7209.0,3564.0,81
2022-01-07,7,4,1,1,2022,Winter,None,Grocery,Salt 1kg,18,25,38.89,10,571,120,2,0.36,0.87,576,720.0,144.0,32
2022-01-07,7,4,1,1,2022,Winter,None,Grocery,Sunflower Oil 1L,120,148,23.33,5,266,60,4,2.4,0.82,6720,7873.6,1153.6,56
2022-01-08,8,5,1,1,2022,Winter,None,FMCG,Biscuit Parle-G,8,12,50.0,5,861,200,2,0.16,0.73,144,205.2,61.2,18
2022-01-08,8,5,1,1,2022,Winter,None,Agriculture,Wheat Seeds 1kg,65,95,46.15,5,43,30,5,1.3,0.77,5850,8122.5,2272.5,90
2022-01-08,8,5,1,1,2022,Winter,None,Fashion,Shoes Casual,350,699,99.71,0,79,25,6,7.0,0.76,58450,116733.0,58283.0,167
2022-01-09,9,6,1,1,2022,Winter,None,Electronics,Power Bank 10000mAh,650,1099,69.08,20,46,15,6,13.0,0.84,33150,44839.2,11689.2,51
2022-01-09,9,6,1,1,2022,Winter,None,Grocery,Salt 1kg,18,25,38.89,20,204,120,2,0.36,0.81,2124,2360.0,236.0,118
2022-01-09,9,6,1,1,2022,Winter,None,Agriculture,Fertilizer NPK 1kg,125,168,34.4,5,125,25,6,2.5,0.84,9375,11970.0,2595.0,75
2022-01-09,9,6,1,1,2022,Winter,None,FMCG,Biscuit Parle-G,8,12,50.0,5,698,200,2,0.16,0.75,1008,1436.4,428.4,126
2022-01-09,9,6,1,1,2022,Winter,None,Grocery,Sugar 1kg,42,54,28.57,0,396,100,2,0.84,0.92,2898,3726.0,828.0,69
2022-01-09,9,6,1,1,2022,Winter,None,Grocery,Basmati Rice 5kg,180,225,25.0,0,199,50,3,3.6,0.84,12060,15075.0,3015.0,67
2022-01-10,10,0,2,1,2022,Winter,None,FMCG,Detergent Surf 1kg,95,125,31.58,0,381,90,3,1.9,0.77,5320,7000.0,1680.0,56
2022-01-10,10,0,2,1,2022,Winter,None,Grocery,Sugar 1kg,42,54,28.57,10,314,100,2,0.84,0.9,588,680.4,92.4,14
2022-01-10,10,0,2,1,2022,Winter,None,FMCG,Diya Set 12pc,48,95,97.92,10,417,150,2,0.96,0.76,3744,6669.0,2925.0,78
2022-01-10,10,0,2,1,2022,Winter,None,Grocery,Dal Toor 1kg,95,118,24.21,15,282,80,3,1.9,0.74,5320,5616.8,296.8,56
2022-01-10,10,0,2,1,2022,Winter,None,FMCG,Cold Drink 500ml,20,30,50.0,15,969,200,2,0.4,0.98,1000,1275.0,275.0,50
2022-01-10,10,0,2,1,2022,Winter,None,Grocery,Salt 1kg,18,25,38.89,0,408,120,2,0.36,1.0,1656,2300.0,644.0,92
2022-01-10,10,0,2,1,2022,Winter,None,FMCG,Dandiya Sticks,40,85,112.5,0,471,200,2,0.8,0.74,3080,6545.0,3465.0,77
2022-01-11,11,1,2,1,2022,Winter,None,Grocery,Salt 1kg,18,25,38.89,10,533,120,2,0.36,0.9,1116,1395.0,279.0,62
2022-01-11,11,1,2,1,2022,Winter,None,Electronics,Power Bank 10000mAh,650,1099,69.08,0,57,15,6,13.0,0.73,57850,97811.0,39961.0,89
2022-01-11,11,1,2,1,2022,Winter,None,Stationery,Notebook A4,28,45,60.71,0,154,100,3,0.56,0.92,980,1575.0,595.0,35
2022-01-11,11,1,2,1,2022,Winter,None,Fashion,T-Shirt Men,180,349,93.89,0,56,30,5,3.6,0.92,11520,22336.0,10816.0,64
2022-01-11,11,1,2,1,2022,Winter,None,FMCG,Detergent Surf 1kg,95,125,31.58,0,218,90,3,1.9,0.97,4275,5625.0,1350.0,45
2022-01-12,12,2,2,1,2022,Winter,Republic Day,Grocery,Dal Toor 1kg,95,118,24.21,20,214,80,3,1.9,0.75,3800,3776.0,-24.0,40
2022-01-12,12,2,2,1,2022,Winter,Republic Day,Agriculture,Wheat Seeds 1kg,65,95,46.15,5,101,30,5,1.3,0.7,8905,12364.25,3459.25,137
2022-01-12,12,2,2,1,2022,Winter,Republic Day,Electronics,Fan Table,850,1350,58.82,0,31,8,7,17.0,0.87,34850,55350.0,20500.0,41
2022-01-13,13,3,2,1,2022,Winter,None,Agriculture,Wheat Seeds 1kg,65,95,46.15,20,56,30,5,1.3,0.9,975,1140.0,165.0,15
2022-01-13,13,3,2,1,2022,Winter,None,FMCG,Shampoo Head&Shoulders,85,115,35.29,15,366,80,4,1.7,0.97,1700,1955.0,255.0,20
2022-01-13,13,3,2,1,2022,Winter,None,Grocery,Sunflower Oil 1L,120,148,23.33,5,120,60,4,2.4,0.96,4680,5483.4,803.4,39
2022-01-13,13,3,2,1,2022,Winter,None,Fashion,Jeans Men,450,899,99.78,20,23,20,6,9.0,0.75,25200,40275.2,15075.2,56
2022-01-14,14,4,2,1,2022,Winter,None,Stationery,Eraser Pack,12,20,66.67,0,621,150,2,0.24,0.8,756,1260.0,504.0,63
2022-01-14,14,4,2,1,2022,Winter,None,Electronics,Power Bank 10000mAh,650,1099,69.08,20,57,15,6,13.0,0.76,25350,34288.8,8938.8,39
2022-01-14,14,4,2,1,2022,Winter,None,Electronics,Fan Table,850,1350,58.82,0,25,8,7,17.0,0.81,50150,79650.0,29500.0,59
2022-01-14,14,4,2,1,2022,Winter,None,FMCG,Detergent Surf 1kg,95,125,31.58,10,364,90,3,1.9,0.8,6840,8100.0,1260.0,72
2022-01-14,14,4,2,1,2022,Winter,None,FMCG,Biscuit Parle-G,8,12,50.0,0,467,200,2,0.16,0.75,208,312.0,104.0,26
2022-01-15,15,5,2,1,2022,Winter,None,Grocery,Sunflower Oil 1L,120,148,23.33,10,207,60,4,2.4,0.76,3840,4262.4,422.4,32
2022-01-15,15,5,2,1,2022,Winter,None,FMCG,Biscuit Parle-G,8,12,50.0,0,751,200,2,0.16,0.91,592,888.0,296.0,74
2022-01-15,15,5,2,1,2022,Winter,None,Agriculture,Wheat Seeds 1kg,65,95,46.15,15,38,30,5,1.3,0.98,3055,3795.25,740.25,47
2022-01-15,15,5,2,1,2022,Winter,None,Fashion,Shoes Casual,350,699,99.71,0,40,25,6,7.0,0.92,39200,78288.0,39088.0,112
2022-01-15,15,5,2,1,2022,Winter,None,Fashion,Saree Cotton,350,699,99.71,0,41,15,7,7.0,0.8,52150,104151.0,52001.0,149
2022-01-16,16,6,2,1,2022,Winter,None,Fashion,T-Shirt Men,180,349,93.89,5,68,30,5,3.6,0.79,35640,65646.9,30006.9,198
2022-01-16,16,6,2,1,2022,Winter,None,FMCG,Dandiya Sticks,40,85,112.5,5,529,200,2,0.8,0.84,5120,10336.0,5216.0,128
2022-01-16,16,6,2,1,2022,Winter,None,FMCG,Shampoo Head&Shoulders,85,115,35.29,5,166,80,4,1.7,0.9,4250,5462.5,1212.5,50
2022-01-16,16,6,2,1,2022,Winter,None,Electronics,Smartphone Redmi,8500,10999,29.4,0,49,10,7,170.0,0.8,1071000,1385874.0,314874.0,126
2022-01-16,16,6,2,1,2022,Winter,None,Stationery,Eraser Pack,12,20,66.67,20,380,150,2,0.24,0.94,636,848.0,212.0,53
2022-01-16,16,6,2,1,2022,Winter,None,Stationery,Pen Blue Pack 10,25,40,60.0,0,686,200,2,0.5,0.88,225,360.0,135.0,9
2022-01-16,16,6,2,1,2022,Winter,None,FMCG,Cold Drink 500ml,20,30,50.0,20,844,200,2,0.4,0.87,420,504.0,84.0,21
2022-01-16,16,6,2,1,2022,Winter,None,Fashion,Jeans Men,450,899,99.78,15,51,20,6,9.0,0.74,56700,96282.9,39582.9,126
2022-01-17,17,0,3,1,2022,Winter,Makar Sankranti,Grocery,Basmati Rice 5kg,180,225,25.0,5,220,50,3,3.6,0.86,11160,13252.5,2092.5,62
2022-01-17,17,0,3,1,2022,Winter,Makar Sankranti,FMCG,Biscuit Parle-G,8,12,50.0,10,653,200,2,0.16,0.88,912,1231.2,319.2,114
2022-01-17,17,0,3,1,2022,Winter,Makar Sankranti,Agriculture,Wheat Seeds 1kg,65,95,46.15,15,146,30,5,1.3,0.86,10140,12597.0,2457.0,156
2022-01-17,17,0,3,1,2022,Winter,Makar Sankranti,Electronics,USB Cable,45,89,97.78,0,242,50,4,0.9,0.77,6705,13261.0,6556.0,149
2022-01-17,17,0,3,1,2022,Winter,Makar Sankranti,FMCG,Cold Drink 500ml,20,30,50.0,15,733,200,2,0.4,0.85,1900,2422.5,522.5,95
2022-01-17,17,0,3,1,2022,Winter,Makar Sankranti,Agriculture,Pesticide 500ml,180,245,36.11,0,56,20,5,3.6,0.77,16380,22295.0,5915.0,91
2022-01-17,17,0,3,1,2022,Winter,Makar Sankranti,Grocery,Sugar 1kg,42,54,28.57,0,141,100,2,0.84,0.74,5502,7074.0,1572.0,131
2022-01-17,17,0,3,1,2022,Winter,Makar Sankranti,Electronics,Fan Table,850,1350,58.82,0,21,8,7,17.0,0.72,115600,183600.0,68000.0,136
2022-01-18,18,1,3,1,2022,Winter,None,Fashion,Kurta Women,280,549,96.07,5,22,20,5,5.6,0.96,46760,87098.85,40338.85,167
2022-01-18,18,1,3,1,2022,Winter,None,FMCG,Kite + String,25,55,120.0,20,312,300,2,0.5,0.98,2225,3916.0,1691.0,89
2022-01-18,18,1,3,1,2022,Winter,None,Agriculture,Pesticide 500ml,180,245,36.11,0,73,20,5,3.6,0.86,14400,19600.0,5200.0,80
2022-01-18,18,1,3,1,2022,Winter,None,Stationery,Eraser Pack,12,20,66.67,15,375,150,2,0.24,0.85,1092,1547.0,455.0,91
2022-01-18,18,1,3,1,2022,Winter,None,Grocery,Sugar 1kg,42,54,28.57,0,299,100,2,0.84,0.8,3486,4482.0,996.0,83
2022-01-18,18,1,3,1,2022,Winter,None,Electronics,Earphones Boat,350,599,71.14,15,79,20,5,7.0,0.98,27650,40222.85,12572.85,79
2022-01-19,19,2,3,1,2022,Winter,None,FMCG,Kite + String,25,55,120.0,0,970,300,2,0.5,0.76,275,605.0,330.0,11
2022-01-19,19,2,3,1,2022,Winter,None,Grocery,Wheat Flour 10kg,320,385,20.31,0,137,40,3,6.4,0.78,23680,28490.0,4810.0,74
2022-01-19,19,2,3,1,2022,Winter,None,Stationery,Pencil Box,35,55,57.14,20,121,80,3,0.7,0.84,1995,2508.0,513.0,57
2022-01-19,19,2,3,1,2022,Winter,None,Grocery,Eid Special Dates,280,450,60.71,15,129,40,4,5.6,0.77,23800,32512.5,8712.5,85
2022-01-19,19,2,3,1,2022,Winter,None,Grocery,Dal Toor 1kg,95,118,24.21,0,206,80,3,1.9,0.76,1425,1770.0,345.0,15
2022-01-19,19,2,3,1,2022,Winter,None,Agriculture,Wheat Seeds 1kg,65,95,46.15,0,90,30,5,1.3,0.9,1755,2565.0,810.0,27
2022-01-19,19,2,3,1,2022,Winter,None,FMCG,Shampoo Head&Shoulders,85,115,35.29,10,211,80,4,1.7,0.93,3145,3829.5,684.5,37
2022-01-20,20,3,3,1,2022,Winter,None,FMCG,Soap Lux,22,32,45.45,0,534,150,3,0.44,0.82,2200,3200.0,1000.0,100
2022-01-20,20,3,3,1,2022,Winter,None,FMCG,Detergent Surf 1kg,95,125,31.58,15,443,90,3,1.9,0.95,2755,3081.25,326.25,29
2022-01-20,20,3,3,1,2022,Winter,None,Fashion,Jeans Men,450,899,99.78,0,58,20,6,9.0,0.96,15300,30566.0,15266.0,34
2022-01-20,20,3,3,1,2022,Winter,None,FMCG,Biscuit Parle-G,8,12,50.0,10,779,200,2,0.16,0.93,208,280.8,72.8,26
2022-01-21,21,4,3,1,2022,Winter,None,FMCG,Kite + String,25,55,120.0,0,516,300,2,0.5,0.83,1950,4290.0,2340.0,78
2022-01-21,21,4,3,1,2022,Winter,None,Agriculture,Wheat Seeds 1kg,65,95,46.15,0,85,30,5,1.3,0.75,5720,8360.0,2640.0,88
2022-01-21,21,4,3,1,2022,Winter,None,Stationery,Notebook A4,28,45,60.71,10,375,100,3,0.56,0.93,1232,1782.0,550.0,44
2022-01-21,21,4,3,1,2022,Winter,None,Grocery,Salt 1kg,18,25,38.89,5,423,120,2,0.36,0.78,1692,2232.5,540.5,94
2022-01-21,21,4,3,1,2022,Winter,None,FMCG,Diya Set 12pc,48,95,97.92,20,238,150,2,0.96,0.78,2304,3648.0,1344.0,48
2022-01-22,22,5,3,1,2022,Winter,None,Electronics,Power Bank 10000mAh,650,1099,69.08,0,66,15,6,13.0,0.78,65000,109900.0,44900.0,100
2022-01-22,22,5,3,1,2022,Winter,None,Agriculture,Pesticide 500ml,180,245,36.11,0,86,20,5,3.6,0.98,12420,16905.0,4485.0,69
2022-01-22,22,5,3,1,2022,Winter,None,Stationery,Pen Blue Pack 10,25,40,60.0,0,700,200,2,0.5,0.87,1350,2160.0,810.0,54
2022-01-22,22,5,3,1,2022,Winter,None,Fashion,Kurta Women,280,549,96.07,0,82,20,5,5.6,0.83,44800,87840.0,43040.0,160
2022-01-22,22,5,3,1,2022,Winter,None,Grocery,Wheat Flour 10kg,320,385,20.31,0,143,40,3,6.4,0.91,8320,10010.0,1690.0,26
2022-01-22,22,5,3,1,2022,Winter,None,FMCG,Puja Thali Set,125,245,96.0,0,191,50,3,2.5,0.86,14500,28420.0,13920.0,116
2022-01-23,23,6,3,1,2022,Winter,Makar Sankranti,FMCG,Dandiya Sticks,40,85,112.5,15,960,200,2,0.8,0.86,3000,5418.75,2418.75,75
2022-01-23,23,6,3,1,2022,Winter,Makar Sankranti,Fashion,Kurta Women,280,549,96.07,20,81,20,5,5.6,0.78,28840,45237.6,16397.6,103
2022-01-23,23,6,3,1,2022,Winter,Makar Sankranti,Fashion,Shoes Casual,350,699,99.71,10,37,25,6,7.0,0.95,110250,198166.5,87916.5,315
2022-01-23,23,6,3,1,2022,Winter,Makar Sankranti,Agriculture,Pesticide 500ml,180,245,36.11,0,58,20,5,3.6,0.7,17460,23765.0,6305.0,97
2022-01-23,23,6,3,1,2022,Winter,Makar Sankranti,Electronics,Fan Table,850,1350,58.82,10,11,8,7,17.0,0.87,49300,70470.0,21170.0,58
2022-01-23,23,6,3,1,2022,Winter,Makar Sankranti,Fashion,Jeans Men,450,899,99.78,15,82,20,6,9.0,0.73,41850,71065.95,29215.95,93
2022-01-24,24,0,4,1,2022,Winter,None,Grocery,Eid Special Dates,280,450,60.71,0,104,40,4,5.6,0.98,12880,20700.0,7820.0,46
2022-01-24,24,0,4,1,2022,Winter,None,Fashion,T-Shirt Men,180,349,93.89,5,81,30,5,3.6,0.85,6840,12598.9,5758.9,38
2022-01-24,24,0,4,1,2022,Winter,None,FMCG,Gulal Colors Set,35,75,114.29,10,776,200,2,0.7,0.98,385,742.5,357.5,11
2022-01-25,25,1,4,1,2022,Winter,None,Electronics,Power Bank 10000mAh,650,1099,69.08,10,39,15,6,13.0,0.84,30550,46487.7,15937.7,47
2022-01-25,25,1,4,1,2022,Winter,None,FMCG,Soap Lux,22,32,45.45,5,589,150,3,0.44,0.79,1298,1793.6,495.6,59
2022-01-25,25,1,4,1,2022,Winter,None,FMCG,Dandiya Sticks,40,85,112.5,10,957,200,2,0.8,0.73,600,1147.5,547.5,15
2022-01-26,26,2,4,1,2022,Winter,Makar Sankranti,Electronics,Earphones Boat,350,599,71.14,0,96,20,5,7.0,0.84,3850,6589.0,2739.0,11
2022-01-26,26,2,4,1,2022,Winter,Makar Sankranti,Electronics,LED Bulb 9W,48,85,77.08,0,112,40,4,0.96,0.91,3456,6120.0,2664.0,72
2022-01-26,26,2,4,1,2022,Winter,Makar Sankranti,Grocery,Dal Toor 1kg,95,118,24.21,5,215,80,3,1.9,0.94,3515,4147.7,632.7,37
2022-01-26,26,2,4,1,2022,Winter,Makar Sankranti,FMCG,Detergent Surf 1kg,95,125,31.58,15,191,90,3,1.9,0.83,17385,19443.75,2058.75,183
2022-01-27,27,3,4,1,2022,Winter,None,Electronics,USB Cable,45,89,97.78,10,162,50,4,0.9,0.74,5220,9291.6,4071.6,116
2022-01-27,27,3,4,1,2022,Winter,None,FMCG,Toothpaste Colgate,55,75,36.36,15,239,100,3,1.1,0.85,3025,3506.25,481.25,55
2022-01-27,27,3,4,1,2022,Winter,None,Electronics,Fan Table,850,1350,58.82,5,10,8,7,17.0,0.97,55250,83362.5,28112.5,65
2022-01-27,27,3,4,1,2022,Winter,None,Grocery,Eid Special Dates,280,450,60.71,15,46,40,4,5.6,0.73,18760,25627.5,6867.5,67
2022-01-27,27,3,4,1,2022,Winter,None,Grocery,Salt 1kg,18,25,38.89,15,130,120,2,0.36,1.0,2034,2401.25,367.25,113
2022-01-27,27,3,4,1,2022,Winter,None,Grocery,Sugar 1kg,42,54,28.57,15,490,100,2,0.84,0.93,2352,2570.4,218.4,56
2022-01-27,27,3,4,1,2022,Winter,None,FMCG,Detergent Surf 1kg,95,125,31.58,5,232,90,3,1.9,0.75,8550,10687.5,2137.5,90
2022-01-28,28,4,4,1,2022,Winter,None,Agriculture,Wheat Seeds 1kg,65,95,46.15,0,118,30,5,1.3,0.85,1950,2850.0,900.0,30
2022-01-28,28,4,4,1,2022,Winter,None,FMCG,Puja Thali Set,125,245,96.0,15,190,50,3,2.5,0.71,9375,15618.75,6243.75,75
2022-01-28,28,4,4,1,2022,Winter,None,Grocery,Dal Toor 1kg,95,118,24.21,0,139,80,3,1.9,0.99,5320,6608.0,1288.0,56
2022-01-28,28,4,4,1,2022,Winter,None,FMCG,Gulal Colors Set,35,75,114.29,5,201,200,2,0.7,0.9,3290,6697.5,3407.5,94
2022-01-28,28,4,4,1,2022,Winter,None,Fashion,Shoes Casual,350,699,99.71,10,49,25,6,7.0,0.86,38850,69830.1,30980.1,111
2022-01-28,28,4,4,1,2022,Winter,None,Stationery,Eraser Pack,12,20,66.67,10,202,150,2,0.24,0.76,936,1404.0,468.0,78
2022-01-28,28,4,4,1,2022,Winter,None,Fashion,Kurta Women,280,549,96.07,10,76,20,5,5.6,0.96,12320,21740.4,9420.4,44
2022-01-29,29,5,4,1,2022,Winter,None,FMCG,Soap Lux,22,32,45.45,0,266,150,3,0.44,0.84,1342,1952.0,610.0,61
2022-01-29,29,5,4,1,2022,Winter,None,Grocery,Wheat Flour 10kg,320,385,20.31,0,114,40,3,6.4,0.85,13760,16555.0,2795.0,43
2022-01-29,29,5,4,1,2022,Winter,None,Electronics,Power Bank 10000mAh,650,1099,69.08,0,45,15,6,13.0,0.77,72150,121989.0,49839.0,111
2022-01-29,29,5,4,1,2022,Winter,None,FMCG,Detergent Surf 1kg,95,125,31.58,10,396,90,3,1.9,0.85,3230,3825.0,595.0,34
2022-01-29,29,5,4,1,2022,Winter,None,Fashion,Jeans Men,450,899,99.78,0,73,20,6,9.0,0.8,12150,24273.0,12123.0,27
2022-01-29,29,5,4,1,2022,Winter,None,Grocery,Basmati Rice 5kg,180,225,25.0,20,50,50,3,3.6,0.78,20340,20340.0,0.0,113
2022-01-30,30,6,4,1,2022,Winter,None,Grocery,Christmas Cake,180,320,77.78,0,78,30,2,3.6,0.84,27000,48000.0,21000.0,150
2022-01-30,30,6,4,1,2022,Winter,None,FMCG,Puja Thali Set,125,245,96.0,0,111,50,3,2.5,0.87,6625,12985.0,6360.0,53
2022-01-30,30,6,4,1,2022,Winter,None,FMCG,Toothpaste Colgate,55,75,36.36,0,481,100,3,1.1,0.84,3960,5400.0,1440.0,72
2022-01-30,30,6,4,1,2022,Winter,None,Agriculture,Fertilizer NPK 1kg,125,168,34.4,20,109,25,6,2.5,0.94,10625,11424.0,799.0,85
2022-01-30,30,6,4,1,2022,Winter,None,FMCG,Kite + String,25,55,120.0,15,375,300,2,0.5,0.74,925,1729.75,804.75,37
2022-01-31,31,0,5,1,2022,Winter,None,Fashion,Kurta Women,280,549,96.07,5,53,20,5,5.6,0.8,9800,18254.25,8454.25,35
2022-01-31,31,0,5,1,2022,Winter,None,FMCG,Biscuit Parle-G,8,12,50.0,15,536,200,2,0.16,0.96,552,703.8,151.8,69
2022-01-31,31,0,5,1,2022,Winter,None,Agriculture,Fertilizer NPK 1kg,125,168,34.4,20,65,25,6,2.5,0.89,11250,12096.0,846.0,90
2022-01-31,31,0,5,1,2022,Winter,None,Grocery,Eid Special Dates,280,450,60.71,20,49,40,4,5.6,0.89,29960,38520.0,8560.0,107
2022-01-31,31,0,5,1,2022,Winter,None,FMCG,Crackers Box,200,380,90.0,0,482,100,3,4.0,0.73,11600,22040.0,10440.0,58
2022-01-31,31,0,5,1,2022,Winter,None,Agriculture,Pesticide 500ml,180,245,36.11,0,58,20,5,3.6,0.97,3780,5145.0,1365.0,21
2022-01-31,31,0,5,1,2022,Winter,None,Grocery,Basmati Rice 5kg,180,225,25.0,0,125,50,3,3.6,0.81,12960,16200.0,3240.0,72
2022-02-01,1,1,5,2,2022,Winter,Valentine's Day,FMCG,Toothpaste Colgate,55,75,36.36,10,398,100,3,1.1,0.74,3685,4522.5,837.5,67
2022-02-01,1,1,5,2,2022,Winter,Valentine's Day,Electronics,Power Bank 10000mAh,650,1099,69.08,5,57,15,6,13.0,0.7,48750,78303.75,29553.75,75
2022-02-01,1,1,5,2,2022,Winter,Valentine's Day,FMCG,Crackers Box,200,380,90.0,20,446,100,3,4.0,0.86,28400,43168.0,14768.0,142
2022-02-01,1,1,5,2,2022,Winter,Valentine's Day,Stationery,Eraser Pack,12,20,66.67,0,456,150,2,0.24,0.89,1512,2520.0,1008.0,126
2022-02-01,1,1,5,2,2022,Winter,Valentine's Day,FMCG,Cold Drink 500ml,20,30,50.0,5,509,200,2,0.4,0.76,1380,1966.5,586.5,69
2022-02-01,1,1,5,2,2022,Winter,Valentine's Day,FMCG,Detergent Surf 1kg,95,125,31.58,5,285,90,3,1.9,0.87,10070,12587.5,2517.5,106
2022-02-02,2,2,5,2,2022,Winter,None,Fashion,T-Shirt Men,180,349,93.89,15,145,30,5,3.6,0.79,24840,40937.7,16097.7,138
2022-02-02,2,2,5,2,2022,Winter,None,Grocery,Christmas Cake,180,320,77.78,20,75,30,2,3.6,0.77,8820,12544.0,3724.0,49
2022-02-02,2,2,5,2,2022,Winter,None,Grocery,Wheat Flour 10kg,320,385,20.31,0,75,40,3,6.4,0.89,17600,21175.0,3575.0,55
2022-02-02,2,2,5,2,2022,Winter,None,Stationery,Pencil Box,35,55,57.14,15,305,80,3,0.7,0.71,350,467.5,117.5,10
2022-02-02,2,2,5,2,2022,Winter,None,Electronics,Fan Table,850,1350,58.82,0,26,8,7,17.0,0.8,18700,29700.0,11000.0,22
2022-02-02,2,2,5,2,2022,Winter,None,Grocery,Basmati Rice 5kg,180,225,25.0,5,188,50,3,3.6,0.96,5940,7053.75,1113.75,33
2022-02-02,2,2,5,2,2022,Winter,None,Grocery,Sugar 1kg,42,54,28.57,0,239,100,2,0.84,0.95,4200,5400.0,1200.0,100
2022-02-03,3,3,5,2,2022,Winter,None,FMCG,Gulal Colors Set,35,75,114.29,0,941,200,2,0.7,0.9,1575,3375.0,1800.0,45
2022-02-03,3,3,5,2,2022,Winter,None,Fashion,T-Shirt Men,180,349,93.89,5,131,30,5,3.6,0.82,23220,42769.95,19549.95,129
2022-02-03,3,3,5,2,2022,Winter,None,Fashion,Kurta Women,280,549,96.07,0,67,20,5,5.6,0.9,31080,60939.0,29859.0,111
2022-02-03,3,3,5,2,2022,Winter,None,FMCG,Soap Lux,22,32,45.45,15,530,150,3,0.44,0.73,1034,1278.4,244.4,47
2022-02-03,3,3,5,2,2022,Winter,None,Agriculture,Pesticide 500ml,180,245,36.11,0,91,20,5,3.6,0.8,12240,16660.0,4420.0,68
2022-02-04,4,4,5,2,2022,Winter,Valentine's Day,Electronics,USB Cable,45,89,97.78,0,110,50,4,0.9,0.97,5355,10591.0,5236.0,119
2022-02-04,4,4,5,2,2022,Winter,Valentine's Day,Grocery,Salt 1kg,18,25,38.89,0,463,120,2,0.36,0.98,2124,2950.0,826.0,118
2022-02-04,4,4,5,2,2022,Winter,Valentine's Day,Agriculture,Pesticide 500ml,180,245,36.11,15,39,20,5,3.6,0.97,26640,30821.0,4181.0,148
2022-02-04,4,4,5,2,2022,Winter,Valentine's Day,Fashion,Jeans Men,450,899,99.78,15,98,20,6,9.0,0.82,24750,42028.25,17278.25,55
2022-02-04,4,4,5,2,2022,Winter,Valentine's Day,Stationery,Eraser Pack,12,20,66.67,0,372,150,2,0.24,0.83,204,340.0,136.0,17
2022-02-04,4,4,5,2,2022,Winter,Valentine's Day,FMCG,Soap Lux,22,32,45.45,0,526,150,3,0.44,0.86,1804,2624.0,820.0,82
2022-02-04,4,4,5,2,2022,Winter,Valentine's Day,FMCG,Shampoo Head&Shoulders,85,115,35.29,15,221,80,4,1.7,0.76,6715,7722.25,1007.25,79
2022-02-05,5,5,5,2,2022,Winter,None,Agriculture,Pesticide 500ml,180,245,36.11,10,62,20,5,3.6,0.77,1620,1984.5,364.5,9
2022-02-05,5,5,5,2,2022,Winter,None,Grocery,Dal Toor 1kg,95,118,24.21,0,363,80,3,1.9,0.76,11685,14514.0,2829.0,123
2022-02-05,5,5,5,2,2022,Winter,None,Electronics,Earphones Boat,350,599,71.14,0,38,20,5,7.0,0.94,18550,31747.0,13197.0,53
2022-02-06,6,6,5,2,2022,Winter,None,Grocery,Basmati Rice 5kg,180,225,25.0,0,110,50,3,3.6,0.88,5400,6750.0,1350.0,30
2022-02-06,6,6,5,2,2022,Winter,None,Electronics,Fan Table,850,1350,58.82,0,16,8,7,17.0,0.92,34850,55350.0,20500.0,41
2022-02-06,6,6,5,2,2022,Winter,None,FMCG,Toothpaste Colgate,55,75,36.36,10,343,100,3,1.1,0.83,1760,2160.0,400.0,32
2022-02-06,6,6,5,2,2022,Winter,None,FMCG,Shampoo Head&Shoulders,85,115,35.29,0,311,80,4,1.7,0.85,9605,12995.0,3390.0,113
2022-02-06,6,6,5,2,2022,Winter,None,Electronics,LED Bulb 9W,48,85,77.08,10,173,40,4,0.96,0.79,864,1377.0,513.0,18
2022-02-06,6,6,5,2,2022,Winter,None,FMCG,Cold Drink 500ml,20,30,50.0,15,690,200,2,0.4,0.95,200,255.0,55.0,10
2022-02-06,6,6,5,2,2022,Winter,None,FMCG,Soap Lux,22,32,45.45,5,604,150,3,0.44,0.72,594,820.8,226.8,27
2022-02-07,7,0,6,2,2022,Winter,Valentine's Day,Fashion,Saree Cotton,350,699,99.71,5,47,15,7,7.0,0.88,66500,126169.5,59669.5,190
2022-02-07,7,0,6,2,2022,Winter,Valentine's Day,FMCG,Toothpaste Colgate,55,75,36.36,0,433,100,3,1.1,0.96,2255,3075.0,820.0,41
2022-02-07,7,0,6,2,2022,Winter,Valentine's Day,Grocery,Salt 1kg,18,25,38.89,10,574,120,2,0.36,0.77,1242,1552.5,310.5,69
2022-02-08,8,1,6,2,2022,Winter,None,Agriculture,Pesticide 500ml,180,245,36.11,15,39,20,5,3.6,0.91,8100,9371.25,1271.25,45
2022-02-08,8,1,6,2,2022,Winter,None,Stationery,Pencil Box,35,55,57.14,5,123,80,3,0.7,0.73,385,574.75,189.75,11
2022-02-08,8,1,6,2,2022,Winter,None,Stationery,Eraser Pack,12,20,66.67,0,719,150,2,0.24,0.72,768,1280.0,512.0,64
2022-02-08,8,1,6,2,2022,Winter,None,FMCG,Biscuit Parle-G,8,12,50.0,10,325,200,2,0.16,0.82,672,907.2,235.2,84
2022-02-08,8,1,6,2,2022,Winter,None,Fashion,Saree Cotton,350,699,99.71,20,61,15,7,7.0,0.72,42350,67663.2,25313.2,121
2022-02-09,9,2,6,2,2022,Winter,Valentine's Day,Fashion,Jeans Men,450,899,99.78,0,91,20,6,9.0,0.81,21600,43152.0,21552.0,48
2022-02-09,9,2,6,2,2022,Winter,Valentine's Day,Fashion,Shoes Casual,350,699,99.71,20,79,25,6,7.0,0.95,41300,65985.6,24685.6,118
2022-02-09,9,2,6,2,2022,Winter,Valentine's Day,FMCG,Biscuit Parle-G,8,12,50.0,20,873,200,2,0.16,0.95,944,1132.8,188.8,118
2022-02-09,9,2,6,2,2022,Winter,Valentine's Day,Grocery,Eid Special Dates,280,450,60.71,0,119,40,4,5.6,0.98,4200,6750.0,2550.0,15
2022-02-09,9,2,6,2,2022,Winter,Valentine's Day,FMCG,Diya Set 12pc,48,95,97.92,0,296,150,2,0.96,0.87,384,760.0,376.0,8
2022-02-10,10,3,6,2,2022,Winter,None,Grocery,Salt 1kg,18,25,38.89,5,279,120,2,0.36,0.92,1026,1353.75,327.75,57
2022-02-10,10,3,6,2,2022,Winter,None,FMCG,Toothpaste Colgate,55,75,36.36,20,126,100,3,1.1,0.75,5225,5700.0,475.0,95
2022-02-10,10,3,6,2,2022,Winter,None,Grocery,Wheat Flour 10kg,320,385,20.31,20,109,40,3,6.4,0.83,5120,4928.0,-192.0,16
2022-02-10,10,3,6,2,2022,Winter,None,Grocery,Dal Toor 1kg,95,118,24.21,5,292,80,3,1.9,0.78,9215,10873.7,1658.7,97
2022-02-10,10,3,6,2,2022,Winter,None,FMCG,Crackers Box,200,380,90.0,20,320,100,3,4.0,0.73,14200,21584.0,7384.0,71
2022-02-10,10,3,6,2,2022,Winter,None,Electronics,Earphones Boat,350,599,71.14,15,59,20,5,7.0,0.71,36050,52442.45,16392.45,103
2022-02-11,11,4,6,2,2022,Winter,None,Grocery,Sugar 1kg,42,54,28.57,0,354,100,2,0.84,0.92,2268,2916.0,648.0,54
2022-02-11,11,4,6,2,2022,Winter,None,Grocery,Basmati Rice 5kg,180,225,25.0,0,230,50,3,3.6,0.77,4860,6075.0,1215.0,27
2022-02-11,11,4,6,2,2022,Winter,None,Electronics,Earphones Boat,350,599,71.14,10,25,20,5,7.0,0.83,18550,28572.3,10022.3,53
2022-02-11,11,4,6,2,2022,Winter,None,Fashion,Jeans Men,450,899,99.78,5,93,20,6,9.0,0.83,12600,23913.4,11313.4,28
2022-02-11,11,4,6,2,2022,Winter,None,FMCG,Dandiya Sticks,40,85,112.5,5,614,200,2,0.8,0.71,2520,5087.25,2567.25,63
2022-02-11,11,4,6,2,2022,Winter,None,FMCG,Shampoo Head&Shoulders,85,115,35.29,0,396,80,4,1.7,0.84,2890,3910.0,1020.0,34
2022-02-12,12,5,6,2,2022,Winter,Valentine's Day,Stationery,Notebook A4,28,45,60.71,15,498,100,3,0.56,0.75,2716,3710.25,994.25,97
2022-02-12,12,5,6,2,2022,Winter,Valentine's Day,Grocery,Dal Toor 1kg,95,118,24.21,10,179,80,3,1.9,0.97,5320,5947.2,627.2,56
2022-02-12,12,5,6,2,2022,Winter,Valentine's Day,Agriculture,Wheat Seeds 1kg,65,95,46.15,0,134,30,5,1.3,0.89,9360,13680.0,4320.0,144
2022-02-12,12,5,6,2,2022,Winter,Valentine's Day,FMCG,Biscuit Parle-G,8,12,50.0,0,462,200,2,0.16,0.76,584,876.0,292.0,73
2022-02-12,12,5,6,2,2022,Winter,Valentine's Day,Electronics,Power Bank 10000mAh,650,1099,69.08,10,56,15,6,13.0,0.72,46150,70226.1,24076.1,71
2022-02-12,12,5,6,2,2022,Winter,Valentine's Day,FMCG,Dandiya Sticks,40,85,112.5,20,777,200,2,0.8,0.93,6680,11356.0,4676.0,167
2022-02-12,12,5,6,2,2022,Winter,Valentine's Day,Stationery,Pencil Box,35,55,57.14,5,399,80,3,0.7,0.8,6510,9718.5,3208.5,186
2022-02-12,12,5,6,2,2022,Winter,Valentine's Day,Electronics,LED Bulb 9W,48,85,77.08,15,57,40,4,0.96,0.84,4992,7514.0,2522.0,104
2022-02-13,13,6,6,2,2022,Winter,None,Fashion,Jeans Men,450,899,99.78,0,29,20,6,9.0,0.89,61650,123163.0,61513.0,137
2022-02-13,13,6,6,2,2022,Winter,None,Electronics,Fan Table,850,1350,58.82,20,40,8,7,17.0,0.82,23800,30240.0,6440.0,28
2022-02-13,13,6,6,2,2022,Winter,None,Grocery,Sugar 1kg,42,54,28.57,10,478,100,2,0.84,0.97,6762,7824.6,1062.6,161
2022-02-13,13,6,6,2,2022,Winter,None,Fashion,Shoes Casual,350,699,99.71,5,66,25,6,7.0,0.88,67550,128161.65,60611.65,193
2022-02-13,13,6,6,2,2022,Winter,None,FMCG,Diya Set 12pc,48,95,97.92,10,611,150,2,0.96,0.73,2112,3762.0,1650.0,44
2022-02-13,13,6,6,2,2022,Winter,None,Grocery,Salt 1kg,18,25,38.89,20,163,120,2,0.36,0.85,1872,2080.0,208.0,104
2022-02-13,13,6,6,2,2022,Winter,None,Grocery,Christmas Cake,180,320,77.78,0,86,30,2,3.6,1.0,2880,5120.0,2240.0,16
2022-02-13,13,6,6,2,2022,Winter,None,Electronics,USB Cable,45,89,97.78,10,143,50,4,0.9,0.81,5625,10012.5,4387.5,125
2022-02-14,14,0,7,2,2022,Winter,None,Stationery,Pen Blue Pack 10,25,40,60.0,10,941,200,2,0.5,0.96,1350,1944.0,594.0,54
2022-02-14,14,0,7,2,2022,Winter,None,Stationery,Eraser Pack,12,20,66.67,10,746,150,2,0.24,0.9,288,432.0,144.0,24
2022-02-14,14,0,7,2,2022,Winter,None,Fashion,Kurta Women,280,549,96.07,0,70,20,5,5.6,0.74,26320,51606.0,25286.0,94
2022-02-14,14,0,7,2,2022,Winter,None,Grocery,Sugar 1kg,42,54,28.57,15,292,100,2,0.84,0.89,798,872.1,74.1,19
2022-02-14,14,0,7,2,2022,Winter,None,Grocery,Salt 1kg,18,25,38.89,0,544,120,2,0.36,0.98,558,775.0,217.0,31
2022-02-15,15,1,7,2,2022,Winter,Valentine's Day,FMCG,Crackers Box,200,380,90.0,0,170,100,3,4.0,0.75,22400,42560.0,20160.0,112
2022-02-15,15,1,7,2,2022,Winter,Valentine's Day,Grocery,Dal Toor 1kg,95,118,24.21,0,356,80,3,1.9,0.95,3610,4484.0,874.0,38
2022-02-15,15,1,7,2,2022,Winter,Valentine's Day,Agriculture,Wheat Seeds 1kg,65,95,46.15,10,142,30,5,1.3,0.93,1235,1624.5,389.5,19
2022-02-15,15,1,7,2,2022,Winter,Valentine's Day,FMCG,Diya Set 12pc,48,95,97.92,0,335,150,2,0.96,0.95,4176,8265.0,4089.0,87
2022-02-15,15,1,7,2,2022,Winter,Valentine's Day,Stationery,Notebook A4,28,45,60.71,20,122,100,3,0.56,0.82,1372,1764.0,392.0,49
2022-02-15,15,1,7,2,2022,Winter,Valentine's Day,Grocery,Wheat Flour 10kg,320,385,20.31,15,196,40,3,6.4,0.79,29760,30434.25,674.25,93
2022-02-15,15,1,7,2,2022,Winter,Valentine's Day,Grocery,Christmas Cake,180,320,77.78,15,60,30,2,3.6,0.79,22320,33728.0,11408.0,124
2022-02-15,15,1,7,2,2022,Winter,Valentine's Day,FMCG,Toothpaste Colgate,55,75,36.36,20,199,100,3,1.1,0.81,7920,8640.0,720.0,144
2022-02-16,16,2,7,2,2022,Winter,None,Agriculture,Fertilizer NPK 1kg,125,168,34.4,20,31,25,6,2.5,0.89,4000,4300.8,300.8,32
2022-02-16,16,2,7,2,2022,Winter,None,Agriculture,Pesticide 500ml,180,245,36.11,20,33,20,5,3.6,0.91,12420,13524.0,1104.0,69
2022-02-16,16,2,7,2,2022,Winter,None,Fashion,T-Shirt Men,180,349,93.89,10,127,30,5,3.6,0.75,5760,10051.2,4291.2,32
2022-02-16,16,2,7,2,2022,Winter,None,Stationery,Pen Blue Pack 10,25,40,60.0,5,647,200,2,0.5,0.73,1650,2508.0,858.0,66
2022-02-16,16,2,7,2,2022,Winter,None,FMCG,Diya Set 12pc,48,95,97.92,0,177,150,2,0.96,0.82,4080,8075.0,3995.0,85
2022-02-16,16,2,7,2,2022,Winter,None,Stationery,Eraser Pack,12,20,66.67,5,545,150,2,0.24,1.0,864,1368.0,504.0,72
2022-02-16,16,2,7,2,2022,Winter,None,FMCG,Detergent Surf 1kg,95,125,31.58,0,140,90,3,1.9,0.95,3040,4000.0,960.0,32
2022-02-17,17,3,7,2,2022,Winter,None,Fashion,Kurta Women,280,549,96.07,5,22,20,5,5.6,0.78,2800,5215.5,2415.5,10
2022-02-17,17,3,7,2,2022,Winter,None,FMCG,Toothpaste Colgate,55,75,36.36,20,472,100,3,1.1,0.88,1595,1740.0,145.0,29
2022-02-17,17,3,7,2,2022,Winter,None,FMCG,Shampoo Head&Shoulders,85,115,35.29,5,201,80,4,1.7,0.79,2125,2731.25,606.25,25
2022-02-17,17,3,7,2,2022,Winter,None,Grocery,Sunflower Oil 1L,120,148,23.33,0,263,60,4,2.4,0.89,5640,6956.0,1316.0,47
2022-02-17,17,3,7,2,2022,Winter,None,Fashion,T-Shirt Men,180,349,93.89,0,93,30,5,3.6,0.88,6840,13262.0,6422.0,38
2022-02-17,17,3,7,2,2022,Winter,None,FMCG,Gulal Colors Set,35,75,114.29,0,935,200,2,0.7,0.74,3010,6450.0,3440.0,86
2022-02-17,17,3,7,2,2022,Winter,None,FMCG,Dandiya Sticks,40,85,112.5,5,446,200,2,0.8,0.87,240,484.5,244.5,6
2022-02-17,17,3,7,2,2022,Winter,None,Stationery,Pen Blue Pack 10,25,40,60.0,0,569,200,2,0.5,0.72,400,640.0,240.0,16
2022-02-18,18,4,7,2,2022,Winter,None,FMCG,Kite + String,25,55,120.0,0,1031,300,2,0.5,0.94,1200,2640.0,1440.0,48
2022-02-18,18,4,7,2,2022,Winter,None,FMCG,Diya Set 12pc,48,95,97.92,0,256,150,2,0.96,0.93,2160,4275.0,2115.0,45
2022-02-18,18,4,7,2,2022,Winter,None,Grocery,Eid Special Dates,280,450,60.71,15,130,40,4,5.6,0.86,15680,21420.0,5740.0,56
2022-02-18,18,4,7,2,2022,Winter,None,Grocery,Wheat Flour 10kg,320,385,20.31,20,158,40,3,6.4,0.99,13440,12936.0,-504.0,42
2022-02-18,18,4,7,2,2022,Winter,None,Stationery,Pen Blue Pack 10,25,40,60.0,5,264,200,2,0.5,0.91,850,1292.0,442.0,34
2022-02-18,18,4,7,2,2022,Winter,None,FMCG,Gulal Colors Set,35,75,114.29,5,244,200,2,0.7,0.94,315,641.25,326.25,9
2022-02-18,18,4,7,2,2022,Winter,None,Grocery,Sunflower Oil 1L,120,148,23.33,0,191,60,4,2.4,0.82,8760,10804.0,2044.0,73
2022-02-19,19,5,7,2,2022,Winter,None,FMCG,Gulal Colors Set,35,75,114.29,0,576,200,2,0.7,0.83,1785,3825.0,2040.0,51
2022-02-19,19,5,7,2,2022,Winter,None,Electronics,LED Bulb 9W,48,85,77.08,5,138,40,4,0.96,0.8,5712,9609.25,3897.25,119
2022-02-19,19,5,7,2,2022,Winter,None,Grocery,Sunflower Oil 1L,120,148,23.33,0,154,60,4,2.4,0.98,15960,19684.0,3724.0,133
2022-02-19,19,5,7,2,2022,Winter,None,Electronics,Smartphone Redmi,8500,10999,29.4,10,37,10,7,170.0,0.72,620500,722634.3,102134.3,73
2022-02-19,19,5,7,2,2022,Winter,None,Fashion,T-Shirt Men,180,349,93.89,10,71,30,5,3.6,0.73,11880,20730.6,8850.6,66
2022-02-19,19,5,7,2,2022,Winter,None,Fashion,Shoes Casual,350,699,99.71,0,102,25,6,7.0,0.92,31500,62910.0,31410.0,90
2022-02-19,19,5,7,2,2022,Winter,None,Grocery,Sugar 1kg,42,54,28.57,0,121,100,2,0.84,0.92,4368,5616.0,1248.0,104
2022-02-20,20,6,7,2,2022,Winter,None,Agriculture,Wheat Seeds 1kg,65,95,46.15,20,48,30,5,1.3,0.95,3185,3724.0,539.0,49
2022-02-20,20,6,7,2,2022,Winter,None,Electronics,Fan Table,850,1350,58.82,15,12,8,7,17.0,0.77,70550,95242.5,24692.5,83
2022-02-20,20,6,7,2,2022,Winter,None,Grocery,Sugar 1kg,42,54,28.57,15,390,100,2,0.84,0.71,3654,3993.3,339.3,87
2022-02-20,20,6,7,2,2022,Winter,None,Grocery,Salt 1kg,18,25,38.89,0,310,120,2,0.36,0.83,2394,3325.0,931.0,133
2022-02-20,20,6,7,2,2022,Winter,None,Stationery,Pencil Box,35,55,57.14,0,267,80,3,0.7,0.82,3325,5225.0,1900.0,95
2022-02-21,21,0,8,2,2022,Winter,None,Electronics,Fan Table,850,1350,58.82,0,21,8,7,17.0,1.0,45050,71550.0,26500.0,53
2022-02-21,21,0,8,2,2022,Winter,None,Electronics,Power Bank 10000mAh,650,1099,69.08,0,23,15,6,13.0,0.96,49400,83524.0,34124.0,76
2022-02-21,21,0,8,2,2022,Winter,None,FMCG,Soap Lux,22,32,45.45,5,605,150,3,0.44,1.0,814,1124.8,310.8,37
2022-02-21,21,0,8,2,2022,Winter,None,Grocery,Wheat Flour 10kg,320,385,20.31,20,56,40,3,6.4,0.86,21440,20636.0,-804.0,67
2022-02-21,21,0,8,2,2022,Winter,None,FMCG,Cold Drink 500ml,20,30,50.0,0,928,200,2,0.4,0.91,1160,1740.0,580.0,58
2022-02-21,21,0,8,2,2022,Winter,None,FMCG,Puja Thali Set,125,245,96.0,15,180,50,3,2.5,0.77,4500,7497.0,2997.0,36
2022-02-21,21,0,8,2,2022,Winter,None,Stationery,Pen Blue Pack 10,25,40,60.0,0,705,200,2,0.5,0.71,525,840.0,315.0,21
2022-02-21,21,0,8,2,2022,Winter,None,Agriculture,Pesticide 500ml,180,245,36.11,10,90,20,5,3.6,0.74,17280,21168.0,3888.0,96
2022-02-22,22,1,8,2,2022,Winter,None,Grocery,Salt 1kg,18,25,38.89,15,513,120,2,0.36,0.82,1674,1976.25,302.25,93
2022-02-22,22,1,8,2,2022,Winter,None,Fashion,Jeans Men,450,899,99.78,10,60,20,6,9.0,0.89,9450,16991.1,7541.1,21
2022-02-22,22,1,8,2,2022,Winter,None,Stationery,Pencil Box,35,55,57.14,5,256,80,3,0.7,0.74,2625,3918.75,1293.75,75
2022-02-23,23,2,8,2,2022,Winter,None,Grocery,Christmas Cake,180,320,77.78,0,149,30,2,3.6,0.91,5580,9920.0,4340.0,31
2022-02-23,23,2,8,2,2022,Winter,None,FMCG,Cold Drink 500ml,20,30,50.0,0,280,200,2,0.4,0.78,1960,2940.0,980.0,98
2022-02-23,23,2,8,2,2022,Winter,None,FMCG,Shampoo Head&Shoulders,85,115,35.29,15,400,80,4,1.7,0.79,6885,7917.75,1032.75,81
2022-02-23,23,2,8,2,2022,Winter,None,Agriculture,Wheat Seeds 1kg,65,95,46.15,10,51,30,5,1.3,0.88,1300,1710.0,410.0,20
2022-02-23,23,2,8,2,2022,Winter,None,FMCG,Diya Set 12pc,48,95,97.92,10,495,150,2,0.96,0.95,1200,2137.5,937.5,25
2022-02-23,23,2,8,2,2022,Winter,None,Grocery,Sugar 1kg,42,54,28.57,10,114,100,2,0.84,0.72,630,729.0,99.0,15
2022-02-23,23,2,8,2,2022,Winter,None,FMCG,Soap Lux,22,32,45.45,15,365,150,3,0.44,0.93,1848,2284.8,436.8,84
2022-02-24,24,3,8,2,2022,Winter,Valentine's Day,Grocery,Wheat Flour 10kg,320,385,20.31,0,55,40,3,6.4,0.75,37440,45045.0,7605.0,117
2022-02-24,24,3,8,2,2022,Winter,Valentine's Day,FMCG,Puja Thali Set,125,245,96.0,5,137,50,3,2.5,0.88,15500,28861.0,13361.0,124
2022-02-24,24,3,8,2,2022,Winter,Valentine's Day,FMCG,Kite + String,25,55,120.0,0,1007,300,2,0.5,0.99,2350,5170.0,2820.0,94
2022-02-24,24,3,8,2,2022,Winter,Valentine's Day,Fashion,T-Shirt Men,180,349,93.89,0,43,30,5,3.6,0.8,27000,52350.0,25350.0,150
2022-02-24,24,3,8,2,2022,Winter,Valentine's Day,Fashion,Jeans Men,450,899,99.78,5,51,20,6,9.0,0.74,23400,44410.6,21010.6,52
2022-02-24,24,3,8,2,2022,Winter,Valentine's Day,FMCG,Gulal Colors Set,35,75,114.29,0,830,200,2,0.7,0.83,3325,7125.0,3800.0,95
2022-02-25,25,4,8,2,2022,Winter,None,Fashion,Saree Cotton,350,699,99.71,10,34,15,7,7.0,0.85,40250,72346.5,32096.5,115
2022-02-25,25,4,8,2,2022,Winter,None,Grocery,Eid Special Dates,280,450,60.71,0,101,40,4,5.6,0.76,21560,34650.0,13090.0,77
2022-02-25,25,4,8,2,2022,Winter,None,Electronics,Smartphone Redmi,8500,10999,29.4,0,41,10,7,170.0,0.88,93500,120989.0,27489.0,11
2022-02-25,25,4,8,2,2022,Winter,None,FMCG,Detergent Surf 1kg,95,125,31.58,20,94,90,3,1.9,0.95,6745,7100.0,355.0,71
2022-02-26,26,5,8,2,2022,Winter,None,FMCG,Shampoo Head&Shoulders,85,115,35.29,10,363,80,4,1.7,0.79,8840,10764.0,1924.0,104
2022-02-26,26,5,8,2,2022,Winter,None,Electronics,LED Bulb 9W,48,85,77.08,5,180,40,4,0.96,0.78,5472,9205.5,3733.5,114
2022-02-26,26,5,8,2,2022,Winter,None,Stationery,Notebook A4,28,45,60.71,10,149,100,3,0.56,0.82,672,972.0,300.0,24
2022-02-26,26,5,8,2,2022,Winter,None,Stationery,Pencil Box,35,55,57.14,20,267,80,3,0.7,0.93,2450,3080.0,630.0,70
2022-02-26,26,5,8,2,2022,Winter,None,FMCG,Dandiya Sticks,40,85,112.5,0,241,200,2,0.8,0.71,4160,8840.0,4680.0,104
2022-02-26,26,5,8,2,2022,Winter,None,Grocery,Sunflower Oil 1L,120,148,23.33,0,192,60,4,2.4,0.84,11400,14060.0,2660.0,95
2022-02-27,27,6,8,2,2022,Winter,None,FMCG,Diya Set 12pc,48,95,97.92,10,726,150,2,0.96,0.79,5280,9405.0,4125.0,110
2022-02-27,27,6,8,2,2022,Winter,None,FMCG,Shampoo Head&Shoulders,85,115,35.29,20,136,80,4,1.7,0.99,850,920.0,70.0,10
2022-02-27,27,6,8,2,2022,Winter,None,Fashion,Saree Cotton,350,699,99.71,10,61,15,7,7.0,0.96,40250,72346.5,32096.5,115
2022-02-27,27,6,8,2,2022,Winter,None,FMCG,Dandiya Sticks,40,85,112.5,15,471,200,2,0.8,0.99,480,867.0,387.0,12
2022-02-27,27,6,8,2,2022,Winter,None,FMCG,Detergent Surf 1kg,95,125,31.58,20,116,90,3,1.9,0.88,12065,12700.0,635.0,127
2022-02-27,27,6,8,2,2022,Winter,None,Stationery,Pencil Box,35,55,57.14,0,397,80,3,0.7,0.93,3780,5940.0,2160.0,108
2022-02-27,27,6,8,2,2022,Winter,None,Fashion,Jeans Men,450,899,99.78,5,51,20,6,9.0,0.71,27000,51243.0,24243.0,60
2022-02-28,28,0,9,2,2022,Winter,None,FMCG,Soap Lux,22,32,45.45,5,632,150,3,0.44,0.96,2002,2766.4,764.4,91
2022-02-28,28,0,9,2,2022,Winter,None,Electronics,Smartphone Redmi,8500,10999,29.4,15,43,10,7,170.0,0.76,136000,149586.4,13586.4,16
2022-02-28,28,0,9,2,2022,Winter,None,Grocery,Wheat Flour 10kg,320,385,20.31,0,120,40,3,6.4,0.99,29760,35805.0,6045.0,93
2022-02-28,28,0,9,2,2022,Winter,None,Agriculture,Fertilizer NPK 1kg,125,168,34.4,5,70,25,6,2.5,0.9,11000,14044.8,3044.8,88
2022-02-28,28,0,9,2,2022,Winter,None,Fashion,Saree Cotton,350,699,99.71,20,27,15,7,7.0,0.99,24850,39703.2,14853.2,71
2022-02-28,28,0,9,2,2022,Winter,None,Stationery,Eraser Pack,12,20,66.67,0,454,150,2,0.24,0.93,912,1520.0,608.0,76
2022-02-28,28,0,9,2,2022,Winter,None,FMCG,Toothpaste Colgate,55,75,36.36,15,350,100,3,1.1,0.8,2200,2550.0,350.0,40
2022-02-28,28,0,9,2,2022,Winter,None,Electronics,Earphones Boat,350,599,71.14,0,55,20,5,7.0,0.79,40250,68885.0,28635.0,115
2022-03-01,1,1,9,3,2022,Summer,Holi,FMCG,Kite + String,25,55,120.0,0,1281,300,2,0.5,0.76,8500,18700.0,10200.0,340
2022-03-01,1,1,9,3,2022,Summer,Holi,Stationery,Pen Blue Pack 10,25,40,60.0,20,775,200,2,0.5,0.91,1650,2112.0,462.0,66
2022-03-01,1,1,9,3,2022,Summer,Holi,Stationery,Pencil Box,35,55,57.14,0,380,80,3,0.7,0.77,630,990.0,360.0,18
2022-03-01,1,1,9,3,2022,Summer,Holi,Fashion,Shoes Casual,350,699,99.71,0,54,25,6,7.0,0.72,53550,106947.0,53397.0,153
2022-03-01,1,1,9,3,2022,Summer,Holi,FMCG,Toothpaste Colgate,55,75,36.36,5,151,100,3,1.1,0.9,14740,19095.0,4355.0,268
2022-03-01,1,1,9,3,2022,Summer,Holi,Fashion,T-Shirt Men,180,349,93.89,0,148,30,5,3.6,0.75,2520,4886.0,2366.0,14
2022-03-01,1,1,9,3,2022,Summer,Holi,Grocery,Sunflower Oil 1L,120,148,23.33,15,111,60,4,2.4,0.93,15000,15725.0,725.0,125
2022-03-02,2,2,9,3,2022,Summer,Holi,Fashion,Saree Cotton,350,699,99.71,0,26,15,7,7.0,0.98,56000,111840.0,55840.0,160
2022-03-02,2,2,9,3,2022,Summer,Holi,Fashion,T-Shirt Men,180,349,93.89,0,53,30,5,3.6,0.98,26460,51303.0,24843.0,147
2022-03-02,2,2,9,3,2022,Summer,Holi,Grocery,Sugar 1kg,42,54,28.57,20,104,100,2,0.84,0.79,3948,4060.8,112.8,94
2022-03-02,2,2,9,3,2022,Summer,Holi,Grocery,Dal Toor 1kg,95,118,24.21,10,251,80,3,1.9,0.79,3895,4354.2,459.2,41
2022-03-02,2,2,9,3,2022,Summer,Holi,Grocery,Eid Special Dates,280,450,60.71,15,74,40,4,5.6,0.96,40600,55462.5,14862.5,145
2022-03-03,3,3,9,3,2022,Summer,None,Electronics,Fan Table,850,1350,58.82,15,29,8,7,17.0,0.94,26350,35572.5,9222.5,31
2022-03-03,3,3,9,3,2022,Summer,None,Electronics,Smartphone Redmi,8500,10999,29.4,10,50,10,7,170.0,0.97,297500,346468.5,48968.5,35
2022-03-03,3,3,9,3,2022,Summer,None,FMCG,Soap Lux,22,32,45.45,20,238,150,3,0.44,0.82,1958,2278.4,320.4,89
2022-03-03,3,3,9,3,2022,Summer,None,Fashion,Kurta Women,280,549,96.07,0,81,20,5,5.6,0.8,11200,21960.0,10760.0,40
2022-03-03,3,3,9,3,2022,Summer,None,FMCG,Detergent Surf 1kg,95,125,31.58,0,210,90,3,1.9,0.83,570,750.0,180.0,6
2022-03-03,3,3,9,3,2022,Summer,None,Agriculture,Pesticide 500ml,180,245,36.11,0,93,20,5,3.6,0.7,9180,12495.0,3315.0,51
2022-03-04,4,4,9,3,2022,Summer,None,Stationery,Notebook A4,28,45,60.71,15,427,100,3,0.56,0.97,1316,1797.75,481.75,47
2022-03-04,4,4,9,3,2022,Summer,None,Electronics,Power Bank 10000mAh,650,1099,69.08,0,29,15,6,13.0,0.99,49400,83524.0,34124.0,76
2022-03-04,4,4,9,3,2022,Summer,None,Grocery,Sugar 1kg,42,54,28.57,5,410,100,2,0.84,0.81,1260,1539.0,279.0,30
2022-03-04,4,4,9,3,2022,Summer,None,FMCG,Soap Lux,22,32,45.45,15,700,150,3,0.44,0.94,2882,3563.2,681.2,131
2022-03-04,4,4,9,3,2022,Summer,None,Agriculture,Pesticide 500ml,180,245,36.11,20,96,20,5,3.6,0.96,7560,8232.0,672.0,42
2022-03-04,4,4,9,3,2022,Summer,None,Fashion,Jeans Men,450,899,99.78,0,66,20,6,9.0,0.72,37800,75516.0,37716.0,84
2022-03-04,4,4,9,3,2022,Summer,None,FMCG,Detergent Surf 1kg,95,125,31.58,10,370,90,3,1.9,0.97,2185,2587.5,402.5,23
2022-03-04,4,4,9,3,2022,Summer,None,Electronics,Smartphone Redmi,8500,10999,29.4,0,20,10,7,170.0,0.8,935000,1209890.0,274890.0,110
2022-03-05,5,5,9,3,2022,Summer,None,Agriculture,Fertilizer NPK 1kg,125,168,34.4,5,83,25,6,2.5,0.87,4000,5107.2,1107.2,32
2022-03-05,5,5,9,3,2022,Summer,None,FMCG,Soap Lux,22,32,45.45,10,465,150,3,0.44,0.92,2926,3830.4,904.4,133
2022-03-05,5,5,9,3,2022,Summer,None,Electronics,Earphones Boat,350,599,71.14,5,47,20,5,7.0,0.87,26250,42678.75,16428.75,75
2022-03-05,5,5,9,3,2022,Summer,None,FMCG,Puja Thali Set,125,245,96.0,0,66,50,3,2.5,0.86,13375,26215.0,12840.0,107
2022-03-05,5,5,9,3,2022,Summer,None,Grocery,Dal Toor 1kg,95,118,24.21,0,321,80,3,1.9,0.71,2470,3068.0,598.0,26
2022-03-05,5,5,9,3,2022,Summer,None,FMCG,Diya Set 12pc,48,95,97.92,5,580,150,2,0.96,0.81,2880,5415.0,2535.0,60
2022-03-05,5,5,9,3,2022,Summer,None,Grocery,Christmas Cake,180,320,77.78,5,146,30,2,3.6,0.81,21600,36480.0,14880.0,120
2022-03-06,6,6,9,3,2022,Summer,Holi,FMCG,Kite + String,25,55,120.0,10,756,300,2,0.5,0.95,3900,7722.0,3822.0,156
2022-03-06,6,6,9,3,2022,Summer,Holi,FMCG,Shampoo Head&Shoulders,85,115,35.29,20,317,80,4,1.7,0.9,4760,5152.0,392.0,56
2022-03-06,6,6,9,3,2022,Summer,Holi,Fashion,Shoes Casual,350,699,99.71,10,54,25,6,7.0,0.77,65100,117012.6,51912.6,186
2022-03-07,7,0,10,3,2022,Summer,None,FMCG,Toothpaste Colgate,55,75,36.36,5,134,100,3,1.1,0.73,495,641.25,146.25,9
2022-03-07,7,0,10,3,2022,Summer,None,Electronics,Fan Table,850,1350,58.82,0,11,8,7,17.0,0.77,76500,121500.0,45000.0,90
2022-03-07,7,0,10,3,2022,Summer,None,Electronics,Smartphone Redmi,8500,10999,29.4,0,44,10,7,170.0,0.77,646000,835924.0,189924.0,76
2022-03-07,7,0,10,3,2022,Summer,None,FMCG,Soap Lux,22,32,45.45,20,446,150,3,0.44,0.77,330,384.0,54.0,15
2022-03-07,7,0,10,3,2022,Summer,None,Grocery,Sunflower Oil 1L,120,148,23.33,15,213,60,4,2.4,0.93,11280,11825.2,545.2,94
2022-03-08,8,1,10,3,2022,Summer,None,Electronics,Power Bank 10000mAh,650,1099,69.08,0,52,15,6,13.0,0.96,11050,18683.0,7633.0,17
2022-03-08,8,1,10,3,2022,Summer,None,Fashion,Jeans Men,450,899,99.78,0,26,20,6,9.0,0.99,32400,64728.0,32328.0,72
2022-03-08,8,1,10,3,2022,Summer,None,FMCG,Toothpaste Colgate,55,75,36.36,15,263,100,3,1.1,0.91,4840,5610.0,770.0,88
2022-03-08,8,1,10,3,2022,Summer,None,FMCG,Crackers Box,200,380,90.0,5,194,100,3,4.0,0.93,6600,11913.0,5313.0,33
2022-03-08,8,1,10,3,2022,Summer,None,Electronics,USB Cable,45,89,97.78,5,126,50,4,0.9,0.96,2475,4650.25,2175.25,55
2022-03-09,9,2,10,3,2022,Summer,None,Agriculture,Pesticide 500ml,180,245,36.11,10,51,20,5,3.6,0.78,13140,16096.5,2956.5,73
2022-03-09,9,2,10,3,2022,Summer,None,Grocery,Sugar 1kg,42,54,28.57,0,289,100,2,0.84,0.73,924,1188.0,264.0,22
2022-03-09,9,2,10,3,2022,Summer,None,FMCG,Dandiya Sticks,40,85,112.5,15,586,200,2,0.8,0.9,1400,2528.75,1128.75,35
2022-03-09,9,2,10,3,2022,Summer,None,Stationery,Eraser Pack,12,20,66.67,10,342,150,2,0.24,0.94,132,198.0,66.0,11
2022-03-10,10,3,10,3,2022,Summer,Holi,FMCG,Dandiya Sticks,40,85,112.5,15,972,200,2,0.8,0.84,4600,8308.75,3708.75,115
2022-03-10,10,3,10,3,2022,Summer,Holi,Electronics,Earphones Boat,350,599,71.14,0,50,20,5,7.0,0.87,17150,29351.0,12201.0,49
2022-03-10,10,3,10,3,2022,Summer,Holi,FMCG,Gulal Colors Set,35,75,114.29,20,746,200,2,0.7,0.89,7140,12240.0,5100.0,204
2022-03-10,10,3,10,3,2022,Summer,Holi,Grocery,Eid Special Dates,280,450,60.71,0,167,40,4,5.6,0.84,19320,31050.0,11730.0,69
2022-03-10,10,3,10,3,2022,Summer,Holi,Fashion,Kurta Women,280,549,96.07,20,60,20,5,5.6,0.97,48160,75542.4,27382.4,172
2022-03-10,10,3,10,3,2022,Summer,Holi,Fashion,Jeans Men,450,899,99.78,0,92,20,6,9.0,0.96,46800,93496.0,46696.0,104
2022-03-10,10,3,10,3,2022,Summer,Holi,Grocery,Basmati Rice 5kg,180,225,25.0,15,191,50,3,3.6,0.98,6480,6885.0,405.0,36
2022-03-11,11,4,10,3,2022,Summer,None,Stationery,Eraser Pack,12,20,66.67,0,495,150,2,0.24,0.78,828,1380.0,552.0,69
2022-03-11,11,4,10,3,2022,Summer,None,Fashion,T-Shirt Men,180,349,93.89,20,112,30,5,3.6,0.92,17100,26524.0,9424.0,95
2022-03-11,11,4,10,3,2022,Summer,None,FMCG,Toothpaste Colgate,55,75,36.36,5,280,100,3,1.1,0.75,2310,2992.5,682.5,42
2022-03-11,11,4,10,3,2022,Summer,None,Electronics,Smartphone Redmi,8500,10999,29.4,15,44,10,7,170.0,1.0,875500,962962.45,87462.45,103
2022-03-11,11,4,10,3,2022,Summer,None,Fashion,Kurta Women,280,549,96.07,0,29,20,5,5.6,0.98,19600,38430.0,18830.0,70
2022-03-11,11,4,10,3,2022,Summer,None,Electronics,USB Cable,45,89,97.78,15,155,50,4,0.9,0.74,765,1286.05,521.05,17
2022-03-11,11,4,10,3,2022,Summer,None,Stationery,Pen Blue Pack 10,25,40,60.0,15,354,200,2,0.5,0.7,700,952.0,252.0,28
2022-03-12,12,5,10,3,2022,Summer,None,Agriculture,Pesticide 500ml,180,245,36.11,5,55,20,5,3.6,0.86,1260,1629.25,369.25,7
2022-03-12,12,5,10,3,2022,Summer,None,Stationery,Notebook A4,28,45,60.71,0,457,100,3,0.56,0.9,252,405.0,153.0,9
2022-03-12,12,5,10,3,2022,Summer,None,Grocery,Sugar 1kg,42,54,28.57,20,149,100,2,0.84,0.86,1596,1641.6,45.6,38
2022-03-12,12,5,10,3,2022,Summer,None,FMCG,Gulal Colors Set,35,75,114.29,0,458,200,2,0.7,0.94,2065,4425.0,2360.0,59
2022-03-12,12,5,10,3,2022,Summer,None,FMCG,Puja Thali Set,125,245,96.0,0,153,50,3,2.5,0.84,11125,21805.0,10680.0,89
2022-03-12,12,5,10,3,2022,Summer,None,Grocery,Wheat Flour 10kg,320,385,20.31,0,60,40,3,6.4,0.9,16320,19635.0,3315.0,51
2022-03-12,12,5,10,3,2022,Summer,None,Grocery,Basmati Rice 5kg,180,225,25.0,20,147,50,3,3.6,0.81,2160,2160.0,0.0,12
2022-03-13,13,6,10,3,2022,Summer,None,Grocery,Sugar 1kg,42,54,28.57,0,148,100,2,0.84,0.97,6468,8316.0,1848.0,154
2022-03-13,13,6,10,3,2022,Summer,None,Grocery,Basmati Rice 5kg,180,225,25.0,0,227,50,3,3.6,0.97,9000,11250.0,2250.0,50
2022-03-13,13,6,10,3,2022,Summer,None,FMCG,Detergent Surf 1kg,95,125,31.58,5,128,90,3,1.9,0.91,5890,7362.5,1472.5,62
2022-03-13,13,6,10,3,2022,Summer,None,Grocery,Dal Toor 1kg,95,118,24.21,0,96,80,3,1.9,0.75,12160,15104.0,2944.0,128
2022-03-13,13,6,10,3,2022,Summer,None,FMCG,Puja Thali Set,125,245,96.0,20,103,50,3,2.5,0.88,8750,13720.0,4970.0,70
2022-03-13,13,6,10,3,2022,Summer,None,Agriculture,Wheat Seeds 1kg,65,95,46.15,20,68,30,5,1.3,0.75,6500,7600.0,1100.0,100
2022-03-14,14,0,11,3,2022,Summer,None,Grocery,Eid Special Dates,280,450,60.71,15,60,40,4,5.6,0.85,8680,11857.5,3177.5,31
2022-03-14,14,0,11,3,2022,Summer,None,Stationery,Pen Blue Pack 10,25,40,60.0,0,437,200,2,0.5,0.95,225,360.0,135.0,9
2022-03-14,14,0,11,3,2022,Summer,None,FMCG,Kite + String,25,55,120.0,0,968,300,2,0.5,0.71,2425,5335.0,2910.0,97
2022-03-14,14,0,11,3,2022,Summer,None,Fashion,Kurta Women,280,549,96.07,0,65,20,5,5.6,0.87,20720,40626.0,19906.0,74
2022-03-15,15,1,11,3,2022,Summer,None,Agriculture,Wheat Seeds 1kg,65,95,46.15,0,121,30,5,1.3,0.94,2600,3800.0,1200.0,40
2022-03-15,15,1,11,3,2022,Summer,None,FMCG,Cold Drink 500ml,20,30,50.0,0,309,200,2,0.4,0.73,1500,2250.0,750.0,75
2022-03-15,15,1,11,3,2022,Summer,None,Stationery,Pen Blue Pack 10,25,40,60.0,0,476,200,2,0.5,0.73,1425,2280.0,855.0,57
2022-03-15,15,1,11,3,2022,Summer,None,Grocery,Dal Toor 1kg,95,118,24.21,0,365,80,3,1.9,0.87,3325,4130.0,805.0,35
2022-03-15,15,1,11,3,2022,Summer,None,Fashion,T-Shirt Men,180,349,93.89,5,75,30,5,3.6,0.87,3060,5636.35,2576.35,17
2022-03-15,15,1,11,3,2022,Summer,None,Electronics,Power Bank 10000mAh,650,1099,69.08,10,15,15,6,13.0,0.79,47450,72204.3,24754.3,73
2022-03-16,16,2,11,3,2022,Summer,Holi,Grocery,Dal Toor 1kg,95,118,24.21,0,112,80,3,1.9,0.75,7125,8850.0,1725.0,75
2022-03-16,16,2,11,3,2022,Summer,Holi,FMCG,Dandiya Sticks,40,85,112.5,0,278,200,2,0.8,0.81,11200,23800.0,12600.0,280
2022-03-16,16,2,11,3,2022,Summer,Holi,Electronics,Power Bank 10000mAh,650,1099,69.08,0,27,15,6,13.0,0.84,76700,129682.0,52982.0,118
2022-03-16,16,2,11,3,2022,Summer,Holi,FMCG,Crackers Box,200,380,90.0,0,302,100,3,4.0,0.8,36200,68780.0,32580.0,181
2022-03-16,16,2,11,3,2022,Summer,Holi,FMCG,Detergent Surf 1kg,95,125,31.58,10,258,90,3,1.9,0.83,29640,35100.0,5460.0,312
2022-03-16,16,2,11,3,2022,Summer,Holi,Stationery,Pen Blue Pack 10,25,40,60.0,5,817,200,2,0.5,0.98,500,760.0,260.0,20
2022-03-17,17,3,11,3,2022,Summer,None,FMCG,Gulal Colors Set,35,75,114.29,0,1000,200,2,0.7,0.77,4165,8925.0,4760.0,119
2022-03-17,17,3,11,3,2022,Summer,None,Fashion,Saree Cotton,350,699,99.71,5,40,15,7,7.0,0.81,18900,35858.7,16958.7,54
2022-03-17,17,3,11,3,2022,Summer,None,FMCG,Cold Drink 500ml,20,30,50.0,10,758,200,2,0.4,0.75,920,1242.0,322.0,46
2022-03-17,17,3,11,3,2022,Summer,None,Stationery,Pencil Box,35,55,57.14,20,316,80,3,0.7,0.98,2100,2640.0,540.0,60
2022-03-18,18,4,11,3,2022,Summer,None,Agriculture,Fertilizer NPK 1kg,125,168,34.4,0,109,25,6,2.5,0.75,5750,7728.0,1978.0,46
2022-03-18,18,4,11,3,2022,Summer,None,Fashion,T-Shirt Men,180,349,93.89,5,106,30,5,3.6,0.84,9360,17240.6,7880.6,52
2022-03-18,18,4,11,3,2022,Summer,None,Grocery,Salt 1kg,18,25,38.89,5,591,120,2,0.36,0.96,1710,2256.25,546.25,95
2022-03-18,18,4,11,3,2022,Summer,None,Stationery,Eraser Pack,12,20,66.67,5,518,150,2,0.24,0.91,720,1140.0,420.0,60
2022-03-19,19,5,11,3,2022,Summer,None,Grocery,Dal Toor 1kg,95,118,24.21,0,130,80,3,1.9,0.78,8075,10030.0,1955.0,85
2022-03-19,19,5,11,3,2022,Summer,None,FMCG,Biscuit Parle-G,8,12,50.0,10,904,200,2,0.16,0.87,1128,1522.8,394.8,141
2022-03-19,19,5,11,3,2022,Summer,None,Electronics,Power Bank 10000mAh,650,1099,69.08,5,64,15,6,13.0,0.9,58500,93964.5,35464.5,90
2022-03-19,19,5,11,3,2022,Summer,None,Fashion,Shoes Casual,350,699,99.71,15,28,25,6,7.0,0.84,32200,54661.8,22461.8,92
2022-03-19,19,5,11,3,2022,Summer,None,FMCG,Detergent Surf 1kg,95,125,31.58,0,133,90,3,1.9,0.73,12540,16500.0,3960.0,132
2022-03-19,19,5,11,3,2022,Summer,None,Grocery,Sunflower Oil 1L,120,148,23.33,15,147,60,4,2.4,0.84,4320,4528.8,208.8,36
2022-03-19,19,5,11,3,2022,Summer,None,Stationery,Pencil Box,35,55,57.14,0,323,80,3,0.7,0.73,3185,5005.0,1820.0,91
2022-03-20,20,6,11,3,2022,Summer,None,Agriculture,Fertilizer NPK 1kg,125,168,34.4,0,119,25,6,2.5,0.77,5875,7896.0,2021.0,47
2022-03-20,20,6,11,3,2022,Summer,None,Fashion,Saree Cotton,350,699,99.71,0,50,15,7,7.0,0.83,35350,70599.0,35249.0,101
2022-03-20,20,6,11,3,2022,Summer,None,Grocery,Salt 1kg,18,25,38.89,5,442,120,2,0.36,0.76,1152,1520.0,368.0,64
2022-03-20,20,6,11,3,2022,Summer,None,Fashion,Jeans Men,450,899,99.78,15,98,20,6,9.0,0.96,40050,68009.35,27959.35,89
2022-03-20,20,6,11,3,2022,Summer,None,Grocery,Sunflower Oil 1L,120,148,23.33,5,61,60,4,2.4,0.91,15720,18418.6,2698.6,131
2022-03-20,20,6,11,3,2022,Summer,None,FMCG,Soap Lux,22,32,45.45,0,214,150,3,0.44,0.87,1870,2720.0,850.0,85
2022-03-20,20,6,11,3,2022,Summer,None,Grocery,Wheat Flour 10kg,320,385,20.31,20,123,40,3,6.4,0.76,34240,32956.0,-1284.0,107
2022-03-20,20,6,11,3,2022,Summer,None,Agriculture,Wheat Seeds 1kg,65,95,46.15,0,92,30,5,1.3,0.86,4095,5985.0,1890.0,63
2022-03-21,21,0,12,3,2022,Summer,Holi,Fashion,Saree Cotton,350,699,99.71,10,23,15,7,7.0,0.79,56000,100656.0,44656.0,160
2022-03-21,21,0,12,3,2022,Summer,Holi,Stationery,Pen Blue Pack 10,25,40,60.0,0,582,200,2,0.5,0.91,925,1480.0,555.0,37
2022-03-21,21,0,12,3,2022,Summer,Holi,Stationery,Pencil Box,35,55,57.14,10,150,80,3,0.7,0.87,1820,2574.0,754.0,52
2022-03-21,21,0,12,3,2022,Summer,Holi,FMCG,Soap Lux,22,32,45.45,5,700,150,3,0.44,0.91,3212,4438.4,1226.4,146
2022-03-21,21,0,12,3,2022,Summer,Holi,Fashion,Shoes Casual,350,699,99.71,15,87,25,6,7.0,0.79,23100,39213.9,16113.9,66
2022-03-21,21,0,12,3,2022,Summer,Holi,FMCG,Crackers Box,200,380,90.0,0,417,100,3,4.0,0.72,53600,101840.0,48240.0,268
2022-03-21,21,0,12,3,2022,Summer,Holi,Agriculture,Pesticide 500ml,180,245,36.11,0,44,20,5,3.6,0.94,1260,1715.0,455.0,7
2022-03-21,21,0,12,3,2022,Summer,Holi,Fashion,Jeans Men,450,899,99.78,10,72,20,6,9.0,0.91,78750,141592.5,62842.5,175
2022-03-22,22,1,12,3,2022,Summer,Holi,Agriculture,Fertilizer NPK 1kg,125,168,34.4,0,124,25,6,2.5,0.84,10000,13440.0,3440.0,80
2022-03-22,22,1,12,3,2022,Summer,Holi,FMCG,Puja Thali Set,125,245,96.0,15,78,50,3,2.5,0.87,45500,75803.0,30303.0,364
2022-03-22,22,1,12,3,2022,Summer,Holi,FMCG,Detergent Surf 1kg,95,125,31.58,0,277,90,3,1.9,0.86,41610,54750.0,13140.0,438
2022-03-22,22,1,12,3,2022,Summer,Holi,Grocery,Dal Toor 1kg,95,118,24.21,20,305,80,3,1.9,0.86,1995,1982.4,-12.6,21
2022-03-22,22,1,12,3,2022,Summer,Holi,Grocery,Wheat Flour 10kg,320,385,20.31,5,103,40,3,6.4,0.79,12160,13898.5,1738.5,38
2022-03-22,22,1,12,3,2022,Summer,Holi,Electronics,USB Cable,45,89,97.78,0,72,50,4,0.9,0.83,4230,8366.0,4136.0,94
2022-03-23,23,2,12,3,2022,Summer,None,Electronics,Power Bank 10000mAh,650,1099,69.08,20,23,15,6,13.0,0.94,46150,62423.2,16273.2,71
2022-03-23,23,2,12,3,2022,Summer,None,Electronics,Earphones Boat,350,599,71.14,20,92,20,5,7.0,0.81,16800,23001.6,6201.6,48
2022-03-23,23,2,12,3,2022,Summer,None,Grocery,Christmas Cake,180,320,77.78,0,120,30,2,3.6,0.79,14760,26240.0,11480.0,82
2022-03-24,24,3,12,3,2022,Summer,None,Electronics,Fan Table,850,1350,58.82,0,28,8,7,17.0,0.95,22100,35100.0,13000.0,26
2022-03-24,24,3,12,3,2022,Summer,None,FMCG,Diya Set 12pc,48,95,97.92,20,741,150,2,0.96,0.89,3936,6232.0,2296.0,82
2022-03-24,24,3,12,3,2022,Summer,None,FMCG,Biscuit Parle-G,8,12,50.0,15,277,200,2,0.16,0.89,656,836.4,180.4,82
2022-03-24,24,3,12,3,2022,Summer,None,FMCG,Shampoo Head&Shoulders,85,115,35.29,20,222,80,4,1.7,0.91,1955,2116.0,161.0,23
2022-03-24,24,3,12,3,2022,Summer,None,Stationery,Eraser Pack,12,20,66.67,0,485,150,2,0.24,0.87,888,1480.0,592.0,74
2022-03-24,24,3,12,3,2022,Summer,None,Grocery,Sugar 1kg,42,54,28.57,20,334,100,2,0.84,0.89,924,950.4,26.4,22
2022-03-24,24,3,12,3,2022,Summer,None,Grocery,Christmas Cake,180,320,77.78,15,131,30,2,3.6,0.86,13320,20128.0,6808.0,74
2022-03-25,25,4,12,3,2022,Summer,None,Agriculture,Wheat Seeds 1kg,65,95,46.15,0,46,30,5,1.3,0.87,3770,5510.0,1740.0,58
2022-03-25,25,4,12,3,2022,Summer,None,Electronics,Earphones Boat,350,599,71.14,5,26,20,5,7.0,0.71,26950,43816.85,16866.85,77
2022-03-25,25,4,12,3,2022,Summer,None,FMCG,Puja Thali Set,125,245,96.0,15,90,50,3,2.5,0.83,9500,15827.0,6327.0,76
2022-03-25,25,4,12,3,2022,Summer,None,Electronics,Fan Table,850,1350,58.82,0,16,8,7,17.0,0.96,61200,97200.0,36000.0,72
2022-03-26,26,5,12,3,2022,Summer,Holi,FMCG,Detergent Surf 1kg,95,125,31.58,0,448,90,3,1.9,0.93,37430,49250.0,11820.0,394
2022-03-26,26,5,12,3,2022,Summer,Holi,Electronics,Fan Table,850,1350,58.82,5,8,8,7,17.0,0.76,31450,47452.5,16002.5,37
2022-03-26,26,5,12,3,2022,Summer,Holi,Grocery,Dal Toor 1kg,95,118,24.21,0,345,80,3,1.9,0.9,5225,6490.0,1265.0,55
2022-03-26,26,5,12,3,2022,Summer,Holi,Stationery,Notebook A4,28,45,60.71,0,161,100,3,0.56,1.0,224,360.0,136.0,8
2022-03-26,26,5,12,3,2022,Summer,Holi,Electronics,LED Bulb 9W,48,85,77.08,5,98,40,4,0.96,0.81,2160,3633.75,1473.75,45
2022-03-27,27,6,12,3,2022,Summer,None,FMCG,Biscuit Parle-G,8,12,50.0,20,893,200,2,0.16,0.74,360,432.0,72.0,45
2022-03-27,27,6,12,3,2022,Summer,None,Grocery,Christmas Cake,180,320,77.78,10,113,30,2,3.6,0.75,18720,29952.0,11232.0,104
2022-03-27,27,6,12,3,2022,Summer,None,Fashion,Saree Cotton,350,699,99.71,0,24,15,7,7.0,0.98,18200,36348.0,18148.0,52
2022-03-27,27,6,12,3,2022,Summer,None,Stationery,Notebook A4,28,45,60.71,10,144,100,3,0.56,0.97,2520,3645.0,1125.0,90
2022-03-27,27,6,12,3,2022,Summer,None,Fashion,Jeans Men,450,899,99.78,0,69,20,6,9.0,0.81,14400,28768.0,14368.0,32
2022-03-27,27,6,12,3,2022,Summer,None,FMCG,Shampoo Head&Shoulders,85,115,35.29,5,206,80,4,1.7,0.78,8245,10597.25,2352.25,97
2022-03-27,27,6,12,3,2022,Summer,None,Stationery,Pen Blue Pack 10,25,40,60.0,0,814,200,2,0.5,0.92,1175,1880.0,705.0,47
2022-03-27,27,6,12,3,2022,Summer,None,FMCG,Puja Thali Set,125,245,96.0,0,218,50,3,2.5,0.96,2125,4165.0,2040.0,17
2022-03-28,28,0,13,3,2022,Summer,Holi,FMCG,Crackers Box,200,380,90.0,20,157,100,3,4.0,0.77,36600,55632.0,19032.0,183
2022-03-28,28,0,13,3,2022,Summer,Holi,FMCG,Diya Set 12pc,48,95,97.92,15,162,150,2,0.96,1.0,3552,5975.5,2423.5,74
2022-03-28,28,0,13,3,2022,Summer,Holi,Electronics,Smartphone Redmi,8500,10999,29.4,0,46,10,7,170.0,0.83,280500,362967.0,82467.0,33
2022-03-28,28,0,13,3,2022,Summer,Holi,Stationery,Pencil Box,35,55,57.14,10,117,80,3,0.7,0.71,1015,1435.5,420.5,29
2022-03-29,29,1,13,3,2022,Summer,Holi,Grocery,Basmati Rice 5kg,180,225,25.0,20,210,50,3,3.6,0.91,19260,19260.0,0.0,107
2022-03-29,29,1,13,3,2022,Summer,Holi,Electronics,LED Bulb 9W,48,85,77.08,20,142,40,4,0.96,0.72,4512,6392.0,1880.0,94
2022-03-29,29,1,13,3,2022,Summer,Holi,Electronics,Earphones Boat,350,599,71.14,10,55,20,5,7.0,0.73,44800,69004.8,24204.8,128
2022-03-30,30,2,13,3,2022,Summer,None,FMCG,Diya Set 12pc,48,95,97.92,5,217,150,2,0.96,0.79,6048,11371.5,5323.5,126
2022-03-30,30,2,13,3,2022,Summer,None,Electronics,Earphones Boat,350,599,71.14,5,31,20,5,7.0,0.98,14000,22762.0,8762.0,40
2022-03-30,30,2,13,3,2022,Summer,None,FMCG,Toothpaste Colgate,55,75,36.36,0,128,100,3,1.1,0.79,5390,7350.0,1960.0,98
2022-03-31,31,3,13,3,2022,Summer,None,FMCG,Cold Drink 500ml,20,30,50.0,10,329,200,2,0.4,0.92,980,1323.0,343.0,49
2022-03-31,31,3,13,3,2022,Summer,None,FMCG,Soap Lux,22,32,45.45,20,270,150,3,0.44,0.93,1386,1612.8,226.8,63
2022-03-31,31,3,13,3,2022,Summer,None,Grocery,Basmati Rice 5kg,180,225,25.0,0,119,50,3,3.6,0.86,12240,15300.0,3060.0,68
2022-03-31,31,3,13,3,2022,Summer,None,FMCG,Shampoo Head&Shoulders,85,115,35.29,0,334,80,4,1.7,0.84,10370,14030.0,3660.0,122
2022-03-31,31,3,13,3,2022,Summer,None,FMCG,Dandiya Sticks,40,85,112.5,0,780,200,2,0.8,0.75,680,1445.0,765.0,17
2022-03-31,31,3,13,3,2022,Summer,None,FMCG,Detergent Surf 1kg,95,125,31.58,0,383,90,3,1.9,0.9,5795,7625.0,1830.0,61
2022-03-31,31,3,13,3,2022,Summer,None,FMCG,Puja Thali Set,125,245,96.0,0,50,50,3,2.5,0.71,6875,13475.0,6600.0,55
2022-03-31,31,3,13,3,2022,Summer,None,FMCG,Gulal Colors Set,35,75,114.29,20,683,200,2,0.7,0.81,280,480.0,200.0,8
2022-04-01,1,4,13,4,2022,Summer,Eid,FMCG,Cold Drink 500ml,20,30,50.0,5,279,200,2,0.4,0.87,2440,3477.0,1037.0,122
2022-04-01,1,4,13,4,2022,Summer,Eid,Grocery,Sunflower Oil 1L,120,148,23.33,0,73,60,4,2.4,0.75,25320,31228.0,5908.0,211
2022-04-01,1,4,13,4,2022,Summer,Eid,FMCG,Dandiya Sticks,40,85,112.5,20,610,200,2,0.8,0.72,10160,17272.0,7112.0,254
2022-04-01,1,4,13,4,2022,Summer,Eid,Stationery,Eraser Pack,12,20,66.67,5,468,150,2,0.24,0.8,540,855.0,315.0,45
2022-04-02,2,5,13,4,2022,Summer,None,Agriculture,Pesticide 500ml,180,245,36.11,10,45,20,5,3.6,0.92,22860,28003.5,5143.5,127
2022-04-02,2,5,13,4,2022,Summer,None,Grocery,Basmati Rice 5kg,180,225,25.0,10,154,50,3,3.6,0.71,9360,10530.0,1170.0,52
2022-04-02,2,5,13,4,2022,Summer,None,Stationery,Notebook A4,28,45,60.71,10,455,100,3,0.56,0.96,1876,2713.5,837.5,67
2022-04-02,2,5,13,4,2022,Summer,None,Electronics,Smartphone Redmi,8500,10999,29.4,0,34,10,7,170.0,0.95,85000,109990.0,24990.0,10
2022-04-02,2,5,13,4,2022,Summer,None,Fashion,T-Shirt Men,180,349,93.89,15,97,30,5,3.6,0.99,10260,16909.05,6649.05,57
2022-04-02,2,5,13,4,2022,Summer,None,Fashion,Jeans Men,450,899,99.78,5,38,20,6,9.0,0.91,55350,105048.15,49698.15,123
2022-04-02,2,5,13,4,2022,Summer,None,Electronics,Power Bank 10000mAh,650,1099,69.08,0,72,15,6,13.0,0.95,13650,23079.0,9429.0,21
2022-04-03,3,6,13,4,2022,Summer,None,Stationery,Notebook A4,28,45,60.71,5,131,100,3,0.56,0.83,504,769.5,265.5,18
2022-04-03,3,6,13,4,2022,Summer,None,Agriculture,Pesticide 500ml,180,245,36.11,0,60,20,5,3.6,0.98,9000,12250.0,3250.0,50
2022-04-03,3,6,13,4,2022,Summer,None,Grocery,Dal Toor 1kg,95,118,24.21,5,219,80,3,1.9,0.77,6840,8071.2,1231.2,72
2022-04-03,3,6,13,4,2022,Summer,None,FMCG,Biscuit Parle-G,8,12,50.0,0,798,200,2,0.16,0.73,376,564.0,188.0,47
2022-04-03,3,6,13,4,2022,Summer,None,FMCG,Diya Set 12pc,48,95,97.92,0,471,150,2,0.96,0.82,2352,4655.0,2303.0,49
2022-04-03,3,6,13,4,2022,Summer,None,FMCG,Shampoo Head&Shoulders,85,115,35.29,10,186,80,4,1.7,0.84,9775,11902.5,2127.5,115
2022-04-04,4,0,14,4,2022,Summer,Ram Navami,Electronics,LED Bulb 9W,48,85,77.08,0,131,40,4,0.96,0.82,1632,2890.0,1258.0,34
2022-04-04,4,0,14,4,2022,Summer,Ram Navami,FMCG,Soap Lux,22,32,45.45,0,328,150,3,0.44,0.71,1782,2592.0,810.0,81
2022-04-04,4,0,14,4,2022,Summer,Ram Navami,Grocery,Dal Toor 1kg,95,118,24.21,5,361,80,3,1.9,0.77,10925,12891.5,1966.5,115
2022-04-04,4,0,14,4,2022,Summer,Ram Navami,FMCG,Detergent Surf 1kg,95,125,31.58,5,161,90,3,1.9,0.74,3990,4987.5,997.5,42
2022-04-04,4,0,14,4,2022,Summer,Ram Navami,Fashion,Jeans Men,450,899,99.78,0,71,20,6,9.0,0.81,21150,42253.0,21103.0,47
2022-04-04,4,0,14,4,2022,Summer,Ram Navami,Grocery,Sunflower Oil 1L,120,148,23.33,15,126,60,4,2.4,0.98,3360,3522.4,162.4,28
2022-04-05,5,1,14,4,2022,Summer,None,Grocery,Wheat Flour 10kg,320,385,20.31,5,124,40,3,6.4,0.74,7040,8046.5,1006.5,22
2022-04-05,5,1,14,4,2022,Summer,None,Grocery,Salt 1kg,18,25,38.89,5,413,120,2,0.36,0.83,216,285.0,69.0,12
2022-04-05,5,1,14,4,2022,Summer,None,Electronics,Smartphone Redmi,8500,10999,29.4,15,34,10,7,170.0,0.9,646000,710535.4,64535.4,76
2022-04-06,6,2,14,4,2022,Summer,Eid,Fashion,Shoes Casual,350,699,99.71,0,88,25,6,7.0,0.82,44800,89472.0,44672.0,128
2022-04-06,6,2,14,4,2022,Summer,Eid,Electronics,Earphones Boat,350,599,71.14,10,55,20,5,7.0,0.81,39900,61457.4,21557.4,114
2022-04-06,6,2,14,4,2022,Summer,Eid,FMCG,Cold Drink 500ml,20,30,50.0,5,738,200,2,0.4,0.77,1900,2707.5,807.5,95
2022-04-06,6,2,14,4,2022,Summer,Eid,Electronics,Fan Table,850,1350,58.82,20,32,8,7,17.0,0.93,147050,186840.0,39790.0,173
2022-04-07,7,3,14,4,2022,Summer,None,FMCG,Gulal Colors Set,35,75,114.29,5,526,200,2,0.7,0.88,1785,3633.75,1848.75,51
2022-04-07,7,3,14,4,2022,Summer,None,FMCG,Kite + String,25,55,120.0,0,1266,300,2,0.5,0.86,1225,2695.0,1470.0,49
2022-04-07,7,3,14,4,2022,Summer,None,FMCG,Puja Thali Set,125,245,96.0,20,90,50,3,2.5,0.73,17750,27832.0,10082.0,142
2022-04-07,7,3,14,4,2022,Summer,None,Fashion,Shoes Casual,350,699,99.71,15,119,25,6,7.0,0.72,13300,22577.7,9277.7,38
2022-04-07,7,3,14,4,2022,Summer,None,Grocery,Eid Special Dates,280,450,60.71,0,139,40,4,5.6,0.81,32200,51750.0,19550.0,115
2022-04-08,8,4,14,4,2022,Summer,None,FMCG,Cold Drink 500ml,20,30,50.0,15,228,200,2,0.4,0.91,1740,2218.5,478.5,87
2022-04-08,8,4,14,4,2022,Summer,None,Electronics,Power Bank 10000mAh,650,1099,69.08,0,51,15,6,13.0,0.98,71500,120890.0,49390.0,110
2022-04-08,8,4,14,4,2022,Summer,None,Grocery,Christmas Cake,180,320,77.78,20,52,30,2,3.6,0.85,16020,22784.0,6764.0,89
2022-04-08,8,4,14,4,2022,Summer,None,Fashion,Saree Cotton,350,699,99.71,0,29,15,7,7.0,0.71,4200,8388.0,4188.0,12
2022-04-09,9,5,14,4,2022,Summer,None,Grocery,Basmati Rice 5kg,180,225,25.0,20,87,50,3,3.6,0.88,11520,11520.0,0.0,64
2022-04-09,9,5,14,4,2022,Summer,None,Fashion,Kurta Women,280,549,96.07,0,66,20,5,5.6,0.99,9240,18117.0,8877.0,33
2022-04-09,9,5,14,4,2022,Summer,None,Electronics,Smartphone Redmi,8500,10999,29.4,0,31,10,7,170.0,0.79,875500,1132897.0,257397.0,103
2022-04-09,9,5,14,4,2022,Summer,None,FMCG,Shampoo Head&Shoulders,85,115,35.29,0,303,80,4,1.7,0.94,4505,6095.0,1590.0,53
2022-04-09,9,5,14,4,2022,Summer,None,Grocery,Eid Special Dates,280,450,60.71,5,183,40,4,5.6,0.91,18480,28215.0,9735.0,66
2022-04-09,9,5,14,4,2022,Summer,None,FMCG,Cold Drink 500ml,20,30,50.0,10,803,200,2,0.4,0.94,1720,2322.0,602.0,86
2022-04-10,10,6,14,4,2022,Summer,None,Fashion,Jeans Men,450,899,99.78,20,97,20,6,9.0,0.8,43650,69762.4,26112.4,97
2022-04-10,10,6,14,4,2022,Summer,None,Fashion,T-Shirt Men,180,349,93.89,20,43,30,5,3.6,0.98,9720,15076.8,5356.8,54
2022-04-10,10,6,14,4,2022,Summer,None,FMCG,Shampoo Head&Shoulders,85,115,35.29,0,201,80,4,1.7,0.8,8500,11500.0,3000.0,100
2022-04-10,10,6,14,4,2022,Summer,None,FMCG,Cold Drink 500ml,20,30,50.0,0,290,200,2,0.4,0.95,1060,1590.0,530.0,53
2022-04-10,10,6,14,4,2022,Summer,None,Grocery,Basmati Rice 5kg,180,225,25.0,15,117,50,3,3.6,0.76,13860,14726.25,866.25,77
2022-04-10,10,6,14,4,2022,Summer,None,Stationery,Pencil Box,35,55,57.14,15,135,80,3,0.7,0.92,525,701.25,176.25,15
2022-04-11,11,0,15,4,2022,Summer,None,Stationery,Pen Blue Pack 10,25,40,60.0,5,559,200,2,0.5,0.86,1950,2964.0,1014.0,78
2022-04-11,11,0,15,4,2022,Summer,None,Agriculture,Fertilizer NPK 1kg,125,168,34.4,0,98,25,6,2.5,0.9,11000,14784.0,3784.0,88
2022-04-11,11,0,15,4,2022,Summer,None,Stationery,Eraser Pack,12,20,66.67,15,225,150,2,0.24,0.94,336,476.0,140.0,28
2022-04-12,12,1,15,4,2022,Summer,Eid,Fashion,T-Shirt Men,180,349,93.89,0,78,30,5,3.6,0.75,25020,48511.0,23491.0,139
2022-04-12,12,1,15,4,2022,Summer,Eid,Grocery,Wheat Flour 10kg,320,385,20.31,0,63,40,3,6.4,0.8,80640,97020.0,16380.0,252
2022-04-12,12,1,15,4,2022,Summer,Eid,Fashion,Saree Cotton,350,699,99.71,10,42,15,7,7.0,0.98,83650,150354.9,66704.9,239
2022-04-13,13,2,15,4,2022,Summer,None,Agriculture,Wheat Seeds 1kg,65,95,46.15,0,122,30,5,1.3,0.98,4745,6935.0,2190.0,73
2022-04-13,13,2,15,4,2022,Summer,None,FMCG,Detergent Surf 1kg,95,125,31.58,10,242,90,3,1.9,0.77,5700,6750.0,1050.0,60
2022-04-13,13,2,15,4,2022,Summer,None,Grocery,Sugar 1kg,42,54,28.57,0,351,100,2,0.84,0.75,3066,3942.0,876.0,73
2022-04-13,13,2,15,4,2022,Summer,None,FMCG,Biscuit Parle-G,8,12,50.0,0,501,200,2,0.16,0.95,56,84.0,28.0,7
2022-04-14,14,3,15,4,2022,Summer,None,FMCG,Gulal Colors Set,35,75,114.29,0,682,200,2,0.7,0.85,2555,5475.0,2920.0,73
2022-04-14,14,3,15,4,2022,Summer,None,Electronics,Smartphone Redmi,8500,10999,29.4,15,44,10,7,170.0,0.82,374000,411362.6,37362.6,44
2022-04-14,14,3,15,4,2022,Summer,None,FMCG,Biscuit Parle-G,8,12,50.0,0,656,200,2,0.16,0.71,600,900.0,300.0,75
2022-04-14,14,3,15,4,2022,Summer,None,Grocery,Wheat Flour 10kg,320,385,20.31,5,108,40,3,6.4,0.87,24000,27431.25,3431.25,75
2022-04-14,14,3,15,4,2022,Summer,None,Electronics,Earphones Boat,350,599,71.14,0,64,20,5,7.0,0.94,6650,11381.0,4731.0,19
2022-04-14,14,3,15,4,2022,Summer,None,FMCG,Detergent Surf 1kg,95,125,31.58,5,121,90,3,1.9,0.95,10070,12587.5,2517.5,106
2022-04-14,14,3,15,4,2022,Summer,None,Fashion,T-Shirt Men,180,349,93.89,20,98,30,5,3.6,0.91,14760,22894.4,8134.4,82
2022-04-14,14,3,15,4,2022,Summer,None,Grocery,Sunflower Oil 1L,120,148,23.33,5,181,60,4,2.4,0.79,13920,16309.6,2389.6,116
2022-04-15,15,4,15,4,2022,Summer,Eid,Grocery,Sunflower Oil 1L,120,148,23.33,0,168,60,4,2.4,0.72,8400,10360.0,1960.0,70
2022-04-15,15,4,15,4,2022,Summer,Eid,FMCG,Diya Set 12pc,48,95,97.92,15,301,150,2,0.96,0.95,7584,12758.5,5174.5,158
2022-04-15,15,4,15,4,2022,Summer,Eid,FMCG,Crackers Box,200,380,90.0,0,134,100,3,4.0,0.73,31400,59660.0,28260.0,157
2022-04-15,15,4,15,4,2022,Summer,Eid,FMCG,Toothpaste Colgate,55,75,36.36,10,241,100,3,1.1,0.86,9240,11340.0,2100.0,168
2022-04-15,15,4,15,4,2022,Summer,Eid,FMCG,Soap Lux,22,32,45.45,20,685,150,3,0.44,0.93,440,512.0,72.0,20
2022-04-15,15,4,15,4,2022,Summer,Eid,Agriculture,Fertilizer NPK 1kg,125,168,34.4,0,97,25,6,2.5,0.88,7375,9912.0,2537.0,59
2022-04-16,16,5,15,4,2022,Summer,None,FMCG,Biscuit Parle-G,8,12,50.0,0,870,200,2,0.16,0.85,800,1200.0,400.0,100
2022-04-16,16,5,15,4,2022,Summer,None,Grocery,Eid Special Dates,280,450,60.71,10,110,40,4,5.6,0.82,24920,36045.0,11125.0,89
2022-04-16,16,5,15,4,2022,Summer,None,Fashion,T-Shirt Men,180,349,93.89,10,143,30,5,3.6,0.96,12780,22301.1,9521.1,71
2022-04-17,17,6,15,4,2022,Summer,None,Electronics,Power Bank 10000mAh,650,1099,69.08,0,69,15,6,13.0,0.91,53300,90118.0,36818.0,82
2022-04-17,17,6,15,4,2022,Summer,None,Grocery,Sugar 1kg,42,54,28.57,0,480,100,2,0.84,0.83,2058,2646.0,588.0,49
2022-04-17,17,6,15,4,2022,Summer,None,FMCG,Gulal Colors Set,35,75,114.29,20,626,200,2,0.7,0.88,2835,4860.0,2025.0,81
2022-04-17,17,6,15,4,2022,Summer,None,Electronics,Fan Table,850,1350,58.82,0,34,8,7,17.0,0.92,43350,68850.0,25500.0,51
2022-04-17,17,6,15,4,2022,Summer,None,Stationery,Notebook A4,28,45,60.71,20,128,100,3,0.56,0.85,2940,3780.0,840.0,105
2022-04-17,17,6,15,4,2022,Summer,None,Grocery,Wheat Flour 10kg,320,385,20.31,0,169,40,3,6.4,0.82,6400,7700.0,1300.0,20
2022-04-17,17,6,15,4,2022,Summer,None,Fashion,Kurta Women,280,549,96.07,20,23,20,5,5.6,0.75,36120,56656.8,20536.8,129
2022-04-17,17,6,15,4,2022,Summer,None,Stationery,Eraser Pack,12,20,66.67,20,405,150,2,0.24,0.71,528,704.0,176.0,44
2022-04-18,18,0,16,4,2022,Summer,None,Stationery,Notebook A4,28,45,60.71,5,163,100,3,0.56,0.9,1848,2821.5,973.5,66
2022-04-18,18,0,16,4,2022,Summer,None,Electronics,Smartphone Redmi,8500,10999,29.4,0,38,10,7,170.0,0.75,612000,791928.0,179928.0,72
2022-04-18,18,0,16,4,2022,Summer,None,Electronics,Fan Table,850,1350,58.82,20,30,8,7,17.0,0.8,79900,101520.0,21620.0,94
2022-04-19,19,1,16,4,2022,Summer,Eid,Grocery,Dal Toor 1kg,95,118,24.21,20,185,80,3,1.9,0.78,9405,9345.6,-59.4,99
2022-04-19,19,1,16,4,2022,Summer,Eid,Fashion,T-Shirt Men,180,349,93.89,5,129,30,5,3.6,0.99,34200,62994.5,28794.5,190
2022-04-19,19,1,16,4,2022,Summer,Eid,Grocery,Wheat Flour 10kg,320,385,20.31,15,73,40,3,6.4,0.89,5120,5236.0,116.0,16
2022-04-19,19,1,16,4,2022,Summer,Eid,Stationery,Pen Blue Pack 10,25,40,60.0,10,822,200,2,0.5,0.94,125,180.0,55.0,5
2022-04-19,19,1,16,4,2022,Summer,Eid,Grocery,Sugar 1kg,42,54,28.57,0,292,100,2,0.84,0.96,4620,5940.0,1320.0,110
2022-04-20,20,2,16,4,2022,Summer,None,Electronics,LED Bulb 9W,48,85,77.08,0,135,40,4,0.96,0.87,5616,9945.0,4329.0,117
2022-04-20,20,2,16,4,2022,Summer,None,Electronics,Earphones Boat,350,599,71.14,10,33,20,5,7.0,0.84,18200,28033.2,9833.2,52
2022-04-20,20,2,16,4,2022,Summer,None,Agriculture,Pesticide 500ml,180,245,36.11,0,55,20,5,3.6,0.78,9000,12250.0,3250.0,50
2022-04-20,20,2,16,4,2022,Summer,None,Fashion,Jeans Men,450,899,99.78,15,86,20,6,9.0,0.93,20250,34386.75,14136.75,45
2022-04-20,20,2,16,4,2022,Summer,None,FMCG,Crackers Box,200,380,90.0,0,448,100,3,4.0,0.74,17800,33820.0,16020.0,89
2022-04-20,20,2,16,4,2022,Summer,None,Stationery,Pencil Box,35,55,57.14,0,212,80,3,0.7,0.97,2835,4455.0,1620.0,81
2022-04-21,21,3,16,4,2022,Summer,None,Stationery,Pen Blue Pack 10,25,40,60.0,15,374,200,2,0.5,0.95,1250,1700.0,450.0,50
2022-04-21,21,3,16,4,2022,Summer,None,Grocery,Sunflower Oil 1L,120,148,23.33,10,180,60,4,2.4,0.74,3960,4395.6,435.6,33
2022-04-21,21,3,16,4,2022,Summer,None,Electronics,Smartphone Redmi,8500,10999,29.4,0,21,10,7,170.0,0.98,994500,1286883.0,292383.0,117
2022-04-21,21,3,16,4,2022,Summer,None,Fashion,Kurta Women,280,549,96.07,0,48,20,5,5.6,0.92,4760,9333.0,4573.0,17
2022-04-21,21,3,16,4,2022,Summer,None,Electronics,USB Cable,45,89,97.78,0,134,50,4,0.9,0.81,4050,8010.0,3960.0,90
2022-04-21,21,3,16,4,2022,Summer,None,FMCG,Gulal Colors Set,35,75,114.29,10,320,200,2,0.7,0.84,2170,4185.0,2015.0,62
2022-04-22,22,4,16,4,2022,Summer,Eid,Grocery,Christmas Cake,180,320,77.78,20,55,30,2,3.6,0.8,10440,14848.0,4408.0,58
2022-04-22,22,4,16,4,2022,Summer,Eid,Grocery,Salt 1kg,18,25,38.89,10,561,120,2,0.36,0.91,2772,3465.0,693.0,154
2022-04-22,22,4,16,4,2022,Summer,Eid,FMCG,Gulal Colors Set,35,75,114.29,20,846,200,2,0.7,1.0,1540,2640.0,1100.0,44
2022-04-22,22,4,16,4,2022,Summer,Eid,Electronics,Smartphone Redmi,8500,10999,29.4,0,27,10,7,170.0,0.76,170000,219980.0,49980.0,20
2022-04-22,22,4,16,4,2022,Summer,Eid,FMCG,Diya Set 12pc,48,95,97.92,20,312,150,2,0.96,0.85,3840,6080.0,2240.0,80
2022-04-22,22,4,16,4,2022,Summer,Eid,FMCG,Soap Lux,22,32,45.45,20,594,150,3,0.44,0.89,880,1024.0,144.0,40
2022-04-22,22,4,16,4,2022,Summer,Eid,Stationery,Pen Blue Pack 10,25,40,60.0,5,592,200,2,0.5,0.7,1725,2622.0,897.0,69
2022-04-22,22,4,16,4,2022,Summer,Eid,Electronics,LED Bulb 9W,48,85,77.08,10,43,40,4,0.96,0.97,3264,5202.0,1938.0,68
2022-04-23,23,5,16,4,2022,Summer,Ram Navami,Electronics,Smartphone Redmi,8500,10999,29.4,10,14,10,7,170.0,0.95,1598000,1861030.8,263030.8,188
2022-04-23,23,5,16,4,2022,Summer,Ram Navami,Grocery,Wheat Flour 10kg,320,385,20.31,0,173,40,3,6.4,0.88,31040,37345.0,6305.0,97
2022-04-23,23,5,16,4,2022,Summer,Ram Navami,Grocery,Basmati Rice 5kg,180,225,25.0,0,84,50,3,3.6,0.8,29340,36675.0,7335.0,163
2022-04-23,23,5,16,4,2022,Summer,Ram Navami,Electronics,Power Bank 10000mAh,650,1099,69.08,5,25,15,6,13.0,0.98,91000,146167.0,55167.0,140
2022-04-23,23,5,16,4,2022,Summer,Ram Navami,Electronics,USB Cable,45,89,97.78,20,107,50,4,0.9,0.92,5175,8188.0,3013.0,115
2022-04-23,23,5,16,4,2022,Summer,Ram Navami,Fashion,Shoes Casual,350,699,99.71,0,100,25,6,7.0,0.85,26600,53124.0,26524.0,76
2022-04-23,23,5,16,4,2022,Summer,Ram Navami,Fashion,Jeans Men,450,899,99.78,0,24,20,6,9.0,0.81,54000,107880.0,53880.0,120
2022-04-24,24,6,16,4,2022,Summer,Ram Navami,Electronics,LED Bulb 9W,48,85,77.08,5,161,40,4,0.96,0.91,2448,4118.25,1670.25,51
2022-04-24,24,6,16,4,2022,Summer,Ram Navami,FMCG,Kite + String,25,55,120.0,0,506,300,2,0.5,0.9,375,825.0,450.0,15
2022-04-24,24,6,16,4,2022,Summer,Ram Navami,Grocery,Sugar 1kg,42,54,28.57,0,153,100,2,0.84,0.85,2100,2700.0,600.0,50
2022-04-24,24,6,16,4,2022,Summer,Ram Navami,FMCG,Dandiya Sticks,40,85,112.5,10,308,200,2,0.8,0.85,1960,3748.5,1788.5,49
2022-04-24,24,6,16,4,2022,Summer,Ram Navami,FMCG,Biscuit Parle-G,8,12,50.0,10,735,200,2,0.16,0.99,728,982.8,254.8,91
2022-04-24,24,6,16,4,2022,Summer,Ram Navami,Grocery,Wheat Flour 10kg,320,385,20.31,0,50,40,3,6.4,0.86,39360,47355.0,7995.0,123
2022-04-24,24,6,16,4,2022,Summer,Ram Navami,Grocery,Eid Special Dates,280,450,60.71,0,40,40,4,5.6,0.7,40600,65250.0,24650.0,145
2022-04-24,24,6,16,4,2022,Summer,Ram Navami,Fashion,Shoes Casual,350,699,99.71,0,110,25,6,7.0,0.85,16450,32853.0,16403.0,47
2022-04-25,25,0,17,4,2022,Summer,None,FMCG,Diya Set 12pc,48,95,97.92,15,453,150,2,0.96,0.78,2400,4037.5,1637.5,50
2022-04-25,25,0,17,4,2022,Summer,None,Grocery,Salt 1kg,18,25,38.89,0,567,120,2,0.36,0.71,432,600.0,168.0,24
2022-04-25,25,0,17,4,2022,Summer,None,FMCG,Biscuit Parle-G,8,12,50.0,0,520,200,2,0.16,0.83,680,1020.0,340.0,85
2022-04-26,26,1,17,4,2022,Summer,None,FMCG,Biscuit Parle-G,8,12,50.0,15,648,200,2,0.16,0.99,288,367.2,79.2,36
2022-04-26,26,1,17,4,2022,Summer,None,Grocery,Sunflower Oil 1L,120,148,23.33,0,147,60,4,2.4,0.75,2280,2812.0,532.0,19
2022-04-26,26,1,17,4,2022,Summer,None,Grocery,Basmati Rice 5kg,180,225,25.0,5,119,50,3,3.6,0.95,15480,18382.5,2902.5,86
2022-04-27,27,2,17,4,2022,Summer,None,FMCG,Gulal Colors Set,35,75,114.29,10,894,200,2,0.7,0.83,3850,7425.0,3575.0,110
2022-04-27,27,2,17,4,2022,Summer,None,Stationery,Eraser Pack,12,20,66.67,10,179,150,2,0.24,0.96,696,1044.0,348.0,58
2022-04-27,27,2,17,4,2022,Summer,None,FMCG,Detergent Surf 1kg,95,125,31.58,20,339,90,3,1.9,0.73,2945,3100.0,155.0,31
2022-04-27,27,2,17,4,2022,Summer,None,FMCG,Soap Lux,22,32,45.45,5,417,150,3,0.44,0.9,1628,2249.6,621.6,74
2022-04-27,27,2,17,4,2022,Summer,None,FMCG,Shampoo Head&Shoulders,85,115,35.29,0,375,80,4,1.7,0.92,10115,13685.0,3570.0,119
2022-04-27,27,2,17,4,2022,Summer,None,Grocery,Sugar 1kg,42,54,28.57,0,452,100,2,0.84,0.91,2604,3348.0,744.0,62
2022-04-27,27,2,17,4,2022,Summer,None,FMCG,Dandiya Sticks,40,85,112.5,0,454,200,2,0.8,0.84,3800,8075.0,4275.0,95
2022-04-27,27,2,17,4,2022,Summer,None,FMCG,Diya Set 12pc,48,95,97.92,15,721,150,2,0.96,0.97,3312,5571.75,2259.75,69
2022-04-28,28,3,17,4,2022,Summer,Ram Navami,Grocery,Sugar 1kg,42,54,28.57,0,242,100,2,0.84,0.72,2478,3186.0,708.0,59
2022-04-28,28,3,17,4,2022,Summer,Ram Navami,Grocery,Basmati Rice 5kg,180,225,25.0,0,153,50,3,3.6,0.95,25920,32400.0,6480.0,144
2022-04-28,28,3,17,4,2022,Summer,Ram Navami,FMCG,Detergent Surf 1kg,95,125,31.58,0,383,90,3,1.9,0.83,12255,16125.0,3870.0,129
2022-04-28,28,3,17,4,2022,Summer,Ram Navami,FMCG,Diya Set 12pc,48,95,97.92,20,271,150,2,0.96,0.99,6672,10564.0,3892.0,139
2022-04-28,28,3,17,4,2022,Summer,Ram Navami,FMCG,Gulal Colors Set,35,75,114.29,15,622,200,2,0.7,0.71,420,765.0,345.0,12
2022-04-28,28,3,17,4,2022,Summer,Ram Navami,FMCG,Puja Thali Set,125,245,96.0,10,204,50,3,2.5,0.99,1375,2425.5,1050.5,11
2022-04-28,28,3,17,4,2022,Summer,Ram Navami,FMCG,Dandiya Sticks,40,85,112.5,15,775,200,2,0.8,0.76,4160,7514.0,3354.0,104
2022-04-29,29,4,17,4,2022,Summer,None,Agriculture,Pesticide 500ml,180,245,36.11,10,66,20,5,3.6,0.91,15120,18522.0,3402.0,84
2022-04-29,29,4,17,4,2022,Summer,None,Fashion,Kurta Women,280,549,96.07,0,48,20,5,5.6,0.7,6160,12078.0,5918.0,22
2022-04-29,29,4,17,4,2022,Summer,None,Stationery,Notebook A4,28,45,60.71,0,291,100,3,0.56,0.91,1176,1890.0,714.0,42
2022-04-29,29,4,17,4,2022,Summer,None,Grocery,Sugar 1kg,42,54,28.57,0,467,100,2,0.84,0.92,1386,1782.0,396.0,33
2022-04-29,29,4,17,4,2022,Summer,None,Electronics,USB Cable,45,89,97.78,5,100,50,4,0.9,0.76,990,1860.1,870.1,22
2022-04-29,29,4,17,4,2022,Summer,None,Grocery,Christmas Cake,180,320,77.78,20,135,30,2,3.6,0.93,11340,16128.0,4788.0,63
2022-04-29,29,4,17,4,2022,Summer,None,Grocery,Eid Special Dates,280,450,60.71,15,146,40,4,5.6,0.71,14560,19890.0,5330.0,52
2022-04-29,29,4,17,4,2022,Summer,None,Electronics,Fan Table,850,1350,58.82,15,36,8,7,17.0,0.84,80750,109012.5,28262.5,95
2022-04-30,30,5,17,4,2022,Summer,None,FMCG,Diya Set 12pc,48,95,97.92,5,331,150,2,0.96,0.91,7248,13627.75,6379.75,151
2022-04-30,30,5,17,4,2022,Summer,None,FMCG,Shampoo Head&Shoulders,85,115,35.29,0,387,80,4,1.7,0.88,2890,3910.0,1020.0,34
2022-04-30,30,5,17,4,2022,Summer,None,FMCG,Puja Thali Set,125,245,96.0,0,157,50,3,2.5,0.99,19375,37975.0,18600.0,155
2022-04-30,30,5,17,4,2022,Summer,None,Grocery,Basmati Rice 5kg,180,225,25.0,15,137,50,3,3.6,0.99,9900,10518.75,618.75,55
2022-04-30,30,5,17,4,2022,Summer,None,FMCG,Crackers Box,200,380,90.0,5,408,100,3,4.0,0.91,7200,12996.0,5796.0,36
2022-04-30,30,5,17,4,2022,Summer,None,Grocery,Sugar 1kg,42,54,28.57,15,459,100,2,0.84,0.86,4536,4957.2,421.2,108
2022-04-30,30,5,17,4,2022,Summer,None,Agriculture,Wheat Seeds 1kg,65,95,46.15,0,55,30,5,1.3,0.76,7995,11685.0,3690.0,123
2022-05-01,1,6,17,5,2022,Summer,None,Fashion,T-Shirt Men,180,349,93.89,5,115,30,5,3.6,0.91,22680,41775.3,19095.3,126
2022-05-01,1,6,17,5,2022,Summer,None,Fashion,Shoes Casual,350,699,99.71,15,79,25,6,7.0,0.94,36400,61791.6,25391.6,104
2022-05-01,1,6,17,5,2022,Summer,None,FMCG,Shampoo Head&Shoulders,85,115,35.29,10,154,80,4,1.7,0.72,2380,2898.0,518.0,28
2022-05-01,1,6,17,5,2022,Summer,None,FMCG,Cold Drink 500ml,20,30,50.0,0,364,200,2,0.4,1.0,1060,1590.0,530.0,53
2022-05-01,1,6,17,5,2022,Summer,None,FMCG,Diya Set 12pc,48,95,97.92,15,213,150,2,0.96,0.91,2928,4925.75,1997.75,61
2022-05-01,1,6,17,5,2022,Summer,None,Fashion,Saree Cotton,350,699,99.71,0,17,15,7,7.0,0.81,18550,37047.0,18497.0,53
2022-05-01,1,6,17,5,2022,Summer,None,FMCG,Soap Lux,22,32,45.45,5,725,150,3,0.44,0.96,792,1094.4,302.4,36
2022-05-01,1,6,17,5,2022,Summer,None,Stationery,Pen Blue Pack 10,25,40,60.0,15,723,200,2,0.5,0.94,2350,3196.0,846.0,94
2022-05-02,2,0,18,5,2022,Summer,None,Fashion,T-Shirt Men,180,349,93.89,0,146,30,5,3.6,0.89,14760,28618.0,13858.0,82
2022-05-02,2,0,18,5,2022,Summer,None,Grocery,Sugar 1kg,42,54,28.57,15,379,100,2,0.84,0.92,3108,3396.6,288.6,74
2022-05-02,2,0,18,5,2022,Summer,None,Stationery,Pen Blue Pack 10,25,40,60.0,0,381,200,2,0.5,1.0,650,1040.0,390.0,26
2022-05-02,2,0,18,5,2022,Summer,None,FMCG,Dandiya Sticks,40,85,112.5,0,952,200,2,0.8,0.85,1960,4165.0,2205.0,49
2022-05-02,2,0,18,5,2022,Summer,None,Stationery,Eraser Pack,12,20,66.67,5,719,150,2,0.24,0.78,108,171.0,63.0,9
2022-05-02,2,0,18,5,2022,Summer,None,Fashion,Saree Cotton,350,699,99.71,0,15,15,7,7.0,0.8,37450,74793.0,37343.0,107
2022-05-02,2,0,18,5,2022,Summer,None,Grocery,Eid Special Dates,280,450,60.71,15,122,40,4,5.6,0.88,7000,9562.5,2562.5,25
2022-05-02,2,0,18,5,2022,Summer,None,Grocery,Basmati Rice 5kg,180,225,25.0,20,196,50,3,3.6,0.87,9900,9900.0,0.0,55
2022-05-03,3,1,18,5,2022,Summer,None,Fashion,Saree Cotton,350,699,99.71,10,25,15,7,7.0,0.82,5950,10694.7,4744.7,17
2022-05-03,3,1,18,5,2022,Summer,None,FMCG,Crackers Box,200,380,90.0,10,213,100,3,4.0,0.97,14000,23940.0,9940.0,70
2022-05-03,3,1,18,5,2022,Summer,None,Electronics,USB Cable,45,89,97.78,15,125,50,4,0.9,0.77,2745,4614.65,1869.65,61
2022-05-04,4,2,18,5,2022,Summer,Labour Day,FMCG,Crackers Box,200,380,90.0,0,158,100,3,4.0,0.82,15600,29640.0,14040.0,78
2022-05-04,4,2,18,5,2022,Summer,Labour Day,FMCG,Gulal Colors Set,35,75,114.29,10,729,200,2,0.7,0.95,2065,3982.5,1917.5,59
2022-05-04,4,2,18,5,2022,Summer,Labour Day,FMCG,Dandiya Sticks,40,85,112.5,0,656,200,2,0.8,0.85,5640,11985.0,6345.0,141
2022-05-04,4,2,18,5,2022,Summer,Labour Day,Grocery,Basmati Rice 5kg,180,225,25.0,0,71,50,3,3.6,0.98,7380,9225.0,1845.0,41
2022-05-04,4,2,18,5,2022,Summer,Labour Day,FMCG,Soap Lux,22,32,45.45,0,217,150,3,0.44,0.76,2926,4256.0,1330.0,133
2022-05-04,4,2,18,5,2022,Summer,Labour Day,Fashion,Shoes Casual,350,699,99.71,15,79,25,6,7.0,0.95,18200,30895.8,12695.8,52
2022-05-04,4,2,18,5,2022,Summer,Labour Day,Agriculture,Fertilizer NPK 1kg,125,168,34.4,0,119,25,6,2.5,0.93,14750,19824.0,5074.0,118
2022-05-05,5,3,18,5,2022,Summer,Labour Day,Grocery,Salt 1kg,18,25,38.89,10,236,120,2,0.36,0.97,396,495.0,99.0,22
2022-05-05,5,3,18,5,2022,Summer,Labour Day,FMCG,Toothpaste Colgate,55,75,36.36,5,307,100,3,1.1,0.83,5225,6768.75,1543.75,95
2022-05-05,5,3,18,5,2022,Summer,Labour Day,Grocery,Wheat Flour 10kg,320,385,20.31,0,176,40,3,6.4,0.7,28800,34650.0,5850.0,90
2022-05-05,5,3,18,5,2022,Summer,Labour Day,Agriculture,Pesticide 500ml,180,245,36.11,15,94,20,5,3.6,0.71,3600,4165.0,565.0,20
2022-05-05,5,3,18,5,2022,Summer,Labour Day,Fashion,Kurta Women,280,549,96.07,20,84,20,5,5.6,0.73,5320,8344.8,3024.8,19
2022-05-05,5,3,18,5,2022,Summer,Labour Day,Grocery,Sunflower Oil 1L,120,148,23.33,20,132,60,4,2.4,0.93,8280,8169.6,-110.4,69
2022-05-05,5,3,18,5,2022,Summer,Labour Day,Grocery,Dal Toor 1kg,95,118,24.21,5,95,80,3,1.9,0.84,7505,8855.9,1350.9,79
2022-05-05,5,3,18,5,2022,Summer,Labour Day,FMCG,Diya Set 12pc,48,95,97.92,10,550,150,2,0.96,0.94,2400,4275.0,1875.0,50
2022-05-06,6,4,18,5,2022,Summer,Labour Day,Fashion,T-Shirt Men,180,349,93.89,10,69,30,5,3.6,0.76,22860,39890.7,17030.7,127
2022-05-06,6,4,18,5,2022,Summer,Labour Day,FMCG,Toothpaste Colgate,55,75,36.36,15,430,100,3,1.1,0.96,4290,4972.5,682.5,78
2022-05-06,6,4,18,5,2022,Summer,Labour Day,Fashion,Jeans Men,450,899,99.78,0,98,20,6,9.0,0.95,13950,27869.0,13919.0,31
2022-05-06,6,4,18,5,2022,Summer,Labour Day,Stationery,Notebook A4,28,45,60.71,0,390,100,3,0.56,0.96,532,855.0,323.0,19
2022-05-06,6,4,18,5,2022,Summer,Labour Day,Grocery,Basmati Rice 5kg,180,225,25.0,20,190,50,3,3.6,0.72,20700,20700.0,0.0,115
2022-05-06,6,4,18,5,2022,Summer,Labour Day,Grocery,Eid Special Dates,280,450,60.71,15,90,40,4,5.6,0.92,5040,6885.0,1845.0,18
2022-05-06,6,4,18,5,2022,Summer,Labour Day,FMCG,Soap Lux,22,32,45.45,5,390,150,3,0.44,0.73,1738,2401.6,663.6,79
2022-05-07,7,5,18,5,2022,Summer,None,Grocery,Salt 1kg,18,25,38.89,0,533,120,2,0.36,0.79,2394,3325.0,931.0,133
2022-05-07,7,5,18,5,2022,Summer,None,Electronics,Smartphone Redmi,8500,10999,29.4,5,25,10,7,170.0,0.94,314500,386614.85,72114.85,37
2022-05-07,7,5,18,5,2022,Summer,None,Fashion,Saree Cotton,350,699,99.71,15,38,15,7,7.0,0.74,29750,50502.75,20752.75,85
2022-05-07,7,5,18,5,2022,Summer,None,FMCG,Puja Thali Set,125,245,96.0,15,168,50,3,2.5,0.83,13125,21866.25,8741.25,105
2022-05-07,7,5,18,5,2022,Summer,None,Agriculture,Fertilizer NPK 1kg,125,168,34.4,20,38,25,6,2.5,0.75,8500,9139.2,639.2,68
2022-05-07,7,5,18,5,2022,Summer,None,Fashion,Kurta Women,280,549,96.07,10,37,20,5,5.6,0.97,7280,12846.6,5566.6,26
2022-05-07,7,5,18,5,2022,Summer,None,Fashion,Jeans Men,450,899,99.78,0,100,20,6,9.0,0.72,28800,57536.0,28736.0,64
2022-05-08,8,6,18,5,2022,Summer,None,Grocery,Wheat Flour 10kg,320,385,20.31,20,49,40,3,6.4,0.87,38080,36652.0,-1428.0,119
2022-05-08,8,6,18,5,2022,Summer,None,FMCG,Diya Set 12pc,48,95,97.92,10,302,150,2,0.96,0.81,6816,12141.0,5325.0,142
2022-05-08,8,6,18,5,2022,Summer,None,Grocery,Christmas Cake,180,320,77.78,0,67,30,2,3.6,0.74,26460,47040.0,20580.0,147
2022-05-09,9,0,19,5,2022,Summer,None,FMCG,Diya Set 12pc,48,95,97.92,20,293,150,2,0.96,0.83,2064,3268.0,1204.0,43
2022-05-09,9,0,19,5,2022,Summer,None,Grocery,Dal Toor 1kg,95,118,24.21,0,154,80,3,1.9,0.92,11210,13924.0,2714.0,118
2022-05-09,9,0,19,5,2022,Summer,None,Stationery,Pencil Box,35,55,57.14,5,329,80,3,0.7,0.77,1400,2090.0,690.0,40
2022-05-09,9,0,19,5,2022,Summer,None,Stationery,Notebook A4,28,45,60.71,0,442,100,3,0.56,0.76,1288,2070.0,782.0,46
2022-05-09,9,0,19,5,2022,Summer,None,Grocery,Christmas Cake,180,320,77.78,20,147,30,2,3.6,0.84,11340,16128.0,4788.0,63
2022-05-09,9,0,19,5,2022,Summer,None,Grocery,Basmati Rice 5kg,180,225,25.0,0,132,50,3,3.6,0.73,2700,3375.0,675.0,15
2022-05-09,9,0,19,5,2022,Summer,None,Electronics,Power Bank 10000mAh,650,1099,69.08,10,31,15,6,13.0,0.87,40950,62313.3,21363.3,63
2022-05-10,10,1,19,5,2022,Summer,None,FMCG,Cold Drink 500ml,20,30,50.0,0,553,200,2,0.4,0.85,2040,3060.0,1020.0,102
2022-05-10,10,1,19,5,2022,Summer,None,Stationery,Pen Blue Pack 10,25,40,60.0,5,342,200,2,0.5,0.83,125,190.0,65.0,5
2022-05-10,10,1,19,5,2022,Summer,None,Grocery,Eid Special Dates,280,450,60.71,0,111,40,4,5.6,0.76,5040,8100.0,3060.0,18
2022-05-10,10,1,19,5,2022,Summer,None,Stationery,Notebook A4,28,45,60.71,0,467,100,3,0.56,0.95,644,1035.0,391.0,23
2022-05-10,10,1,19,5,2022,Summer,None,Grocery,Salt 1kg,18,25,38.89,15,289,120,2,0.36,0.92,756,892.5,136.5,42
2022-05-10,10,1,19,5,2022,Summer,None,Electronics,LED Bulb 9W,48,85,77.08,5,191,40,4,0.96,0.75,4368,7348.25,2980.25,91
2022-05-10,10,1,19,5,2022,Summer,None,FMCG,Dandiya Sticks,40,85,112.5,20,244,200,2,0.8,0.74,2760,4692.0,1932.0,69
2022-05-11,11,2,19,5,2022,Summer,Labour Day,FMCG,Detergent Surf 1kg,95,125,31.58,10,378,90,3,1.9,0.89,9880,11700.0,1820.0,104
2022-05-11,11,2,19,5,2022,Summer,Labour Day,FMCG,Shampoo Head&Shoulders,85,115,35.29,15,190,80,4,1.7,0.83,7395,8504.25,1109.25,87
2022-05-11,11,2,19,5,2022,Summer,Labour Day,FMCG,Diya Set 12pc,48,95,97.92,5,570,150,2,0.96,0.88,4944,9295.75,4351.75,103
2022-05-11,11,2,19,5,2022,Summer,Labour Day,Grocery,Sunflower Oil 1L,120,148,23.33,20,106,60,4,2.4,0.89,16680,16457.6,-222.4,139
2022-05-11,11,2,19,5,2022,Summer,Labour Day,FMCG,Toothpaste Colgate,55,75,36.36,10,451,100,3,1.1,0.8,3245,3982.5,737.5,59
2022-05-11,11,2,19,5,2022,Summer,Labour Day,Grocery,Sugar 1kg,42,54,28.57,5,293,100,2,0.84,0.82,4326,5283.9,957.9,103
2022-05-11,11,2,19,5,2022,Summer,Labour Day,Grocery,Christmas Cake,180,320,77.78,0,140,30,2,3.6,0.97,1620,2880.0,1260.0,9
2022-05-12,12,3,19,5,2022,Summer,None,Stationery,Eraser Pack,12,20,66.67,0,591,150,2,0.24,0.86,996,1660.0,664.0,83
2022-05-12,12,3,19,5,2022,Summer,None,FMCG,Toothpaste Colgate,55,75,36.36,0,319,100,3,1.1,0.77,880,1200.0,320.0,16
2022-05-12,12,3,19,5,2022,Summer,None,FMCG,Biscuit Parle-G,8,12,50.0,20,590,200,2,0.16,0.81,880,1056.0,176.0,110
2022-05-12,12,3,19,5,2022,Summer,None,FMCG,Cold Drink 500ml,20,30,50.0,20,337,200,2,0.4,0.78,1960,2352.0,392.0,98
2022-05-12,12,3,19,5,2022,Summer,None,FMCG,Gulal Colors Set,35,75,114.29,20,285,200,2,0.7,0.78,2065,3540.0,1475.0,59
2022-05-12,12,3,19,5,2022,Summer,None,Grocery,Sunflower Oil 1L,120,148,23.33,10,61,60,4,2.4,0.91,7920,8791.2,871.2,66
2022-05-12,12,3,19,5,2022,Summer,None,FMCG,Soap Lux,22,32,45.45,20,270,150,3,0.44,0.86,154,179.2,25.2,7
2022-05-12,12,3,19,5,2022,Summer,None,FMCG,Diya Set 12pc,48,95,97.92,5,473,150,2,0.96,0.82,2352,4422.25,2070.25,49
2022-05-13,13,4,19,5,2022,Summer,Labour Day,FMCG,Toothpaste Colgate,55,75,36.36,10,448,100,3,1.1,0.82,5225,6412.5,1187.5,95
2022-05-13,13,4,19,5,2022,Summer,Labour Day,Agriculture,Wheat Seeds 1kg,65,95,46.15,0,101,30,5,1.3,0.84,5395,7885.0,2490.0,83
2022-05-13,13,4,19,5,2022,Summer,Labour Day,Grocery,Christmas Cake,180,320,77.78,0,62,30,2,3.6,1.0,21780,38720.0,16940.0,121
2022-05-14,14,5,19,5,2022,Summer,Labour Day,Fashion,Shoes Casual,350,699,99.71,20,103,25,6,7.0,0.91,35000,55920.0,20920.0,100
2022-05-14,14,5,19,5,2022,Summer,Labour Day,Stationery,Pencil Box,35,55,57.14,15,82,80,3,0.7,0.94,490,654.5,164.5,14
2022-05-14,14,5,19,5,2022,Summer,Labour Day,FMCG,Shampoo Head&Shoulders,85,115,35.29,20,387,80,4,1.7,0.83,4505,4876.0,371.0,53
2022-05-14,14,5,19,5,2022,Summer,Labour Day,FMCG,Soap Lux,22,32,45.45,0,231,150,3,0.44,0.88,1738,2528.0,790.0,79
2022-05-14,14,5,19,5,2022,Summer,Labour Day,Electronics,USB Cable,45,89,97.78,15,152,50,4,0.9,0.88,6210,10439.7,4229.7,138
2022-05-14,14,5,19,5,2022,Summer,Labour Day,Agriculture,Fertilizer NPK 1kg,125,168,34.4,10,101,25,6,2.5,0.72,10375,12549.6,2174.6,83
2022-05-14,14,5,19,5,2022,Summer,Labour Day,FMCG,Detergent Surf 1kg,95,125,31.58,20,314,90,3,1.9,0.7,6270,6600.0,330.0,66
2022-05-15,15,6,19,5,2022,Summer,Labour Day,FMCG,Crackers Box,200,380,90.0,15,144,100,3,4.0,1.0,2600,4199.0,1599.0,13
2022-05-15,15,6,19,5,2022,Summer,Labour Day,Fashion,T-Shirt Men,180,349,93.89,20,80,30,5,3.6,0.82,17640,27361.6,9721.6,98
2022-05-15,15,6,19,5,2022,Summer,Labour Day,Electronics,Smartphone Redmi,8500,10999,29.4,0,14,10,7,170.0,0.98,1062500,1374875.0,312375.0,125
2022-05-15,15,6,19,5,2022,Summer,Labour Day,Grocery,Sunflower Oil 1L,120,148,23.33,10,203,60,4,2.4,0.97,10800,11988.0,1188.0,90
2022-05-15,15,6,19,5,2022,Summer,Labour Day,FMCG,Diya Set 12pc,48,95,97.92,0,433,150,2,0.96,0.77,6480,12825.0,6345.0,135
2022-05-15,15,6,19,5,2022,Summer,Labour Day,Electronics,USB Cable,45,89,97.78,0,197,50,4,0.9,0.7,7245,14329.0,7084.0,161
2022-05-15,15,6,19,5,2022,Summer,Labour Day,FMCG,Detergent Surf 1kg,95,125,31.58,0,376,90,3,1.9,0.72,12635,16625.0,3990.0,133
2022-05-15,15,6,19,5,2022,Summer,Labour Day,Fashion,Kurta Women,280,549,96.07,0,85,20,5,5.6,0.99,29400,57645.0,28245.0,105
2022-05-16,16,0,20,5,2022,Summer,None,Grocery,Eid Special Dates,280,450,60.71,5,47,40,4,5.6,0.84,26320,40185.0,13865.0,94
2022-05-16,16,0,20,5,2022,Summer,None,Electronics,LED Bulb 9W,48,85,77.08,0,96,40,4,0.96,0.9,816,1445.0,629.0,17
2022-05-16,16,0,20,5,2022,Summer,None,Agriculture,Fertilizer NPK 1kg,125,168,34.4,0,70,25,6,2.5,0.85,6500,8736.0,2236.0,52
2022-05-16,16,0,20,5,2022,Summer,None,Stationery,Pen Blue Pack 10,25,40,60.0,0,295,200,2,0.5,0.82,850,1360.0,510.0,34
2022-05-16,16,0,20,5,2022,Summer,None,FMCG,Gulal Colors Set,35,75,114.29,15,382,200,2,0.7,0.84,2065,3761.25,1696.25,59
2022-05-16,16,0,20,5,2022,Summer,None,Electronics,Power Bank 10000mAh,650,1099,69.08,0,32,15,6,13.0,0.75,33150,56049.0,22899.0,51
2022-05-16,16,0,20,5,2022,Summer,None,Fashion,Kurta Women,280,549,96.07,15,45,20,5,5.6,0.77,9520,15866.1,6346.1,34
2022-05-17,17,1,20,5,2022,Summer,None,Electronics,LED Bulb 9W,48,85,77.08,20,67,40,4,0.96,0.74,2880,4080.0,1200.0,60
2022-05-17,17,1,20,5,2022,Summer,None,Electronics,Earphones Boat,350,599,71.14,0,89,20,5,7.0,0.99,34650,59301.0,24651.0,99
2022-05-17,17,1,20,5,2022,Summer,None,Electronics,USB Cable,45,89,97.78,20,130,50,4,0.9,0.85,3915,6194.4,2279.4,87
2022-05-17,17,1,20,5,2022,Summer,None,Electronics,Smartphone Redmi,8500,10999,29.4,10,42,10,7,170.0,0.78,467500,544450.5,76950.5,55
2022-05-18,18,2,20,5,2022,Summer,None,Grocery,Eid Special Dates,280,450,60.71,5,128,40,4,5.6,0.82,21840,33345.0,11505.0,78
2022-05-18,18,2,20,5,2022,Summer,None,FMCG,Shampoo Head&Shoulders,85,115,35.29,15,141,80,4,1.7,0.91,3315,3812.25,497.25,39
2022-05-18,18,2,20,5,2022,Summer,None,Grocery,Sugar 1kg,42,54,28.57,5,106,100,2,0.84,0.9,2604,3180.6,576.6,62
2022-05-18,18,2,20,5,2022,Summer,None,FMCG,Crackers Box,200,380,90.0,5,285,100,3,4.0,0.88,19800,35739.0,15939.0,99
2022-05-19,19,3,20,5,2022,Summer,None,FMCG,Cold Drink 500ml,20,30,50.0,10,710,200,2,0.4,0.83,1360,1836.0,476.0,68
2022-05-19,19,3,20,5,2022,Summer,None,FMCG,Dandiya Sticks,40,85,112.5,5,610,200,2,0.8,0.78,2920,5894.75,2974.75,73
2022-05-19,19,3,20,5,2022,Summer,None,Electronics,LED Bulb 9W,48,85,77.08,0,187,40,4,0.96,0.91,4464,7905.0,3441.0,93
2022-05-19,19,3,20,5,2022,Summer,None,Electronics,Power Bank 10000mAh,650,1099,69.08,20,66,15,6,13.0,0.77,16250,21980.0,5730.0,25
2022-05-19,19,3,20,5,2022,Summer,None,Electronics,Fan Table,850,1350,58.82,5,17,8,7,17.0,0.84,55250,83362.5,28112.5,65
2022-05-20,20,4,20,5,2022,Summer,Labour Day,FMCG,Cold Drink 500ml,20,30,50.0,20,775,200,2,0.4,0.96,2200,2640.0,440.0,110
2022-05-20,20,4,20,5,2022,Summer,Labour Day,Stationery,Eraser Pack,12,20,66.67,0,317,150,2,0.24,0.72,660,1100.0,440.0,55
2022-05-20,20,4,20,5,2022,Summer,Labour Day,FMCG,Puja Thali Set,125,245,96.0,20,211,50,3,2.5,0.73,8125,12740.0,4615.0,65
2022-05-21,21,5,20,5,2022,Summer,Labour Day,Fashion,Kurta Women,280,549,96.07,10,88,20,5,5.6,0.75,43120,76091.4,32971.4,154
2022-05-21,21,5,20,5,2022,Summer,Labour Day,Electronics,LED Bulb 9W,48,85,77.08,20,170,40,4,0.96,0.85,4032,5712.0,1680.0,84
2022-05-21,21,5,20,5,2022,Summer,Labour Day,Stationery,Notebook A4,28,45,60.71,15,295,100,3,0.56,0.88,3108,4245.75,1137.75,111
2022-05-21,21,5,20,5,2022,Summer,Labour Day,FMCG,Dandiya Sticks,40,85,112.5,5,855,200,2,0.8,0.94,2440,4925.75,2485.75,61
2022-05-21,21,5,20,5,2022,Summer,Labour Day,Grocery,Eid Special Dates,280,450,60.71,0,186,40,4,5.6,0.82,34440,55350.0,20910.0,123
2022-05-21,21,5,20,5,2022,Summer,Labour Day,Fashion,Shoes Casual,350,699,99.71,0,54,25,6,7.0,0.79,8400,16776.0,8376.0,24
2022-05-21,21,5,20,5,2022,Summer,Labour Day,Grocery,Wheat Flour 10kg,320,385,20.31,15,194,40,3,6.4,0.89,29440,30107.0,667.0,92
2022-05-21,21,5,20,5,2022,Summer,Labour Day,Electronics,Earphones Boat,350,599,71.14,0,66,20,5,7.0,0.92,51800,88652.0,36852.0,148
2022-05-22,22,6,20,5,2022,Summer,None,Agriculture,Fertilizer NPK 1kg,125,168,34.4,15,75,25,6,2.5,0.73,2500,2856.0,356.0,20
2022-05-22,22,6,20,5,2022,Summer,None,Stationery,Eraser Pack,12,20,66.67,0,176,150,2,0.24,0.93,1032,1720.0,688.0,86
2022-05-22,22,6,20,5,2022,Summer,None,FMCG,Detergent Surf 1kg,95,125,31.58,10,406,90,3,1.9,0.75,2280,2700.0,420.0,24
2022-05-22,22,6,20,5,2022,Summer,None,FMCG,Cold Drink 500ml,20,30,50.0,15,453,200,2,0.4,0.92,1940,2473.5,533.5,97
2022-05-22,22,6,20,5,2022,Summer,None,Grocery,Wheat Flour 10kg,320,385,20.31,5,83,40,3,6.4,0.71,9600,10972.5,1372.5,30
2022-05-22,22,6,20,5,2022,Summer,None,FMCG,Shampoo Head&Shoulders,85,115,35.29,15,246,80,4,1.7,0.96,9435,10850.25,1415.25,111
2022-05-22,22,6,20,5,2022,Summer,None,Electronics,Power Bank 10000mAh,650,1099,69.08,5,50,15,6,13.0,0.83,102700,164959.9,62259.9,158
2022-05-23,23,0,21,5,2022,Summer,None,FMCG,Kite + String,25,55,120.0,20,1049,300,2,0.5,0.82,575,1012.0,437.0,23
2022-05-23,23,0,21,5,2022,Summer,None,FMCG,Cold Drink 500ml,20,30,50.0,0,735,200,2,0.4,0.94,1020,1530.0,510.0,51
2022-05-23,23,0,21,5,2022,Summer,None,Agriculture,Pesticide 500ml,180,245,36.11,20,80,20,5,3.6,0.86,4320,4704.0,384.0,24
2022-05-23,23,0,21,5,2022,Summer,None,Agriculture,Wheat Seeds 1kg,65,95,46.15,15,91,30,5,1.3,0.79,6110,7590.5,1480.5,94
2022-05-23,23,0,21,5,2022,Summer,None,FMCG,Crackers Box,200,380,90.0,20,405,100,3,4.0,0.77,20000,30400.0,10400.0,100
2022-05-23,23,0,21,5,2022,Summer,None,Fashion,Jeans Men,450,899,99.78,0,72,20,6,9.0,0.96,38250,76415.0,38165.0,85
2022-05-23,23,0,21,5,2022,Summer,None,Fashion,Shoes Casual,350,699,99.71,5,116,25,6,7.0,0.92,20650,39178.95,18528.95,59
2022-05-23,23,0,21,5,2022,Summer,None,Electronics,Power Bank 10000mAh,650,1099,69.08,5,20,15,6,13.0,0.83,42250,67863.25,25613.25,65
2022-05-24,24,1,21,5,2022,Summer,None,FMCG,Crackers Box,200,380,90.0,5,193,100,3,4.0,0.74,9800,17689.0,7889.0,49
2022-05-24,24,1,21,5,2022,Summer,None,Electronics,Fan Table,850,1350,58.82,0,25,8,7,17.0,0.91,78200,124200.0,46000.0,92
2022-05-24,24,1,21,5,2022,Summer,None,Fashion,T-Shirt Men,180,349,93.89,5,49,30,5,3.6,0.71,5760,10609.6,4849.6,32
2022-05-24,24,1,21,5,2022,Summer,None,FMCG,Kite + String,25,55,120.0,10,509,300,2,0.5,0.78,225,445.5,220.5,9
2022-05-25,25,2,21,5,2022,Summer,Labour Day,Agriculture,Fertilizer NPK 1kg,125,168,34.4,0,125,25,6,2.5,0.94,8250,11088.0,2838.0,66
2022-05-25,25,2,21,5,2022,Summer,Labour Day,Grocery,Basmati Rice 5kg,180,225,25.0,0,58,50,3,3.6,0.8,19260,24075.0,4815.0,107
2022-05-25,25,2,21,5,2022,Summer,Labour Day,Electronics,USB Cable,45,89,97.78,20,248,50,4,0.9,0.82,1395,2207.2,812.2,31
2022-05-25,25,2,21,5,2022,Summer,Labour Day,Grocery,Dal Toor 1kg,95,118,24.21,10,208,80,3,1.9,0.95,8360,9345.6,985.6,88
2022-05-26,26,3,21,5,2022,Summer,None,FMCG,Soap Lux,22,32,45.45,5,184,150,3,0.44,0.76,1298,1793.6,495.6,59
2022-05-26,26,3,21,5,2022,Summer,None,Electronics,Power Bank 10000mAh,650,1099,69.08,15,28,15,6,13.0,0.84,15600,22419.6,6819.6,24
2022-05-26,26,3,21,5,2022,Summer,None,Stationery,Pen Blue Pack 10,25,40,60.0,15,362,200,2,0.5,0.89,1275,1734.0,459.0,51
2022-05-27,27,4,21,5,2022,Summer,Labour Day,FMCG,Dandiya Sticks,40,85,112.5,0,882,200,2,0.8,0.77,4240,9010.0,4770.0,106
2022-05-27,27,4,21,5,2022,Summer,Labour Day,FMCG,Crackers Box,200,380,90.0,0,266,100,3,4.0,0.7,13200,25080.0,11880.0,66
2022-05-27,27,4,21,5,2022,Summer,Labour Day,FMCG,Soap Lux,22,32,45.45,20,555,150,3,0.44,0.94,1628,1894.4,266.4,74
2022-05-28,28,5,21,5,2022,Summer,None,Grocery,Sunflower Oil 1L,120,148,23.33,0,123,60,4,2.4,0.75,11640,14356.0,2716.0,97
2022-05-28,28,5,21,5,2022,Summer,None,Grocery,Christmas Cake,180,320,77.78,0,127,30,2,3.6,0.89,17100,30400.0,13300.0,95
2022-05-28,28,5,21,5,2022,Summer,None,FMCG,Gulal Colors Set,35,75,114.29,0,918,200,2,0.7,0.86,3605,7725.0,4120.0,103
2022-05-29,29,6,21,5,2022,Summer,None,FMCG,Shampoo Head&Shoulders,85,115,35.29,10,304,80,4,1.7,0.92,9095,11074.5,1979.5,107
2022-05-29,29,6,21,5,2022,Summer,None,FMCG,Puja Thali Set,125,245,96.0,0,84,50,3,2.5,0.78,12125,23765.0,11640.0,97
2022-05-29,29,6,21,5,2022,Summer,None,Electronics,USB Cable,45,89,97.78,0,193,50,4,0.9,0.79,5940,11748.0,5808.0,132
2022-05-30,30,0,22,5,2022,Summer,None,FMCG,Puja Thali Set,125,245,96.0,10,185,50,3,2.5,0.75,12125,21388.5,9263.5,97
2022-05-30,30,0,22,5,2022,Summer,None,Electronics,Smartphone Redmi,8500,10999,29.4,0,39,10,7,170.0,0.7,459000,593946.0,134946.0,54
2022-05-30,30,0,22,5,2022,Summer,None,FMCG,Cold Drink 500ml,20,30,50.0,15,389,200,2,0.4,0.96,1960,2499.0,539.0,98
2022-05-30,30,0,22,5,2022,Summer,None,FMCG,Kite + String,25,55,120.0,10,789,300,2,0.5,0.8,2100,4158.0,2058.0,84
2022-05-30,30,0,22,5,2022,Summer,None,Fashion,Shoes Casual,350,699,99.71,0,49,25,6,7.0,0.86,34300,68502.0,34202.0,98
2022-05-30,30,0,22,5,2022,Summer,None,Fashion,Saree Cotton,350,699,99.71,5,33,15,7,7.0,0.8,26950,51131.85,24181.85,77
2022-05-30,30,0,22,5,2022,Summer,None,Agriculture,Pesticide 500ml,180,245,36.11,15,86,20,5,3.6,0.9,8280,9579.5,1299.5,46
2022-05-30,30,0,22,5,2022,Summer,None,FMCG,Shampoo Head&Shoulders,85,115,35.29,0,96,80,4,1.7,0.76,2295,3105.0,810.0,27
2022-05-31,31,1,22,5,2022,Summer,Labour Day,Electronics,Smartphone Redmi,8500,10999,29.4,10,23,10,7,170.0,0.9,153000,178183.8,25183.8,18
2022-05-31,31,1,22,5,2022,Summer,Labour Day,FMCG,Biscuit Parle-G,8,12,50.0,20,854,200,2,0.16,0.72,208,249.6,41.6,26
2022-05-31,31,1,22,5,2022,Summer,Labour Day,Grocery,Sunflower Oil 1L,120,148,23.33,10,263,60,4,2.4,0.91,12240,13586.4,1346.4,102
2022-05-31,31,1,22,5,2022,Summer,Labour Day,Stationery,Pen Blue Pack 10,25,40,60.0,20,951,200,2,0.5,0.72,1175,1504.0,329.0,47
2022-05-31,31,1,22,5,2022,Summer,Labour Day,FMCG,Puja Thali Set,125,245,96.0,0,182,50,3,2.5,0.73,3625,7105.0,3480.0,29
2022-05-31,31,1,22,5,2022,Summer,Labour Day,Electronics,LED Bulb 9W,48,85,77.08,15,88,40,4,0.96,0.76,2736,4118.25,1382.25,57
2022-06-01,1,2,22,6,2022,Rainy,None,Electronics,Power Bank 10000mAh,650,1099,69.08,0,50,15,6,13.0,0.82,20150,34069.0,13919.0,31
2022-06-01,1,2,22,6,2022,Rainy,None,Grocery,Eid Special Dates,280,450,60.71,0,193,40,4,5.6,0.83,10640,17100.0,6460.0,38
2022-06-01,1,2,22,6,2022,Rainy,None,FMCG,Cold Drink 500ml,20,30,50.0,0,532,200,2,0.4,0.95,1180,1770.0,590.0,59
2022-06-01,1,2,22,6,2022,Rainy,None,Stationery,Eraser Pack,12,20,66.67,5,481,150,2,0.24,0.88,972,1539.0,567.0,81
2022-06-01,1,2,22,6,2022,Rainy,None,FMCG,Biscuit Parle-G,8,12,50.0,10,984,200,2,0.16,0.87,680,918.0,238.0,85
2022-06-01,1,2,22,6,2022,Rainy,None,Fashion,Shoes Casual,350,699,99.71,15,82,25,6,7.0,0.83,10850,18418.65,7568.65,31
2022-06-01,1,2,22,6,2022,Rainy,None,Agriculture,Pesticide 500ml,180,245,36.11,5,56,20,5,3.6,0.88,1260,1629.25,369.25,7
2022-06-01,1,2,22,6,2022,Rainy,None,FMCG,Diya Set 12pc,48,95,97.92,10,459,150,2,0.96,0.7,1632,2907.0,1275.0,34
2022-06-02,2,3,22,6,2022,Rainy,None,Electronics,Earphones Boat,350,599,71.14,10,93,20,5,7.0,0.75,29750,45823.5,16073.5,85
2022-06-02,2,3,22,6,2022,Rainy,None,Fashion,Saree Cotton,350,699,99.71,0,23,15,7,7.0,0.78,18550,37047.0,18497.0,53
2022-06-02,2,3,22,6,2022,Rainy,None,Grocery,Wheat Flour 10kg,320,385,20.31,10,116,40,3,6.4,0.73,15360,16632.0,1272.0,48
2022-06-02,2,3,22,6,2022,Rainy,None,Electronics,Fan Table,850,1350,58.82,5,12,8,7,17.0,0.92,83300,125685.0,42385.0,98
2022-06-03,3,4,22,6,2022,Rainy,None,FMCG,Cold Drink 500ml,20,30,50.0,0,644,200,2,0.4,0.82,1140,1710.0,570.0,57
2022-06-03,3,4,22,6,2022,Rainy,None,FMCG,Puja Thali Set,125,245,96.0,20,108,50,3,2.5,0.92,3625,5684.0,2059.0,29
2022-06-03,3,4,22,6,2022,Rainy,None,FMCG,Biscuit Parle-G,8,12,50.0,20,847,200,2,0.16,0.81,64,76.8,12.8,8
2022-06-03,3,4,22,6,2022,Rainy,None,Fashion,Jeans Men,450,899,99.78,0,89,20,6,9.0,0.87,23400,46748.0,23348.0,52
2022-06-03,3,4,22,6,2022,Rainy,None,Grocery,Sunflower Oil 1L,120,148,23.33,0,99,60,4,2.4,0.72,13320,16428.0,3108.0,111
2022-06-03,3,4,22,6,2022,Rainy,None,Stationery,Pen Blue Pack 10,25,40,60.0,15,970,200,2,0.5,0.88,1950,2652.0,702.0,78
2022-06-04,4,5,22,6,2022,Rainy,None,Grocery,Dal Toor 1kg,95,118,24.21,5,360,80,3,1.9,0.82,15865,18720.7,2855.7,167
2022-06-04,4,5,22,6,2022,Rainy,None,Electronics,USB Cable,45,89,97.78,0,248,50,4,0.9,0.91,3600,7120.0,3520.0,80
2022-06-04,4,5,22,6,2022,Rainy,None,Agriculture,Wheat Seeds 1kg,65,95,46.15,20,55,30,5,1.3,0.85,2535,2964.0,429.0,39
2022-06-04,4,5,22,6,2022,Rainy,None,Fashion,T-Shirt Men,180,349,93.89,15,108,30,5,3.6,1.0,14400,23732.0,9332.0,80
2022-06-04,4,5,22,6,2022,Rainy,None,Stationery,Pencil Box,35,55,57.14,10,216,80,3,0.7,0.93,1750,2475.0,725.0,50
2022-06-04,4,5,22,6,2022,Rainy,None,FMCG,Toothpaste Colgate,55,75,36.36,0,443,100,3,1.1,0.82,6050,8250.0,2200.0,110
2022-06-04,4,5,22,6,2022,Rainy,None,FMCG,Shampoo Head&Shoulders,85,115,35.29,0,256,80,4,1.7,0.88,6120,8280.0,2160.0,72
2022-06-05,5,6,22,6,2022,Rainy,None,Fashion,Jeans Men,450,899,99.78,20,76,20,6,9.0,0.71,33300,53220.8,19920.8,74
2022-06-05,5,6,22,6,2022,Rainy,None,FMCG,Detergent Surf 1kg,95,125,31.58,20,281,90,3,1.9,0.75,4750,5000.0,250.0,50
2022-06-05,5,6,22,6,2022,Rainy,None,Fashion,Shoes Casual,350,699,99.71,15,31,25,6,7.0,0.77,4900,8318.1,3418.1,14
2022-06-06,6,0,23,6,2022,Rainy,None,FMCG,Toothpaste Colgate,55,75,36.36,0,208,100,3,1.1,0.76,2420,3300.0,880.0,44
2022-06-06,6,0,23,6,2022,Rainy,None,Fashion,T-Shirt Men,180,349,93.89,10,109,30,5,3.6,0.92,6120,10679.4,4559.4,34
2022-06-06,6,0,23,6,2022,Rainy,None,Grocery,Basmati Rice 5kg,180,225,25.0,0,219,50,3,3.6,0.86,1620,2025.0,405.0,9
2022-06-06,6,0,23,6,2022,Rainy,None,Fashion,Kurta Women,280,549,96.07,0,45,20,5,5.6,0.94,5320,10431.0,5111.0,19
2022-06-06,6,0,23,6,2022,Rainy,None,FMCG,Soap Lux,22,32,45.45,10,158,150,3,0.44,0.72,902,1180.8,278.8,41
2022-06-06,6,0,23,6,2022,Rainy,None,Fashion,Jeans Men,450,899,99.78,15,66,20,6,9.0,0.96,16650,28273.55,11623.55,37
2022-06-06,6,0,23,6,2022,Rainy,None,Agriculture,Fertilizer NPK 1kg,125,168,34.4,0,108,25,6,2.5,0.82,8375,11256.0,2881.0,67
2022-06-07,7,1,23,6,2022,Rainy,None,FMCG,Diya Set 12pc,48,95,97.92,5,172,150,2,0.96,0.71,5520,10378.75,4858.75,115
2022-06-07,7,1,23,6,2022,Rainy,None,FMCG,Biscuit Parle-G,8,12,50.0,10,602,200,2,0.16,0.92,424,572.4,148.4,53
2022-06-07,7,1,23,6,2022,Rainy,None,Fashion,Saree Cotton,350,699,99.71,0,37,15,7,7.0,0.89,16450,32853.0,16403.0,47
2022-06-07,7,1,23,6,2022,Rainy,None,FMCG,Puja Thali Set,125,245,96.0,0,65,50,3,2.5,0.89,10125,19845.0,9720.0,81
2022-06-07,7,1,23,6,2022,Rainy,None,Grocery,Dal Toor 1kg,95,118,24.21,5,223,80,3,1.9,0.77,1330,1569.4,239.4,14
2022-06-07,7,1,23,6,2022,Rainy,None,FMCG,Cold Drink 500ml,20,30,50.0,0,289,200,2,0.4,0.92,1500,2250.0,750.0,75
2022-06-08,8,2,23,6,2022,Rainy,None,Electronics,USB Cable,45,89,97.78,0,198,50,4,0.9,0.86,1620,3204.0,1584.0,36
2022-06-08,8,2,23,6,2022,Rainy,None,Stationery,Eraser Pack,12,20,66.67,20,466,150,2,0.24,0.91,492,656.0,164.0,41
2022-06-08,8,2,23,6,2022,Rainy,None,Electronics,Power Bank 10000mAh,650,1099,69.08,10,73,15,6,13.0,0.99,14950,22749.3,7799.3,23
2022-06-08,8,2,23,6,2022,Rainy,None,FMCG,Toothpaste Colgate,55,75,36.36,0,262,100,3,1.1,0.72,6380,8700.0,2320.0,116
2022-06-08,8,2,23,6,2022,Rainy,None,Agriculture,Wheat Seeds 1kg,65,95,46.15,10,137,30,5,1.3,0.96,1560,2052.0,492.0,24
2022-06-08,8,2,23,6,2022,Rainy,None,Fashion,Jeans Men,450,899,99.78,15,72,20,6,9.0,0.99,3150,5349.05,2199.05,7
2022-06-08,8,2,23,6,2022,Rainy,None,Fashion,Kurta Women,280,549,96.07,0,55,20,5,5.6,0.75,16800,32940.0,16140.0,60
2022-06-09,9,3,23,6,2022,Rainy,None,FMCG,Biscuit Parle-G,8,12,50.0,10,827,200,2,0.16,0.77,416,561.6,145.6,52
2022-06-09,9,3,23,6,2022,Rainy,None,FMCG,Shampoo Head&Shoulders,85,115,35.29,0,263,80,4,1.7,0.72,3995,5405.0,1410.0,47
2022-06-09,9,3,23,6,2022,Rainy,None,FMCG,Cold Drink 500ml,20,30,50.0,20,819,200,2,0.4,0.84,1460,1752.0,292.0,73
2022-06-09,9,3,23,6,2022,Rainy,None,Grocery,Wheat Flour 10kg,320,385,20.31,15,139,40,3,6.4,0.85,21760,22253.0,493.0,68
2022-06-10,10,4,23,6,2022,Rainy,None,FMCG,Detergent Surf 1kg,95,125,31.58,0,203,90,3,1.9,0.92,5605,7375.0,1770.0,59
2022-06-10,10,4,23,6,2022,Rainy,None,Electronics,Smartphone Redmi,8500,10999,29.4,0,38,10,7,170.0,0.96,238000,307972.0,69972.0,28
2022-06-10,10,4,23,6,2022,Rainy,None,Electronics,USB Cable,45,89,97.78,5,113,50,4,0.9,0.83,2610,4903.9,2293.9,58
2022-06-10,10,4,23,6,2022,Rainy,None,Grocery,Sunflower Oil 1L,120,148,23.33,20,271,60,4,2.4,0.81,1800,1776.0,-24.0,15
2022-06-11,11,5,23,6,2022,Rainy,None,Stationery,Pencil Box,35,55,57.14,5,101,80,3,0.7,0.96,3885,5799.75,1914.75,111
2022-06-11,11,5,23,6,2022,Rainy,None,Grocery,Eid Special Dates,280,450,60.71,0,50,40,4,5.6,0.87,39200,63000.0,23800.0,140
2022-06-11,11,5,23,6,2022,Rainy,None,FMCG,Kite + String,25,55,120.0,10,1200,300,2,0.5,0.82,400,792.0,392.0,16
2022-06-11,11,5,23,6,2022,Rainy,None,FMCG,Crackers Box,200,380,90.0,0,316,100,3,4.0,0.79,13600,25840.0,12240.0,68
2022-06-11,11,5,23,6,2022,Rainy,None,Grocery,Sunflower Oil 1L,120,148,23.33,0,178,60,4,2.4,0.95,19200,23680.0,4480.0,160
2022-06-12,12,6,23,6,2022,Rainy,None,Grocery,Dal Toor 1kg,95,118,24.21,5,382,80,3,1.9,0.97,1235,1457.3,222.3,13
2022-06-12,12,6,23,6,2022,Rainy,None,FMCG,Diya Set 12pc,48,95,97.92,0,481,150,2,0.96,0.91,4272,8455.0,4183.0,89
2022-06-12,12,6,23,6,2022,Rainy,None,FMCG,Soap Lux,22,32,45.45,15,276,150,3,0.44,0.73,990,1224.0,234.0,45
2022-06-12,12,6,23,6,2022,Rainy,None,FMCG,Cold Drink 500ml,20,30,50.0,15,287,200,2,0.4,0.86,2200,2805.0,605.0,110
2022-06-12,12,6,23,6,2022,Rainy,None,FMCG,Shampoo Head&Shoulders,85,115,35.29,5,161,80,4,1.7,0.81,10455,13437.75,2982.75,123
2022-06-12,12,6,23,6,2022,Rainy,None,Stationery,Pencil Box,35,55,57.14,5,251,80,3,0.7,0.87,595,888.25,293.25,17
2022-06-13,13,0,24,6,2022,Rainy,None,FMCG,Toothpaste Colgate,55,75,36.36,5,160,100,3,1.1,0.97,3025,3918.75,893.75,55
2022-06-13,13,0,24,6,2022,Rainy,None,FMCG,Detergent Surf 1kg,95,125,31.58,0,219,90,3,1.9,0.7,570,750.0,180.0,6
2022-06-13,13,0,24,6,2022,Rainy,None,Grocery,Christmas Cake,180,320,77.78,5,30,30,2,3.6,0.88,18540,31312.0,12772.0,103
2022-06-13,13,0,24,6,2022,Rainy,None,FMCG,Cold Drink 500ml,20,30,50.0,5,875,200,2,0.4,0.84,800,1140.0,340.0,40
2022-06-13,13,0,24,6,2022,Rainy,None,Grocery,Sugar 1kg,42,54,28.57,5,407,100,2,0.84,0.7,3192,3898.8,706.8,76
2022-06-13,13,0,24,6,2022,Rainy,None,Stationery,Eraser Pack,12,20,66.67,10,720,150,2,0.24,0.95,600,900.0,300.0,50
2022-06-13,13,0,24,6,2022,Rainy,None,Fashion,Jeans Men,450,899,99.78,0,27,20,6,9.0,0.9,3600,7192.0,3592.0,8
2022-06-13,13,0,24,6,2022,Rainy,None,FMCG,Dandiya Sticks,40,85,112.5,0,883,200,2,0.8,0.87,1360,2890.0,1530.0,34
2022-06-14,14,1,24,6,2022,Rainy,None,Fashion,Jeans Men,450,899,99.78,0,42,20,6,9.0,0.99,35100,70122.0,35022.0,78
2022-06-14,14,1,24,6,2022,Rainy,None,Fashion,Kurta Women,280,549,96.07,15,24,20,5,5.6,0.73,18760,31265.55,12505.55,67
2022-06-14,14,1,24,6,2022,Rainy,None,Grocery,Dal Toor 1kg,95,118,24.21,0,274,80,3,1.9,0.95,6175,7670.0,1495.0,65
2022-06-14,14,1,24,6,2022,Rainy,None,Grocery,Sugar 1kg,42,54,28.57,20,133,100,2,0.84,0.79,4200,4320.0,120.0,100
2022-06-14,14,1,24,6,2022,Rainy,None,FMCG,Biscuit Parle-G,8,12,50.0,0,481,200,2,0.16,0.8,224,336.0,112.0,28
2022-06-14,14,1,24,6,2022,Rainy,None,Stationery,Eraser Pack,12,20,66.67,5,364,150,2,0.24,0.88,912,1444.0,532.0,76
2022-06-14,14,1,24,6,2022,Rainy,None,FMCG,Cold Drink 500ml,20,30,50.0,0,844,200,2,0.4,0.86,2200,3300.0,1100.0,110
2022-06-15,15,2,24,6,2022,Rainy,None,FMCG,Gulal Colors Set,35,75,114.29,0,838,200,2,0.7,0.81,1715,3675.0,1960.0,49
2022-06-15,15,2,24,6,2022,Rainy,None,Fashion,T-Shirt Men,180,349,93.89,0,123,30,5,3.6,0.89,12420,24081.0,11661.0,69
2022-06-15,15,2,24,6,2022,Rainy,None,Agriculture,Wheat Seeds 1kg,65,95,46.15,5,59,30,5,1.3,0.91,2925,4061.25,1136.25,45
2022-06-16,16,3,24,6,2022,Rainy,None,Grocery,Basmati Rice 5kg,180,225,25.0,0,156,50,3,3.6,0.82,9360,11700.0,2340.0,52
2022-06-16,16,3,24,6,2022,Rainy,None,FMCG,Soap Lux,22,32,45.45,0,367,150,3,0.44,0.7,1430,2080.0,650.0,65
2022-06-16,16,3,24,6,2022,Rainy,None,Grocery,Wheat Flour 10kg,320,385,20.31,0,57,40,3,6.4,0.79,17600,21175.0,3575.0,55
2022-06-16,16,3,24,6,2022,Rainy,None,Agriculture,Pesticide 500ml,180,245,36.11,10,20,20,5,3.6,0.73,17460,21388.5,3928.5,97
2022-06-17,17,4,24,6,2022,Rainy,None,Fashion,Kurta Women,280,549,96.07,20,81,20,5,5.6,0.97,14000,21960.0,7960.0,50
2022-06-17,17,4,24,6,2022,Rainy,None,Stationery,Pencil Box,35,55,57.14,20,326,80,3,0.7,0.75,385,484.0,99.0,11
2022-06-17,17,4,24,6,2022,Rainy,None,Grocery,Eid Special Dates,280,450,60.71,5,158,40,4,5.6,0.94,35280,53865.0,18585.0,126
2022-06-17,17,4,24,6,2022,Rainy,None,Grocery,Wheat Flour 10kg,320,385,20.31,5,116,40,3,6.4,0.87,6400,7315.0,915.0,20
2022-06-17,17,4,24,6,2022,Rainy,None,FMCG,Cold Drink 500ml,20,30,50.0,15,219,200,2,0.4,0.76,1180,1504.5,324.5,59
2022-06-18,18,5,24,6,2022,Rainy,None,Fashion,Kurta Women,280,549,96.07,20,69,20,5,5.6,0.76,8680,13615.2,4935.2,31
2022-06-18,18,5,24,6,2022,Rainy,None,Fashion,Shoes Casual,350,699,99.71,0,65,25,6,7.0,0.91,19250,38445.0,19195.0,55
2022-06-18,18,5,24,6,2022,Rainy,None,Grocery,Salt 1kg,18,25,38.89,0,569,120,2,0.36,0.77,1656,2300.0,644.0,92
2022-06-18,18,5,24,6,2022,Rainy,None,FMCG,Toothpaste Colgate,55,75,36.36,5,254,100,3,1.1,0.75,3520,4560.0,1040.0,64
2022-06-18,18,5,24,6,2022,Rainy,None,Electronics,Fan Table,850,1350,58.82,0,13,8,7,17.0,0.83,11900,18900.0,7000.0,14
2022-06-18,18,5,24,6,2022,Rainy,None,Grocery,Wheat Flour 10kg,320,385,20.31,0,79,40,3,6.4,0.76,47680,57365.0,9685.0,149
2022-06-18,18,5,24,6,2022,Rainy,None,Grocery,Christmas Cake,180,320,77.78,5,71,30,2,3.6,0.74,23220,39216.0,15996.0,129
2022-06-18,18,5,24,6,2022,Rainy,None,Electronics,Smartphone Redmi,8500,10999,29.4,20,43,10,7,170.0,0.9,229500,237578.4,8078.4,27
2022-06-19,19,6,24,6,2022,Rainy,None,Electronics,Earphones Boat,350,599,71.14,10,25,20,5,7.0,0.91,7350,11321.1,3971.1,21
2022-06-19,19,6,24,6,2022,Rainy,None,Grocery,Sunflower Oil 1L,120,148,23.33,10,287,60,4,2.4,0.71,3480,3862.8,382.8,29
2022-06-19,19,6,24,6,2022,Rainy,None,Agriculture,Pesticide 500ml,180,245,36.11,10,59,20,5,3.6,0.89,11520,14112.0,2592.0,64
2022-06-19,19,6,24,6,2022,Rainy,None,Stationery,Pen Blue Pack 10,25,40,60.0,0,493,200,2,0.5,0.78,1575,2520.0,945.0,63
2022-06-20,20,0,25,6,2022,Rainy,None,Agriculture,Fertilizer NPK 1kg,125,168,34.4,0,51,25,6,2.5,0.86,13250,17808.0,4558.0,106
2022-06-20,20,0,25,6,2022,Rainy,None,FMCG,Soap Lux,22,32,45.45,10,440,150,3,0.44,0.87,1166,1526.4,360.4,53
2022-06-20,20,0,25,6,2022,Rainy,None,Electronics,Fan Table,850,1350,58.82,0,29,8,7,17.0,0.86,11900,18900.0,7000.0,14
2022-06-20,20,0,25,6,2022,Rainy,None,FMCG,Toothpaste Colgate,55,75,36.36,0,445,100,3,1.1,0.72,1210,1650.0,440.0,22
2022-06-20,20,0,25,6,2022,Rainy,None,FMCG,Detergent Surf 1kg,95,125,31.58,5,290,90,3,1.9,0.75,1045,1306.25,261.25,11
2022-06-21,21,1,25,6,2022,Rainy,None,Grocery,Christmas Cake,180,320,77.78,20,41,30,2,3.6,0.94,17640,25088.0,7448.0,98
2022-06-21,21,1,25,6,2022,Rainy,None,Agriculture,Fertilizer NPK 1kg,125,168,34.4,15,64,25,6,2.5,0.91,9375,10710.0,1335.0,75
2022-06-21,21,1,25,6,2022,Rainy,None,Fashion,Shoes Casual,350,699,99.71,15,53,25,6,7.0,0.74,19600,33272.4,13672.4,56
2022-06-21,21,1,25,6,2022,Rainy,None,Fashion,Jeans Men,450,899,99.78,10,70,20,6,9.0,0.76,17550,31554.9,14004.9,39
2022-06-21,21,1,25,6,2022,Rainy,None,Fashion,Kurta Women,280,549,96.07,15,61,20,5,5.6,0.84,13160,21932.55,8772.55,47
2022-06-21,21,1,25,6,2022,Rainy,None,Electronics,Smartphone Redmi,8500,10999,29.4,0,32,10,7,170.0,0.84,119000,153986.0,34986.0,14
2022-06-21,21,1,25,6,2022,Rainy,None,Grocery,Dal Toor 1kg,95,118,24.21,20,258,80,3,1.9,0.88,3325,3304.0,-21.0,35
2022-06-22,22,2,25,6,2022,Rainy,None,FMCG,Diya Set 12pc,48,95,97.92,0,560,150,2,0.96,0.88,2688,5320.0,2632.0,56
2022-06-22,22,2,25,6,2022,Rainy,None,FMCG,Biscuit Parle-G,8,12,50.0,0,693,200,2,0.16,0.82,376,564.0,188.0,47
2022-06-22,22,2,25,6,2022,Rainy,None,Stationery,Pencil Box,35,55,57.14,0,382,80,3,0.7,0.83,1435,2255.0,820.0,41
2022-06-22,22,2,25,6,2022,Rainy,None,Fashion,Saree Cotton,350,699,99.71,5,49,15,7,7.0,0.91,26950,51131.85,24181.85,77
2022-06-23,23,3,25,6,2022,Rainy,None,Grocery,Salt 1kg,18,25,38.89,5,540,120,2,0.36,0.83,1260,1662.5,402.5,70
2022-06-23,23,3,25,6,2022,Rainy,None,Grocery,Eid Special Dates,280,450,60.71,0,67,40,4,5.6,0.91,19320,31050.0,11730.0,69
2022-06-23,23,3,25,6,2022,Rainy,None,FMCG,Puja Thali Set,125,245,96.0,10,215,50,3,2.5,0.9,8000,14112.0,6112.0,64
2022-06-23,23,3,25,6,2022,Rainy,None,FMCG,Soap Lux,22,32,45.45,0,744,150,3,0.44,0.97,1012,1472.0,460.0,46
2022-06-24,24,4,25,6,2022,Rainy,None,Grocery,Basmati Rice 5kg,180,225,25.0,0,223,50,3,3.6,0.79,11880,14850.0,2970.0,66
2022-06-24,24,4,25,6,2022,Rainy,None,FMCG,Toothpaste Colgate,55,75,36.36,5,398,100,3,1.1,0.7,4180,5415.0,1235.0,76
2022-06-24,24,4,25,6,2022,Rainy,None,Grocery,Eid Special Dates,280,450,60.71,10,115,40,4,5.6,0.72,26600,38475.0,11875.0,95
2022-06-24,24,4,25,6,2022,Rainy,None,Agriculture,Fertilizer NPK 1kg,125,168,34.4,10,96,25,6,2.5,0.95,1500,1814.4,314.4,12
2022-06-24,24,4,25,6,2022,Rainy,None,Fashion,T-Shirt Men,180,349,93.89,0,140,30,5,3.6,0.71,3420,6631.0,3211.0,19
2022-06-24,24,4,25,6,2022,Rainy,None,Stationery,Pen Blue Pack 10,25,40,60.0,5,525,200,2,0.5,0.91,2275,3458.0,1183.0,91
2022-06-24,24,4,25,6,2022,Rainy,None,FMCG,Kite + String,25,55,120.0,5,732,300,2,0.5,0.9,1675,3500.75,1825.75,67
2022-06-24,24,4,25,6,2022,Rainy,None,FMCG,Biscuit Parle-G,8,12,50.0,5,593,200,2,0.16,0.95,200,285.0,85.0,25
2022-06-25,25,5,25,6,2022,Rainy,None,Stationery,Eraser Pack,12,20,66.67,0,648,150,2,0.24,0.9,468,780.0,312.0,39
2022-06-25,25,5,25,6,2022,Rainy,None,FMCG,Toothpaste Colgate,55,75,36.36,0,312,100,3,1.1,0.96,1155,1575.0,420.0,21
2022-06-25,25,5,25,6,2022,Rainy,None,Fashion,T-Shirt Men,180,349,93.89,20,88,30,5,3.6,0.85,12960,20102.4,7142.4,72
2022-06-25,25,5,25,6,2022,Rainy,None,FMCG,Shampoo Head&Shoulders,85,115,35.29,10,195,80,4,1.7,0.76,8415,10246.5,1831.5,99
2022-06-25,25,5,25,6,2022,Rainy,None,Grocery,Basmati Rice 5kg,180,225,25.0,10,237,50,3,3.6,0.77,1800,2025.0,225.0,10
2022-06-26,26,6,25,6,2022,Rainy,None,Electronics,Fan Table,850,1350,58.82,0,13,8,7,17.0,0.74,95200,151200.0,56000.0,112
2022-06-26,26,6,25,6,2022,Rainy,None,Stationery,Eraser Pack,12,20,66.67,15,436,150,2,0.24,0.84,1608,2278.0,670.0,134
2022-06-26,26,6,25,6,2022,Rainy,None,FMCG,Kite + String,25,55,120.0,0,481,300,2,0.5,0.77,3450,7590.0,4140.0,138
2022-06-26,26,6,25,6,2022,Rainy,None,Stationery,Notebook A4,28,45,60.71,15,376,100,3,0.56,0.94,644,879.75,235.75,23
2022-06-26,26,6,25,6,2022,Rainy,None,Grocery,Sunflower Oil 1L,120,148,23.33,0,196,60,4,2.4,0.93,2880,3552.0,672.0,24
2022-06-26,26,6,25,6,2022,Rainy,None,FMCG,Crackers Box,200,380,90.0,5,340,100,3,4.0,0.87,21400,38627.0,17227.0,107
2022-06-26,26,6,25,6,2022,Rainy,None,FMCG,Gulal Colors Set,35,75,114.29,0,501,200,2,0.7,0.79,3220,6900.0,3680.0,92
2022-06-27,27,0,26,6,2022,Rainy,None,Fashion,Jeans Men,450,899,99.78,5,26,20,6,9.0,0.9,27450,52097.05,24647.05,61
2022-06-27,27,0,26,6,2022,Rainy,None,Grocery,Eid Special Dates,280,450,60.71,0,61,40,4,5.6,0.74,2800,4500.0,1700.0,10
2022-06-27,27,0,26,6,2022,Rainy,None,Electronics,LED Bulb 9W,48,85,77.08,0,197,40,4,0.96,0.78,1872,3315.0,1443.0,39
2022-06-28,28,1,26,6,2022,Rainy,None,Grocery,Basmati Rice 5kg,180,225,25.0,0,229,50,3,3.6,0.77,6480,8100.0,1620.0,36
2022-06-28,28,1,26,6,2022,Rainy,None,FMCG,Soap Lux,22,32,45.45,0,501,150,3,0.44,1.0,2354,3424.0,1070.0,107
2022-06-28,28,1,26,6,2022,Rainy,None,FMCG,Cold Drink 500ml,20,30,50.0,0,970,200,2,0.4,1.0,700,1050.0,350.0,35
2022-06-28,28,1,26,6,2022,Rainy,None,Grocery,Christmas Cake,180,320,77.78,20,86,30,2,3.6,0.92,12960,18432.0,5472.0,72
2022-06-28,28,1,26,6,2022,Rainy,None,FMCG,Toothpaste Colgate,55,75,36.36,0,276,100,3,1.1,0.72,2255,3075.0,820.0,41
2022-06-29,29,2,26,6,2022,Rainy,None,FMCG,Soap Lux,22,32,45.45,5,549,150,3,0.44,0.84,1848,2553.6,705.6,84
2022-06-29,29,2,26,6,2022,Rainy,None,Grocery,Sugar 1kg,42,54,28.57,0,106,100,2,0.84,0.79,5166,6642.0,1476.0,123
2022-06-29,29,2,26,6,2022,Rainy,None,FMCG,Detergent Surf 1kg,95,125,31.58,20,251,90,3,1.9,0.99,7220,7600.0,380.0,76
2022-06-29,29,2,26,6,2022,Rainy,None,Agriculture,Pesticide 500ml,180,245,36.11,15,88,20,5,3.6,0.89,1980,2290.75,310.75,11
2022-06-29,29,2,26,6,2022,Rainy,None,Stationery,Pencil Box,35,55,57.14,20,219,80,3,0.7,0.8,2625,3300.0,675.0,75
2022-06-30,30,3,26,6,2022,Rainy,None,FMCG,Biscuit Parle-G,8,12,50.0,15,802,200,2,0.16,0.93,392,499.8,107.8,49
2022-06-30,30,3,26,6,2022,Rainy,None,Electronics,LED Bulb 9W,48,85,77.08,10,86,40,4,0.96,0.79,2688,4284.0,1596.0,56
2022-06-30,30,3,26,6,2022,Rainy,None,Grocery,Christmas Cake,180,320,77.78,0,31,30,2,3.6,0.82,1800,3200.0,1400.0,10
2022-06-30,30,3,26,6,2022,Rainy,None,Stationery,Pencil Box,35,55,57.14,10,259,80,3,0.7,0.77,805,1138.5,333.5,23
2022-06-30,30,3,26,6,2022,Rainy,None,Agriculture,Pesticide 500ml,180,245,36.11,0,23,20,5,3.6,0.89,8100,11025.0,2925.0,45
2022-07-01,1,4,26,7,2022,Rainy,None,Electronics,Earphones Boat,350,599,71.14,0,92,20,5,7.0,0.94,21350,36539.0,15189.0,61
2022-07-01,1,4,26,7,2022,Rainy,None,FMCG,Soap Lux,22,32,45.45,0,409,150,3,0.44,0.79,572,832.0,260.0,26
2022-07-01,1,4,26,7,2022,Rainy,None,Grocery,Dal Toor 1kg,95,118,24.21,15,221,80,3,1.9,0.93,2090,2206.6,116.6,22
2022-07-02,2,5,26,7,2022,Rainy,None,Fashion,Saree Cotton,350,699,99.71,0,31,15,7,7.0,0.75,18200,36348.0,18148.0,52
2022-07-02,2,5,26,7,2022,Rainy,None,Electronics,LED Bulb 9W,48,85,77.08,0,91,40,4,0.96,0.88,5472,9690.0,4218.0,114
2022-07-02,2,5,26,7,2022,Rainy,None,FMCG,Detergent Surf 1kg,95,125,31.58,0,366,90,3,1.9,0.93,9025,11875.0,2850.0,95
2022-07-02,2,5,26,7,2022,Rainy,None,Grocery,Salt 1kg,18,25,38.89,0,486,120,2,0.36,0.78,720,1000.0,280.0,40
2022-07-02,2,5,26,7,2022,Rainy,None,Electronics,Fan Table,850,1350,58.82,0,24,8,7,17.0,0.93,13600,21600.0,8000.0,16
2022-07-02,2,5,26,7,2022,Rainy,None,Grocery,Sugar 1kg,42,54,28.57,0,427,100,2,0.84,0.7,4746,6102.0,1356.0,113
2022-07-02,2,5,26,7,2022,Rainy,None,Stationery,Pen Blue Pack 10,25,40,60.0,0,916,200,2,0.5,0.8,1900,3040.0,1140.0,76
2022-07-02,2,5,26,7,2022,Rainy,None,Electronics,Smartphone Redmi,8500,10999,29.4,5,41,10,7,170.0,0.84,756500,929965.45,173465.45,89
2022-07-03,3,6,26,7,2022,Rainy,Muharram,Grocery,Salt 1kg,18,25,38.89,0,443,120,2,0.36,1.0,1872,2600.0,728.0,104
2022-07-03,3,6,26,7,2022,Rainy,Muharram,FMCG,Kite + String,25,55,120.0,15,996,300,2,0.5,0.72,825,1542.75,717.75,33
2022-07-03,3,6,26,7,2022,Rainy,Muharram,Electronics,USB Cable,45,89,97.78,5,95,50,4,0.9,0.87,3690,6933.1,3243.1,82
2022-07-03,3,6,26,7,2022,Rainy,Muharram,Grocery,Basmati Rice 5kg,180,225,25.0,5,149,50,3,3.6,0.97,12060,14321.25,2261.25,67
2022-07-03,3,6,26,7,2022,Rainy,Muharram,Stationery,Pen Blue Pack 10,25,40,60.0,15,847,200,2,0.5,0.83,2500,3400.0,900.0,100
2022-07-03,3,6,26,7,2022,Rainy,Muharram,FMCG,Gulal Colors Set,35,75,114.29,0,225,200,2,0.7,0.92,1365,2925.0,1560.0,39
2022-07-04,4,0,27,7,2022,Rainy,None,Electronics,Power Bank 10000mAh,650,1099,69.08,0,36,15,6,13.0,0.94,5850,9891.0,4041.0,9
2022-07-04,4,0,27,7,2022,Rainy,None,FMCG,Puja Thali Set,125,245,96.0,0,217,50,3,2.5,0.9,7625,14945.0,7320.0,61
2022-07-04,4,0,27,7,2022,Rainy,None,Stationery,Pen Blue Pack 10,25,40,60.0,5,793,200,2,0.5,0.77,1875,2850.0,975.0,75
2022-07-04,4,0,27,7,2022,Rainy,None,Grocery,Salt 1kg,18,25,38.89,0,370,120,2,0.36,0.9,252,350.0,98.0,14
2022-07-04,4,0,27,7,2022,Rainy,None,Fashion,Jeans Men,450,899,99.78,5,36,20,6,9.0,0.7,3600,6832.4,3232.4,8
2022-07-04,4,0,27,7,2022,Rainy,None,Grocery,Eid Special Dates,280,450,60.71,15,64,40,4,5.6,0.84,5320,7267.5,1947.5,19
2022-07-04,4,0,27,7,2022,Rainy,None,Agriculture,Fertilizer NPK 1kg,125,168,34.4,0,38,25,6,2.5,0.73,11500,15456.0,3956.0,92
2022-07-05,5,1,27,7,2022,Rainy,Muharram,Electronics,USB Cable,45,89,97.78,0,201,50,4,0.9,0.75,2250,4450.0,2200.0,50
2022-07-05,5,1,27,7,2022,Rainy,Muharram,Grocery,Salt 1kg,18,25,38.89,0,507,120,2,0.36,0.82,630,875.0,245.0,35
2022-07-05,5,1,27,7,2022,Rainy,Muharram,Electronics,Smartphone Redmi,8500,10999,29.4,15,38,10,7,170.0,0.77,637500,701186.25,63686.25,75
2022-07-05,5,1,27,7,2022,Rainy,Muharram,Agriculture,Wheat Seeds 1kg,65,95,46.15,10,131,30,5,1.3,0.95,975,1282.5,307.5,15
2022-07-05,5,1,27,7,2022,Rainy,Muharram,Fashion,Kurta Women,280,549,96.07,10,22,20,5,5.6,0.96,19040,33598.8,14558.8,68
2022-07-05,5,1,27,7,2022,Rainy,Muharram,Stationery,Pencil Box,35,55,57.14,0,125,80,3,0.7,0.91,210,330.0,120.0,6
2022-07-05,5,1,27,7,2022,Rainy,Muharram,Fashion,Saree Cotton,350,699,99.71,10,66,15,7,7.0,0.94,16100,28938.6,12838.6,46
2022-07-06,6,2,27,7,2022,Rainy,None,FMCG,Shampoo Head&Shoulders,85,115,35.29,0,335,80,4,1.7,0.88,1020,1380.0,360.0,12
2022-07-06,6,2,27,7,2022,Rainy,None,Electronics,Earphones Boat,350,599,71.14,0,20,20,5,7.0,0.87,15400,26356.0,10956.0,44
2022-07-06,6,2,27,7,2022,Rainy,None,FMCG,Toothpaste Colgate,55,75,36.36,0,148,100,3,1.1,0.89,1705,2325.0,620.0,31
2022-07-06,6,2,27,7,2022,Rainy,None,Electronics,Fan Table,850,1350,58.82,20,37,8,7,17.0,0.93,68850,87480.0,18630.0,81
2022-07-06,6,2,27,7,2022,Rainy,None,FMCG,Crackers Box,200,380,90.0,15,199,100,3,4.0,0.73,7200,11628.0,4428.0,36
2022-07-06,6,2,27,7,2022,Rainy,None,Agriculture,Fertilizer NPK 1kg,125,168,34.4,0,45,25,6,2.5,0.9,11250,15120.0,3870.0,90
2022-07-07,7,3,27,7,2022,Rainy,Muharram,Grocery,Sugar 1kg,42,54,28.57,0,479,100,2,0.84,0.72,4200,5400.0,1200.0,100
2022-07-07,7,3,27,7,2022,Rainy,Muharram,Stationery,Notebook A4,28,45,60.71,10,114,100,3,0.56,0.85,1008,1458.0,450.0,36
2022-07-07,7,3,27,7,2022,Rainy,Muharram,Fashion,T-Shirt Men,180,349,93.89,0,122,30,5,3.6,0.83,3240,6282.0,3042.0,18
2022-07-08,8,4,27,7,2022,Rainy,Muharram,Fashion,Saree Cotton,350,699,99.71,15,39,15,7,7.0,0.97,26600,45155.4,18555.4,76
2022-07-08,8,4,27,7,2022,Rainy,Muharram,Stationery,Eraser Pack,12,20,66.67,0,205,150,2,0.24,0.97,1248,2080.0,832.0,104
2022-07-08,8,4,27,7,2022,Rainy,Muharram,Electronics,Smartphone Redmi,8500,10999,29.4,0,39,10,7,170.0,0.75,450500,582947.0,132447.0,53
2022-07-08,8,4,27,7,2022,Rainy,Muharram,Grocery,Christmas Cake,180,320,77.78,0,54,30,2,3.6,0.89,7560,13440.0,5880.0,42
2022-07-08,8,4,27,7,2022,Rainy,Muharram,Electronics,USB Cable,45,89,97.78,0,58,50,4,0.9,0.91,1800,3560.0,1760.0,40
2022-07-08,8,4,27,7,2022,Rainy,Muharram,FMCG,Soap Lux,22,32,45.45,0,626,150,3,0.44,0.84,1254,1824.0,570.0,57
2022-07-08,8,4,27,7,2022,Rainy,Muharram,FMCG,Kite + String,25,55,120.0,0,904,300,2,0.5,0.88,1800,3960.0,2160.0,72
2022-07-09,9,5,27,7,2022,Rainy,None,FMCG,Detergent Surf 1kg,95,125,31.58,10,232,90,3,1.9,0.7,11780,13950.0,2170.0,124
2022-07-09,9,5,27,7,2022,Rainy,None,Grocery,Eid Special Dates,280,450,60.71,5,151,40,4,5.6,0.87,17640,26932.5,9292.5,63
2022-07-09,9,5,27,7,2022,Rainy,None,FMCG,Dandiya Sticks,40,85,112.5,10,205,200,2,0.8,0.83,1880,3595.5,1715.5,47
2022-07-09,9,5,27,7,2022,Rainy,None,Electronics,USB Cable,45,89,97.78,0,237,50,4,0.9,0.93,765,1513.0,748.0,17
2022-07-09,9,5,27,7,2022,Rainy,None,Grocery,Dal Toor 1kg,95,118,24.21,0,325,80,3,1.9,0.94,11020,13688.0,2668.0,116
2022-07-09,9,5,27,7,2022,Rainy,None,Stationery,Eraser Pack,12,20,66.67,15,396,150,2,0.24,0.72,312,442.0,130.0,26
2022-07-09,9,5,27,7,2022,Rainy,None,FMCG,Puja Thali Set,125,245,96.0,20,154,50,3,2.5,0.98,1250,1960.0,710.0,10
2022-07-09,9,5,27,7,2022,Rainy,None,Agriculture,Wheat Seeds 1kg,65,95,46.15,0,112,30,5,1.3,1.0,5395,7885.0,2490.0,83
2022-07-10,10,6,27,7,2022,Rainy,None,FMCG,Gulal Colors Set,35,75,114.29,20,224,200,2,0.7,0.99,5040,8640.0,3600.0,144
2022-07-10,10,6,27,7,2022,Rainy,None,Fashion,Jeans Men,450,899,99.78,5,71,20,6,9.0,0.76,13050,24767.45,11717.45,29
2022-07-10,10,6,27,7,2022,Rainy,None,FMCG,Detergent Surf 1kg,95,125,31.58,20,450,90,3,1.9,0.89,8740,9200.0,460.0,92
2022-07-11,11,0,28,7,2022,Rainy,Muharram,Grocery,Salt 1kg,18,25,38.89,20,291,120,2,0.36,0.92,540,600.0,60.0,30
2022-07-11,11,0,28,7,2022,Rainy,Muharram,Stationery,Pen Blue Pack 10,25,40,60.0,0,890,200,2,0.5,0.81,3200,5120.0,1920.0,128
2022-07-11,11,0,28,7,2022,Rainy,Muharram,Fashion,Kurta Women,280,549,96.07,0,79,20,5,5.6,0.89,5880,11529.0,5649.0,21
2022-07-11,11,0,28,7,2022,Rainy,Muharram,FMCG,Crackers Box,200,380,90.0,0,386,100,3,4.0,0.91,14800,28120.0,13320.0,74
2022-07-11,11,0,28,7,2022,Rainy,Muharram,Grocery,Sunflower Oil 1L,120,148,23.33,10,145,60,4,2.4,0.77,6120,6793.2,673.2,51
2022-07-11,11,0,28,7,2022,Rainy,Muharram,Fashion,T-Shirt Men,180,349,93.89,0,126,30,5,3.6,0.87,15120,29316.0,14196.0,84
2022-07-11,11,0,28,7,2022,Rainy,Muharram,Agriculture,Wheat Seeds 1kg,65,95,46.15,15,127,30,5,1.3,0.77,4030,5006.5,976.5,62
2022-07-11,11,0,28,7,2022,Rainy,Muharram,Grocery,Eid Special Dates,280,450,60.71,0,148,40,4,5.6,0.78,21280,34200.0,12920.0,76
2022-07-12,12,1,28,7,2022,Rainy,None,Stationery,Notebook A4,28,45,60.71,10,372,100,3,0.56,0.9,644,931.5,287.5,23
2022-07-12,12,1,28,7,2022,Rainy,None,Fashion,Shoes Casual,350,699,99.71,10,72,25,6,7.0,0.94,12950,23276.7,10326.7,37
2022-07-12,12,1,28,7,2022,Rainy,None,Agriculture,Fertilizer NPK 1kg,125,168,34.4,15,83,25,6,2.5,0.73,1875,2142.0,267.0,15
2022-07-13,13,2,28,7,2022,Rainy,Muharram,FMCG,Cold Drink 500ml,20,30,50.0,5,733,200,2,0.4,0.99,920,1311.0,391.0,46
2022-07-13,13,2,28,7,2022,Rainy,Muharram,Fashion,T-Shirt Men,180,349,93.89,0,117,30,5,3.6,0.86,8460,16403.0,7943.0,47
2022-07-13,13,2,28,7,2022,Rainy,Muharram,Grocery,Salt 1kg,18,25,38.89,0,347,120,2,0.36,0.92,2124,2950.0,826.0,118
2022-07-13,13,2,28,7,2022,Rainy,Muharram,FMCG,Biscuit Parle-G,8,12,50.0,0,222,200,2,0.16,0.96,496,744.0,248.0,62
2022-07-13,13,2,28,7,2022,Rainy,Muharram,FMCG,Detergent Surf 1kg,95,125,31.58,0,300,90,3,1.9,0.87,11970,15750.0,3780.0,126
2022-07-13,13,2,28,7,2022,Rainy,Muharram,Electronics,Fan Table,850,1350,58.82,15,36,8,7,17.0,0.84,55250,74587.5,19337.5,65
2022-07-14,14,3,28,7,2022,Rainy,None,FMCG,Shampoo Head&Shoulders,85,115,35.29,20,225,80,4,1.7,0.84,1020,1104.0,84.0,12
2022-07-14,14,3,28,7,2022,Rainy,None,Fashion,Jeans Men,450,899,99.78,0,56,20,6,9.0,0.75,10800,21576.0,10776.0,24
2022-07-14,14,3,28,7,2022,Rainy,None,FMCG,Detergent Surf 1kg,95,125,31.58,0,149,90,3,1.9,0.71,2470,3250.0,780.0,26
2022-07-14,14,3,28,7,2022,Rainy,None,Electronics,LED Bulb 9W,48,85,77.08,0,106,40,4,0.96,0.81,3456,6120.0,2664.0,72
2022-07-14,14,3,28,7,2022,Rainy,None,Electronics,USB Cable,45,89,97.78,0,220,50,4,0.9,0.8,4050,8010.0,3960.0,90
2022-07-14,14,3,28,7,2022,Rainy,None,FMCG,Gulal Colors Set,35,75,114.29,0,752,200,2,0.7,0.99,980,2100.0,1120.0,28
2022-07-14,14,3,28,7,2022,Rainy,None,Stationery,Notebook A4,28,45,60.71,10,112,100,3,0.56,0.82,1204,1741.5,537.5,43
2022-07-15,15,4,28,7,2022,Rainy,None,FMCG,Toothpaste Colgate,55,75,36.36,15,248,100,3,1.1,0.99,2970,3442.5,472.5,54
2022-07-15,15,4,28,7,2022,Rainy,None,Agriculture,Pesticide 500ml,180,245,36.11,20,92,20,5,3.6,0.92,20880,22736.0,1856.0,116
2022-07-15,15,4,28,7,2022,Rainy,None,Fashion,Saree Cotton,350,699,99.71,5,61,15,7,7.0,0.84,16100,30546.3,14446.3,46
2022-07-15,15,4,28,7,2022,Rainy,None,Grocery,Christmas Cake,180,320,77.78,0,44,30,2,3.6,0.79,6300,11200.0,4900.0,35
2022-07-15,15,4,28,7,2022,Rainy,None,Grocery,Basmati Rice 5kg,180,225,25.0,5,73,50,3,3.6,0.8,8640,10260.0,1620.0,48
2022-07-15,15,4,28,7,2022,Rainy,None,FMCG,Diya Set 12pc,48,95,97.92,10,377,150,2,0.96,0.93,1824,3249.0,1425.0,38
2022-07-16,16,5,28,7,2022,Rainy,None,Electronics,Smartphone Redmi,8500,10999,29.4,0,41,10,7,170.0,0.8,807500,1044905.0,237405.0,95
2022-07-16,16,5,28,7,2022,Rainy,None,Grocery,Wheat Flour 10kg,320,385,20.31,10,132,40,3,6.4,0.82,51200,55440.0,4240.0,160
2022-07-16,16,5,28,7,2022,Rainy,None,Grocery,Dal Toor 1kg,95,118,24.21,15,270,80,3,1.9,0.7,10355,10932.7,577.7,109
2022-07-16,16,5,28,7,2022,Rainy,None,FMCG,Kite + String,25,55,120.0,0,1212,300,2,0.5,0.96,1900,4180.0,2280.0,76
2022-07-16,16,5,28,7,2022,Rainy,None,Agriculture,Fertilizer NPK 1kg,125,168,34.4,0,81,25,6,2.5,0.92,7875,10584.0,2709.0,63
2022-07-17,17,6,28,7,2022,Rainy,None,Agriculture,Fertilizer NPK 1kg,125,168,34.4,10,63,25,6,2.5,0.84,3000,3628.8,628.8,24
2022-07-17,17,6,28,7,2022,Rainy,None,Fashion,T-Shirt Men,180,349,93.89,20,38,30,5,3.6,0.98,18000,27920.0,9920.0,100
2022-07-17,17,6,28,7,2022,Rainy,None,FMCG,Detergent Surf 1kg,95,125,31.58,10,299,90,3,1.9,0.89,7030,8325.0,1295.0,74
2022-07-17,17,6,28,7,2022,Rainy,None,Agriculture,Wheat Seeds 1kg,65,95,46.15,0,89,30,5,1.3,0.91,5915,8645.0,2730.0,91
2022-07-17,17,6,28,7,2022,Rainy,None,Stationery,Eraser Pack,12,20,66.67,20,540,150,2,0.24,0.79,360,480.0,120.0,30
2022-07-17,17,6,28,7,2022,Rainy,None,FMCG,Shampoo Head&Shoulders,85,115,35.29,5,234,80,4,1.7,0.95,1615,2075.75,460.75,19
2022-07-18,18,0,29,7,2022,Rainy,None,FMCG,Puja Thali Set,125,245,96.0,0,213,50,3,2.5,0.95,5625,11025.0,5400.0,45
2022-07-18,18,0,29,7,2022,Rainy,None,FMCG,Dandiya Sticks,40,85,112.5,5,494,200,2,0.8,0.83,1080,2180.25,1100.25,27
2022-07-18,18,0,29,7,2022,Rainy,None,Agriculture,Pesticide 500ml,180,245,36.11,5,55,20,5,3.6,0.85,7200,9310.0,2110.0,40
2022-07-18,18,0,29,7,2022,Rainy,None,Electronics,USB Cable,45,89,97.78,0,194,50,4,0.9,0.83,2565,5073.0,2508.0,57
2022-07-18,18,0,29,7,2022,Rainy,None,Grocery,Wheat Flour 10kg,320,385,20.31,0,70,40,3,6.4,0.81,36800,44275.0,7475.0,115
2022-07-19,19,1,29,7,2022,Rainy,None,Grocery,Eid Special Dates,280,450,60.71,0,109,40,4,5.6,0.81,17920,28800.0,10880.0,64
2022-07-19,19,1,29,7,2022,Rainy,None,Grocery,Wheat Flour 10kg,320,385,20.31,15,114,40,3,6.4,0.86,19520,19962.25,442.25,61
2022-07-19,19,1,29,7,2022,Rainy,None,Electronics,LED Bulb 9W,48,85,77.08,0,200,40,4,0.96,0.75,3216,5695.0,2479.0,67
2022-07-19,19,1,29,7,2022,Rainy,None,FMCG,Detergent Surf 1kg,95,125,31.58,0,251,90,3,1.9,0.95,3230,4250.0,1020.0,34
2022-07-19,19,1,29,7,2022,Rainy,None,Grocery,Sugar 1kg,42,54,28.57,15,457,100,2,0.84,0.91,2436,2662.2,226.2,58
2022-07-19,19,1,29,7,2022,Rainy,None,FMCG,Toothpaste Colgate,55,75,36.36,0,173,100,3,1.1,0.7,5335,7275.0,1940.0,97
2022-07-19,19,1,29,7,2022,Rainy,None,Fashion,Saree Cotton,350,699,99.71,10,46,15,7,7.0,0.82,12250,22018.5,9768.5,35
2022-07-19,19,1,29,7,2022,Rainy,None,Electronics,USB Cable,45,89,97.78,0,178,50,4,0.9,0.77,765,1513.0,748.0,17
2022-07-20,20,2,29,7,2022,Rainy,None,FMCG,Dandiya Sticks,40,85,112.5,0,217,200,2,0.8,0.84,1080,2295.0,1215.0,27
2022-07-20,20,2,29,7,2022,Rainy,None,FMCG,Crackers Box,200,380,90.0,0,326,100,3,4.0,0.97,11200,21280.0,10080.0,56
2022-07-20,20,2,29,7,2022,Rainy,None,FMCG,Kite + String,25,55,120.0,10,1000,300,2,0.5,0.75,2550,5049.0,2499.0,102
2022-07-20,20,2,29,7,2022,Rainy,None,FMCG,Soap Lux,22,32,45.45,0,271,150,3,0.44,0.77,242,352.0,110.0,11
2022-07-21,21,3,29,7,2022,Rainy,None,FMCG,Toothpaste Colgate,55,75,36.36,20,496,100,3,1.1,0.85,1100,1200.0,100.0,20
2022-07-21,21,3,29,7,2022,Rainy,None,Electronics,USB Cable,45,89,97.78,5,58,50,4,0.9,0.94,405,760.95,355.95,9
2022-07-21,21,3,29,7,2022,Rainy,None,Fashion,Jeans Men,450,899,99.78,10,35,20,6,9.0,0.97,26550,47736.9,21186.9,59
2022-07-21,21,3,29,7,2022,Rainy,None,FMCG,Shampoo Head&Shoulders,85,115,35.29,0,85,80,4,1.7,0.93,1275,1725.0,450.0,15
2022-07-21,21,3,29,7,2022,Rainy,None,Electronics,Earphones Boat,350,599,71.14,20,46,20,5,7.0,0.88,8750,11980.0,3230.0,25
2022-07-21,21,3,29,7,2022,Rainy,None,FMCG,Kite + String,25,55,120.0,0,359,300,2,0.5,0.73,950,2090.0,1140.0,38
2022-07-21,21,3,29,7,2022,Rainy,None,Grocery,Dal Toor 1kg,95,118,24.21,20,258,80,3,1.9,0.81,6650,6608.0,-42.0,70
2022-07-21,21,3,29,7,2022,Rainy,None,FMCG,Crackers Box,200,380,90.0,20,413,100,3,4.0,0.77,19800,30096.0,10296.0,99
2022-07-22,22,4,29,7,2022,Rainy,Muharram,Grocery,Salt 1kg,18,25,38.89,15,591,120,2,0.36,0.85,684,807.5,123.5,38
2022-07-22,22,4,29,7,2022,Rainy,Muharram,FMCG,Biscuit Parle-G,8,12,50.0,15,803,200,2,0.16,0.76,824,1050.6,226.6,103
2022-07-22,22,4,29,7,2022,Rainy,Muharram,Grocery,Basmati Rice 5kg,180,225,25.0,15,140,50,3,3.6,0.99,5400,5737.5,337.5,30
2022-07-22,22,4,29,7,2022,Rainy,Muharram,FMCG,Crackers Box,200,380,90.0,5,308,100,3,4.0,0.73,10800,19494.0,8694.0,54
2022-07-22,22,4,29,7,2022,Rainy,Muharram,Electronics,Earphones Boat,350,599,71.14,0,86,20,5,7.0,0.74,9800,16772.0,6972.0,28
2022-07-22,22,4,29,7,2022,Rainy,Muharram,Electronics,Smartphone Redmi,8500,10999,29.4,20,45,10,7,170.0,0.92,663000,686337.6,23337.6,78
2022-07-22,22,4,29,7,2022,Rainy,Muharram,Fashion,T-Shirt Men,180,349,93.89,0,79,30,5,3.6,0.79,9540,18497.0,8957.0,53
2022-07-23,23,5,29,7,2022,Rainy,None,Fashion,Jeans Men,450,899,99.78,20,67,20,6,9.0,0.75,40050,64008.8,23958.8,89
2022-07-23,23,5,29,7,2022,Rainy,None,Agriculture,Fertilizer NPK 1kg,125,168,34.4,15,75,25,6,2.5,0.83,16250,18564.0,2314.0,130
2022-07-23,23,5,29,7,2022,Rainy,None,Electronics,USB Cable,45,89,97.78,15,151,50,4,0.9,0.82,810,1361.7,551.7,18
2022-07-23,23,5,29,7,2022,Rainy,None,Stationery,Eraser Pack,12,20,66.67,10,322,150,2,0.24,0.72,360,540.0,180.0,30
2022-07-23,23,5,29,7,2022,Rainy,None,Fashion,T-Shirt Men,180,349,93.89,0,138,30,5,3.6,1.0,8820,17101.0,8281.0,49
2022-07-23,23,5,29,7,2022,Rainy,None,Agriculture,Wheat Seeds 1kg,65,95,46.15,0,122,30,5,1.3,0.85,4550,6650.0,2100.0,70
2022-07-23,23,5,29,7,2022,Rainy,None,Electronics,Smartphone Redmi,8500,10999,29.4,20,35,10,7,170.0,0.81,994500,1029506.4,35006.4,117
2022-07-24,24,6,29,7,2022,Rainy,Muharram,Stationery,Pencil Box,35,55,57.14,0,107,80,3,0.7,0.95,1260,1980.0,720.0,36
2022-07-24,24,6,29,7,2022,Rainy,Muharram,FMCG,Puja Thali Set,125,245,96.0,5,147,50,3,2.5,0.88,2500,4655.0,2155.0,20
2022-07-24,24,6,29,7,2022,Rainy,Muharram,FMCG,Diya Set 12pc,48,95,97.92,0,248,150,2,0.96,0.93,2304,4560.0,2256.0,48
2022-07-24,24,6,29,7,2022,Rainy,Muharram,Electronics,Fan Table,850,1350,58.82,15,37,8,7,17.0,0.76,124100,167535.0,43435.0,146
2022-07-24,24,6,29,7,2022,Rainy,Muharram,FMCG,Toothpaste Colgate,55,75,36.36,15,233,100,3,1.1,0.86,8140,9435.0,1295.0,148
2022-07-24,24,6,29,7,2022,Rainy,Muharram,Agriculture,Pesticide 500ml,180,245,36.11,20,24,20,5,3.6,1.0,32040,34888.0,2848.0,178
2022-07-24,24,6,29,7,2022,Rainy,Muharram,FMCG,Biscuit Parle-G,8,12,50.0,0,585,200,2,0.16,0.83,928,1392.0,464.0,116
2022-07-24,24,6,29,7,2022,Rainy,Muharram,Grocery,Sugar 1kg,42,54,28.57,0,437,100,2,0.84,0.96,798,1026.0,228.0,19
2022-07-25,25,0,30,7,2022,Rainy,None,FMCG,Detergent Surf 1kg,95,125,31.58,5,341,90,3,1.9,0.9,2375,2968.75,593.75,25
2022-07-25,25,0,30,7,2022,Rainy,None,FMCG,Puja Thali Set,125,245,96.0,15,171,50,3,2.5,0.87,12250,20408.5,8158.5,98
2022-07-25,25,0,30,7,2022,Rainy,None,Agriculture,Wheat Seeds 1kg,65,95,46.15,0,63,30,5,1.3,0.85,5135,7505.0,2370.0,79
2022-07-25,25,0,30,7,2022,Rainy,None,FMCG,Shampoo Head&Shoulders,85,115,35.29,5,225,80,4,1.7,0.8,6035,7756.75,1721.75,71
2022-07-25,25,0,30,7,2022,Rainy,None,Fashion,Jeans Men,450,899,99.78,0,66,20,6,9.0,0.8,26100,52142.0,26042.0,58
2022-07-26,26,1,30,7,2022,Rainy,None,Grocery,Christmas Cake,180,320,77.78,0,112,30,2,3.6,0.79,8640,15360.0,6720.0,48
2022-07-26,26,1,30,7,2022,Rainy,None,Grocery,Wheat Flour 10kg,320,385,20.31,0,69,40,3,6.4,0.8,7040,8470.0,1430.0,22
2022-07-26,26,1,30,7,2022,Rainy,None,Fashion,Kurta Women,280,549,96.07,0,78,20,5,5.6,0.9,17080,33489.0,16409.0,61
2022-07-26,26,1,30,7,2022,Rainy,None,Stationery,Pen Blue Pack 10,25,40,60.0,5,631,200,2,0.5,0.78,2300,3496.0,1196.0,92
2022-07-26,26,1,30,7,2022,Rainy,None,FMCG,Biscuit Parle-G,8,12,50.0,15,524,200,2,0.16,0.81,696,887.4,191.4,87
2022-07-26,26,1,30,7,2022,Rainy,None,Agriculture,Wheat Seeds 1kg,65,95,46.15,5,133,30,5,1.3,0.85,4290,5956.5,1666.5,66
2022-07-26,26,1,30,7,2022,Rainy,None,Fashion,Shoes Casual,350,699,99.71,15,89,25,6,7.0,0.94,9100,15447.9,6347.9,26
2022-07-26,26,1,30,7,2022,Rainy,None,FMCG,Cold Drink 500ml,20,30,50.0,15,506,200,2,0.4,0.81,1080,1377.0,297.0,54
2022-07-27,27,2,30,7,2022,Rainy,Muharram,Electronics,Smartphone Redmi,8500,10999,29.4,10,49,10,7,170.0,0.92,756500,881019.9,124519.9,89
2022-07-27,27,2,30,7,2022,Rainy,Muharram,FMCG,Puja Thali Set,125,245,96.0,0,136,50,3,2.5,0.78,13875,27195.0,13320.0,111
2022-07-27,27,2,30,7,2022,Rainy,Muharram,Grocery,Salt 1kg,18,25,38.89,10,227,120,2,0.36,0.8,2502,3127.5,625.5,139
2022-07-27,27,2,30,7,2022,Rainy,Muharram,FMCG,Kite + String,25,55,120.0,0,914,300,2,0.5,0.83,1800,3960.0,2160.0,72
2022-07-27,27,2,30,7,2022,Rainy,Muharram,Electronics,Earphones Boat,350,599,71.14,10,71,20,5,7.0,0.78,19600,30189.6,10589.6,56
2022-07-27,27,2,30,7,2022,Rainy,Muharram,Fashion,T-Shirt Men,180,349,93.89,10,100,30,5,3.6,0.75,14040,24499.8,10459.8,78
2022-07-28,28,3,30,7,2022,Rainy,None,FMCG,Crackers Box,200,380,90.0,15,426,100,3,4.0,0.86,15000,24225.0,9225.0,75
2022-07-28,28,3,30,7,2022,Rainy,None,FMCG,Cold Drink 500ml,20,30,50.0,10,944,200,2,0.4,0.89,1820,2457.0,637.0,91
2022-07-28,28,3,30,7,2022,Rainy,None,Grocery,Eid Special Dates,280,450,60.71,10,77,40,4,5.6,0.77,11760,17010.0,5250.0,42
2022-07-29,29,4,30,7,2022,Rainy,None,Fashion,Jeans Men,450,899,99.78,15,96,20,6,9.0,0.77,9000,15283.0,6283.0,20
2022-07-29,29,4,30,7,2022,Rainy,None,Agriculture,Wheat Seeds 1kg,65,95,46.15,0,33,30,5,1.3,0.77,1430,2090.0,660.0,22
2022-07-29,29,4,30,7,2022,Rainy,None,Stationery,Eraser Pack,12,20,66.67,20,723,150,2,0.24,1.0,624,832.0,208.0,52
2022-07-29,29,4,30,7,2022,Rainy,None,Fashion,Saree Cotton,350,699,99.71,5,32,15,7,7.0,0.74,2450,4648.35,2198.35,7
2022-07-29,29,4,30,7,2022,Rainy,None,Grocery,Salt 1kg,18,25,38.89,0,210,120,2,0.36,0.89,1134,1575.0,441.0,63
2022-07-29,29,4,30,7,2022,Rainy,None,Electronics,Earphones Boat,350,599,71.14,0,27,20,5,7.0,0.96,28700,49118.0,20418.0,82
2022-07-29,29,4,30,7,2022,Rainy,None,FMCG,Dandiya Sticks,40,85,112.5,0,265,200,2,0.8,0.97,2400,5100.0,2700.0,60
2022-07-29,29,4,30,7,2022,Rainy,None,FMCG,Shampoo Head&Shoulders,85,115,35.29,5,126,80,4,1.7,0.82,5950,7647.5,1697.5,70
2022-07-30,30,5,30,7,2022,Rainy,Muharram,FMCG,Shampoo Head&Shoulders,85,115,35.29,20,379,80,4,1.7,0.92,7820,8464.0,644.0,92
2022-07-30,30,5,30,7,2022,Rainy,Muharram,Electronics,Power Bank 10000mAh,650,1099,69.08,20,28,15,6,13.0,0.74,49400,66819.2,17419.2,76
2022-07-30,30,5,30,7,2022,Rainy,Muharram,FMCG,Soap Lux,22,32,45.45,0,600,150,3,0.44,0.82,1826,2656.0,830.0,83
2022-07-30,30,5,30,7,2022,Rainy,Muharram,FMCG,Diya Set 12pc,48,95,97.92,20,696,150,2,0.96,0.81,6912,10944.0,4032.0,144
2022-07-30,30,5,30,7,2022,Rainy,Muharram,FMCG,Dandiya Sticks,40,85,112.5,0,686,200,2,0.8,0.9,4000,8500.0,4500.0,100
2022-07-30,30,5,30,7,2022,Rainy,Muharram,Electronics,LED Bulb 9W,48,85,77.08,0,134,40,4,0.96,0.95,1920,3400.0,1480.0,40
2022-07-30,30,5,30,7,2022,Rainy,Muharram,FMCG,Puja Thali Set,125,245,96.0,0,219,50,3,2.5,0.94,2750,5390.0,2640.0,22
2022-07-30,30,5,30,7,2022,Rainy,Muharram,Agriculture,Fertilizer NPK 1kg,125,168,34.4,0,74,25,6,2.5,0.79,9250,12432.0,3182.0,74
2022-07-31,31,6,30,7,2022,Rainy,None,Stationery,Notebook A4,28,45,60.71,0,487,100,3,0.56,0.77,1568,2520.0,952.0,56
2022-07-31,31,6,30,7,2022,Rainy,None,FMCG,Soap Lux,22,32,45.45,0,474,150,3,0.44,0.96,1078,1568.0,490.0,49
2022-07-31,31,6,30,7,2022,Rainy,None,FMCG,Kite + String,25,55,120.0,20,861,300,2,0.5,0.96,2675,4708.0,2033.0,107
2022-07-31,31,6,30,7,2022,Rainy,None,Electronics,Power Bank 10000mAh,650,1099,69.08,20,41,15,6,13.0,0.98,61100,82644.8,21544.8,94
2022-07-31,31,6,30,7,2022,Rainy,None,Agriculture,Fertilizer NPK 1kg,125,168,34.4,0,37,25,6,2.5,0.95,15375,20664.0,5289.0,123
2022-07-31,31,6,30,7,2022,Rainy,None,Stationery,Pen Blue Pack 10,25,40,60.0,15,560,200,2,0.5,0.83,1475,2006.0,531.0,59
2022-07-31,31,6,30,7,2022,Rainy,None,Grocery,Basmati Rice 5kg,180,225,25.0,15,166,50,3,3.6,0.91,28800,30600.0,1800.0,160
2022-07-31,31,6,30,7,2022,Rainy,None,Agriculture,Pesticide 500ml,180,245,36.11,20,43,20,5,3.6,0.89,3780,4116.0,336.0,21
2022-08-01,1,0,31,8,2022,Rainy,Janmashtami,FMCG,Shampoo Head&Shoulders,85,115,35.29,15,290,80,4,1.7,0.94,4165,4789.75,624.75,49
2022-08-01,1,0,31,8,2022,Rainy,Janmashtami,Grocery,Basmati Rice 5kg,180,225,25.0,0,238,50,3,3.6,0.74,26460,33075.0,6615.0,147
2022-08-01,1,0,31,8,2022,Rainy,Janmashtami,Stationery,Pencil Box,35,55,57.14,0,224,80,3,0.7,0.76,6055,9515.0,3460.0,173
2022-08-01,1,0,31,8,2022,Rainy,Janmashtami,Electronics,Smartphone Redmi,8500,10999,29.4,5,34,10,7,170.0,0.98,671500,825474.95,153974.95,79
2022-08-01,1,0,31,8,2022,Rainy,Janmashtami,Fashion,Jeans Men,450,899,99.78,10,22,20,6,9.0,0.98,17100,30745.8,13645.8,38
2022-08-01,1,0,31,8,2022,Rainy,Janmashtami,Fashion,Saree Cotton,350,699,99.71,15,44,15,7,7.0,0.76,19600,33272.4,13672.4,56
2022-08-01,1,0,31,8,2022,Rainy,Janmashtami,Grocery,Dal Toor 1kg,95,118,24.21,15,396,80,3,1.9,0.83,4845,5115.3,270.3,51
2022-08-01,1,0,31,8,2022,Rainy,Janmashtami,Grocery,Sugar 1kg,42,54,28.57,0,288,100,2,0.84,0.75,2016,2592.0,576.0,48
2022-08-02,2,1,31,8,2022,Rainy,Independence Day,FMCG,Soap Lux,22,32,45.45,0,656,150,3,0.44,0.81,1518,2208.0,690.0,69
2022-08-02,2,1,31,8,2022,Rainy,Independence Day,Grocery,Basmati Rice 5kg,180,225,25.0,5,122,50,3,3.6,0.92,12960,15390.0,2430.0,72
2022-08-02,2,1,31,8,2022,Rainy,Independence Day,FMCG,Crackers Box,200,380,90.0,0,174,100,3,4.0,0.71,19600,37240.0,17640.0,98
2022-08-02,2,1,31,8,2022,Rainy,Independence Day,Agriculture,Wheat Seeds 1kg,65,95,46.15,0,146,30,5,1.3,0.77,4940,7220.0,2280.0,76
2022-08-02,2,1,31,8,2022,Rainy,Independence Day,Agriculture,Pesticide 500ml,180,245,36.11,10,80,20,5,3.6,0.74,19800,24255.0,4455.0,110
2022-08-02,2,1,31,8,2022,Rainy,Independence Day,FMCG,Puja Thali Set,125,245,96.0,0,232,50,3,2.5,0.82,14375,28175.0,13800.0,115
2022-08-02,2,1,31,8,2022,Rainy,Independence Day,Grocery,Christmas Cake,180,320,77.78,5,101,30,2,3.6,0.72,12420,20976.0,8556.0,69
2022-08-03,3,2,31,8,2022,Rainy,Janmashtami,Electronics,Power Bank 10000mAh,650,1099,69.08,5,57,15,6,13.0,0.81,58500,93964.5,35464.5,90
2022-08-03,3,2,31,8,2022,Rainy,Janmashtami,FMCG,Gulal Colors Set,35,75,114.29,10,466,200,2,0.7,0.75,735,1417.5,682.5,21
2022-08-03,3,2,31,8,2022,Rainy,Janmashtami,Fashion,Shoes Casual,350,699,99.71,5,41,25,6,7.0,0.73,27650,52459.95,24809.95,79
2022-08-03,3,2,31,8,2022,Rainy,Janmashtami,Grocery,Sunflower Oil 1L,120,148,23.33,15,126,60,4,2.4,0.74,20160,21134.4,974.4,168
2022-08-03,3,2,31,8,2022,Rainy,Janmashtami,Grocery,Basmati Rice 5kg,180,225,25.0,0,121,50,3,3.6,0.92,9000,11250.0,2250.0,50
2022-08-04,4,3,31,8,2022,Rainy,None,Fashion,T-Shirt Men,180,349,93.89,0,49,30,5,3.6,0.87,11880,23034.0,11154.0,66
2022-08-04,4,3,31,8,2022,Rainy,None,Electronics,LED Bulb 9W,48,85,77.08,15,78,40,4,0.96,0.72,2640,3973.75,1333.75,55
2022-08-04,4,3,31,8,2022,Rainy,None,Grocery,Eid Special Dates,280,450,60.71,0,81,40,4,5.6,0.91,3640,5850.0,2210.0,13
2022-08-04,4,3,31,8,2022,Rainy,None,FMCG,Crackers Box,200,380,90.0,5,353,100,3,4.0,0.71,5800,10469.0,4669.0,29
2022-08-04,4,3,31,8,2022,Rainy,None,Fashion,Saree Cotton,350,699,99.71,0,46,15,7,7.0,0.73,23450,46833.0,23383.0,67
2022-08-04,4,3,31,8,2022,Rainy,None,Agriculture,Wheat Seeds 1kg,65,95,46.15,15,41,30,5,1.3,0.76,1755,2180.25,425.25,27
2022-08-05,5,4,31,8,2022,Rainy,None,FMCG,Cold Drink 500ml,20,30,50.0,10,204,200,2,0.4,0.86,840,1134.0,294.0,42
2022-08-05,5,4,31,8,2022,Rainy,None,FMCG,Detergent Surf 1kg,95,125,31.58,10,129,90,3,1.9,0.77,3325,3937.5,612.5,35
2022-08-05,5,4,31,8,2022,Rainy,None,FMCG,Diya Set 12pc,48,95,97.92,5,176,150,2,0.96,0.79,1200,2256.25,1056.25,25
2022-08-05,5,4,31,8,2022,Rainy,None,Electronics,Fan Table,850,1350,58.82,15,14,8,7,17.0,0.95,17850,24097.5,6247.5,21
2022-08-05,5,4,31,8,2022,Rainy,None,Grocery,Eid Special Dates,280,450,60.71,0,162,40,4,5.6,0.84,2520,4050.0,1530.0,9
2022-08-06,6,5,31,8,2022,Rainy,None,Grocery,Basmati Rice 5kg,180,225,25.0,15,62,50,3,3.6,0.94,22860,24288.75,1428.75,127
2022-08-06,6,5,31,8,2022,Rainy,None,Fashion,Kurta Women,280,549,96.07,0,29,20,5,5.6,0.86,16800,32940.0,16140.0,60
2022-08-06,6,5,31,8,2022,Rainy,None,Grocery,Sunflower Oil 1L,120,148,23.33,10,125,60,4,2.4,0.75,10320,11455.2,1135.2,86
2022-08-06,6,5,31,8,2022,Rainy,None,Agriculture,Fertilizer NPK 1kg,125,168,34.4,20,51,25,6,2.5,0.75,10625,11424.0,799.0,85
2022-08-06,6,5,31,8,2022,Rainy,None,Fashion,Saree Cotton,350,699,99.71,20,63,15,7,7.0,0.99,20650,32992.8,12342.8,59
2022-08-07,7,6,31,8,2022,Rainy,None,FMCG,Soap Lux,22,32,45.45,0,248,150,3,0.44,0.95,726,1056.0,330.0,33
2022-08-07,7,6,31,8,2022,Rainy,None,Fashion,Jeans Men,450,899,99.78,10,69,20,6,9.0,0.84,15300,27509.4,12209.4,34
2022-08-07,7,6,31,8,2022,Rainy,None,FMCG,Puja Thali Set,125,245,96.0,10,158,50,3,2.5,0.94,10375,18301.5,7926.5,83
2022-08-07,7,6,31,8,2022,Rainy,None,Agriculture,Wheat Seeds 1kg,65,95,46.15,10,84,30,5,1.3,0.73,3185,4189.5,1004.5,49
2022-08-08,8,0,32,8,2022,Rainy,None,Fashion,Kurta Women,280,549,96.07,0,36,20,5,5.6,0.91,15120,29646.0,14526.0,54
2022-08-08,8,0,32,8,2022,Rainy,None,Agriculture,Pesticide 500ml,180,245,36.11,0,57,20,5,3.6,0.87,9000,12250.0,3250.0,50
2022-08-08,8,0,32,8,2022,Rainy,None,Electronics,USB Cable,45,89,97.78,10,181,50,4,0.9,0.73,765,1361.7,596.7,17
2022-08-08,8,0,32,8,2022,Rainy,None,FMCG,Toothpaste Colgate,55,75,36.36,5,438,100,3,1.1,0.92,3410,4417.5,1007.5,62
2022-08-08,8,0,32,8,2022,Rainy,None,FMCG,Puja Thali Set,125,245,96.0,20,199,50,3,2.5,0.72,5625,8820.0,3195.0,45
2022-08-08,8,0,32,8,2022,Rainy,None,Grocery,Dal Toor 1kg,95,118,24.21,10,316,80,3,1.9,0.75,760,849.6,89.6,8
2022-08-08,8,0,32,8,2022,Rainy,None,Fashion,T-Shirt Men,180,349,93.89,0,83,30,5,3.6,0.96,7200,13960.0,6760.0,40
2022-08-09,9,1,32,8,2022,Rainy,None,Fashion,Saree Cotton,350,699,99.71,20,20,15,7,7.0,0.92,7700,12302.4,4602.4,22
2022-08-09,9,1,32,8,2022,Rainy,None,Grocery,Christmas Cake,180,320,77.78,10,43,30,2,3.6,0.83,11700,18720.0,7020.0,65
2022-08-09,9,1,32,8,2022,Rainy,None,Agriculture,Pesticide 500ml,180,245,36.11,0,21,20,5,3.6,0.75,1080,1470.0,390.0,6
2022-08-09,9,1,32,8,2022,Rainy,None,Agriculture,Fertilizer NPK 1kg,125,168,34.4,5,109,25,6,2.5,0.99,11750,15002.4,3252.4,94
2022-08-09,9,1,32,8,2022,Rainy,None,Electronics,LED Bulb 9W,48,85,77.08,10,197,40,4,0.96,0.81,3216,5125.5,1909.5,67
2022-08-10,10,2,32,8,2022,Rainy,None,Stationery,Pencil Box,35,55,57.14,15,187,80,3,0.7,0.84,1365,1823.25,458.25,39
2022-08-10,10,2,32,8,2022,Rainy,None,Fashion,Jeans Men,450,899,99.78,0,100,20,6,9.0,0.96,13500,26970.0,13470.0,30
2022-08-10,10,2,32,8,2022,Rainy,None,Grocery,Dal Toor 1kg,95,118,24.21,10,317,80,3,1.9,0.74,3420,3823.2,403.2,36
2022-08-10,10,2,32,8,2022,Rainy,None,FMCG,Shampoo Head&Shoulders,85,115,35.29,5,158,80,4,1.7,0.92,595,764.75,169.75,7
2022-08-10,10,2,32,8,2022,Rainy,None,FMCG,Kite + String,25,55,120.0,5,1220,300,2,0.5,0.88,2150,4493.5,2343.5,86
2022-08-10,10,2,32,8,2022,Rainy,None,Grocery,Basmati Rice 5kg,180,225,25.0,0,150,50,3,3.6,0.72,11520,14400.0,2880.0,64
2022-08-10,10,2,32,8,2022,Rainy,None,Electronics,Smartphone Redmi,8500,10999,29.4,0,37,10,7,170.0,0.99,170000,219980.0,49980.0,20
2022-08-10,10,2,32,8,2022,Rainy,None,Grocery,Sugar 1kg,42,54,28.57,20,405,100,2,0.84,0.92,4662,4795.2,133.2,111
2022-08-11,11,3,32,8,2022,Rainy,None,Grocery,Sunflower Oil 1L,120,148,23.33,15,75,60,4,2.4,0.86,10680,11196.2,516.2,89
2022-08-11,11,3,32,8,2022,Rainy,None,FMCG,Puja Thali Set,125,245,96.0,5,66,50,3,2.5,0.78,11625,21645.75,10020.75,93
2022-08-11,11,3,32,8,2022,Rainy,None,Stationery,Pencil Box,35,55,57.14,15,139,80,3,0.7,0.85,2800,3740.0,940.0,80
2022-08-11,11,3,32,8,2022,Rainy,None,FMCG,Diya Set 12pc,48,95,97.92,15,596,150,2,0.96,0.71,2976,5006.5,2030.5,62
2022-08-11,11,3,32,8,2022,Rainy,None,Grocery,Christmas Cake,180,320,77.78,0,86,30,2,3.6,0.77,7560,13440.0,5880.0,42
2022-08-12,12,4,32,8,2022,Rainy,None,Grocery,Christmas Cake,180,320,77.78,15,136,30,2,3.6,0.98,17100,25840.0,8740.0,95
2022-08-12,12,4,32,8,2022,Rainy,None,Fashion,Kurta Women,280,549,96.07,15,40,20,5,5.6,0.89,14280,23799.15,9519.15,51
2022-08-12,12,4,32,8,2022,Rainy,None,Agriculture,Pesticide 500ml,180,245,36.11,0,36,20,5,3.6,0.75,4140,5635.0,1495.0,23
2022-08-12,12,4,32,8,2022,Rainy,None,FMCG,Shampoo Head&Shoulders,85,115,35.29,0,292,80,4,1.7,0.98,6205,8395.0,2190.0,73
2022-08-13,13,5,32,8,2022,Rainy,None,Fashion,Jeans Men,450,899,99.78,0,84,20,6,9.0,0.71,11250,22475.0,11225.0,25
2022-08-13,13,5,32,8,2022,Rainy,None,Electronics,Power Bank 10000mAh,650,1099,69.08,0,54,15,6,13.0,0.77,42900,72534.0,29634.0,66
2022-08-13,13,5,32,8,2022,Rainy,None,Electronics,Earphones Boat,350,599,71.14,10,63,20,5,7.0,0.94,16100,24798.6,8698.6,46
2022-08-13,13,5,32,8,2022,Rainy,None,Grocery,Sugar 1kg,42,54,28.57,20,385,100,2,0.84,0.78,882,907.2,25.2,21
2022-08-13,13,5,32,8,2022,Rainy,None,Grocery,Wheat Flour 10kg,320,385,20.31,0,66,40,3,6.4,0.91,45440,54670.0,9230.0,142
2022-08-13,13,5,32,8,2022,Rainy,None,Fashion,Shoes Casual,350,699,99.71,5,121,25,6,7.0,0.73,30450,57772.35,27322.35,87
2022-08-14,14,6,32,8,2022,Rainy,None,FMCG,Biscuit Parle-G,8,12,50.0,0,570,200,2,0.16,0.75,304,456.0,152.0,38
2022-08-14,14,6,32,8,2022,Rainy,None,FMCG,Dandiya Sticks,40,85,112.5,0,710,200,2,0.8,0.92,4520,9605.0,5085.0,113
2022-08-14,14,6,32,8,2022,Rainy,None,Grocery,Sunflower Oil 1L,120,148,23.33,0,145,60,4,2.4,0.95,5880,7252.0,1372.0,49
2022-08-15,15,0,33,8,2022,Rainy,None,Electronics,Smartphone Redmi,8500,10999,29.4,0,40,10,7,170.0,0.8,374000,483956.0,109956.0,44
2022-08-15,15,0,33,8,2022,Rainy,None,Agriculture,Fertilizer NPK 1kg,125,168,34.4,10,72,25,6,2.5,0.91,3750,4536.0,786.0,30
2022-08-15,15,0,33,8,2022,Rainy,None,Stationery,Eraser Pack,12,20,66.67,5,401,150,2,0.24,0.75,768,1216.0,448.0,64
2022-08-16,16,1,33,8,2022,Rainy,None,Stationery,Eraser Pack,12,20,66.67,10,603,150,2,0.24,0.74,864,1296.0,432.0,72
2022-08-16,16,1,33,8,2022,Rainy,None,Electronics,USB Cable,45,89,97.78,0,71,50,4,0.9,0.8,4095,8099.0,4004.0,91
2022-08-16,16,1,33,8,2022,Rainy,None,FMCG,Shampoo Head&Shoulders,85,115,35.29,5,281,80,4,1.7,0.93,2720,3496.0,776.0,32
2022-08-16,16,1,33,8,2022,Rainy,None,Agriculture,Wheat Seeds 1kg,65,95,46.15,15,37,30,5,1.3,0.99,2535,3149.25,614.25,39
2022-08-16,16,1,33,8,2022,Rainy,None,Grocery,Christmas Cake,180,320,77.78,15,83,30,2,3.6,0.82,22680,34272.0,11592.0,126
2022-08-16,16,1,33,8,2022,Rainy,None,FMCG,Crackers Box,200,380,90.0,15,469,100,3,4.0,0.92,22400,36176.0,13776.0,112
2022-08-16,16,1,33,8,2022,Rainy,None,Agriculture,Pesticide 500ml,180,245,36.11,0,87,20,5,3.6,0.88,1620,2205.0,585.0,9
2022-08-17,17,2,33,8,2022,Rainy,None,Stationery,Pencil Box,35,55,57.14,10,287,80,3,0.7,0.93,2730,3861.0,1131.0,78
2022-08-17,17,2,33,8,2022,Rainy,None,Agriculture,Fertilizer NPK 1kg,125,168,34.4,0,67,25,6,2.5,0.82,2125,2856.0,731.0,17
2022-08-17,17,2,33,8,2022,Rainy,None,Electronics,Earphones Boat,350,599,71.14,15,89,20,5,7.0,0.79,8050,11710.45,3660.45,23
2022-08-17,17,2,33,8,2022,Rainy,None,FMCG,Kite + String,25,55,120.0,0,1367,300,2,0.5,0.8,2300,5060.0,2760.0,92
2022-08-18,18,3,33,8,2022,Rainy,None,FMCG,Detergent Surf 1kg,95,125,31.58,10,280,90,3,1.9,0.78,2470,2925.0,455.0,26
2022-08-18,18,3,33,8,2022,Rainy,None,Grocery,Wheat Flour 10kg,320,385,20.31,10,71,40,3,6.4,0.83,20160,21829.5,1669.5,63
2022-08-18,18,3,33,8,2022,Rainy,None,Grocery,Eid Special Dates,280,450,60.71,10,100,40,4,5.6,0.94,1960,2835.0,875.0,7
2022-08-18,18,3,33,8,2022,Rainy,None,FMCG,Kite + String,25,55,120.0,10,1392,300,2,0.5,0.95,2700,5346.0,2646.0,108
2022-08-18,18,3,33,8,2022,Rainy,None,Electronics,LED Bulb 9W,48,85,77.08,0,186,40,4,0.96,0.9,2352,4165.0,1813.0,49
2022-08-18,18,3,33,8,2022,Rainy,None,Electronics,Power Bank 10000mAh,650,1099,69.08,15,30,15,6,13.0,0.73,37700,54180.7,16480.7,58
2022-08-18,18,3,33,8,2022,Rainy,None,Fashion,Jeans Men,450,899,99.78,10,66,20,6,9.0,0.84,27900,50164.2,22264.2,62
2022-08-18,18,3,33,8,2022,Rainy,None,Stationery,Notebook A4,28,45,60.71,0,141,100,3,0.56,0.73,2240,3600.0,1360.0,80
2022-08-19,19,4,33,8,2022,Rainy,None,FMCG,Shampoo Head&Shoulders,85,115,35.29,5,282,80,4,1.7,0.96,9010,11580.5,2570.5,106
2022-08-19,19,4,33,8,2022,Rainy,None,FMCG,Gulal Colors Set,35,75,114.29,10,650,200,2,0.7,0.91,3255,6277.5,3022.5,93
2022-08-19,19,4,33,8,2022,Rainy,None,Electronics,Earphones Boat,350,599,71.14,5,38,20,5,7.0,0.85,25200,40971.6,15771.6,72
2022-08-19,19,4,33,8,2022,Rainy,None,Agriculture,Fertilizer NPK 1kg,125,168,34.4,5,115,25,6,2.5,0.85,9375,11970.0,2595.0,75
2022-08-19,19,4,33,8,2022,Rainy,None,Grocery,Salt 1kg,18,25,38.89,10,353,120,2,0.36,0.84,576,720.0,144.0,32
2022-08-19,19,4,33,8,2022,Rainy,None,Stationery,Notebook A4,28,45,60.71,15,289,100,3,0.56,0.98,980,1338.75,358.75,35
2022-08-20,20,5,33,8,2022,Rainy,None,Stationery,Eraser Pack,12,20,66.67,0,530,150,2,0.24,0.79,1140,1900.0,760.0,95
2022-08-20,20,5,33,8,2022,Rainy,None,FMCG,Soap Lux,22,32,45.45,0,178,150,3,0.44,0.94,1452,2112.0,660.0,66
2022-08-20,20,5,33,8,2022,Rainy,None,Stationery,Notebook A4,28,45,60.71,0,256,100,3,0.56,0.97,3360,5400.0,2040.0,120
2022-08-21,21,6,33,8,2022,Rainy,None,FMCG,Cold Drink 500ml,20,30,50.0,0,786,200,2,0.4,0.79,320,480.0,160.0,16
2022-08-21,21,6,33,8,2022,Rainy,None,FMCG,Puja Thali Set,125,245,96.0,5,171,50,3,2.5,0.95,11250,20947.5,9697.5,90
2022-08-21,21,6,33,8,2022,Rainy,None,Grocery,Basmati Rice 5kg,180,225,25.0,20,179,50,3,3.6,0.89,8100,8100.0,0.0,45
2022-08-21,21,6,33,8,2022,Rainy,None,FMCG,Soap Lux,22,32,45.45,20,302,150,3,0.44,0.96,2442,2841.6,399.6,111
2022-08-22,22,0,34,8,2022,Rainy,None,Grocery,Dal Toor 1kg,95,118,24.21,0,125,80,3,1.9,0.96,9500,11800.0,2300.0,100
2022-08-22,22,0,34,8,2022,Rainy,None,Stationery,Eraser Pack,12,20,66.67,15,466,150,2,0.24,0.87,108,153.0,45.0,9
2022-08-22,22,0,34,8,2022,Rainy,None,Stationery,Pen Blue Pack 10,25,40,60.0,0,833,200,2,0.5,0.86,1900,3040.0,1140.0,76
2022-08-22,22,0,34,8,2022,Rainy,None,Electronics,USB Cable,45,89,97.78,20,183,50,4,0.9,0.76,630,996.8,366.8,14
2022-08-22,22,0,34,8,2022,Rainy,None,Stationery,Pencil Box,35,55,57.14,5,141,80,3,0.7,0.9,3325,4963.75,1638.75,95
2022-08-23,23,1,34,8,2022,Rainy,None,FMCG,Cold Drink 500ml,20,30,50.0,10,246,200,2,0.4,0.85,1140,1539.0,399.0,57
2022-08-23,23,1,34,8,2022,Rainy,None,Grocery,Wheat Flour 10kg,320,385,20.31,0,146,40,3,6.4,0.71,22400,26950.0,4550.0,70
2022-08-23,23,1,34,8,2022,Rainy,None,Electronics,Fan Table,850,1350,58.82,10,13,8,7,17.0,0.73,39950,57105.0,17155.0,47
2022-08-23,23,1,34,8,2022,Rainy,None,Electronics,Earphones Boat,350,599,71.14,0,38,20,5,7.0,0.75,24500,41930.0,17430.0,70
2022-08-23,23,1,34,8,2022,Rainy,None,Electronics,Power Bank 10000mAh,650,1099,69.08,20,75,15,6,13.0,0.82,9750,13188.0,3438.0,15
2022-08-23,23,1,34,8,2022,Rainy,None,Agriculture,Fertilizer NPK 1kg,125,168,34.4,0,66,25,6,2.5,0.75,2125,2856.0,731.0,17
2022-08-23,23,1,34,8,2022,Rainy,None,Grocery,Dal Toor 1kg,95,118,24.21,15,130,80,3,1.9,0.8,1520,1604.8,84.8,16
2022-08-24,24,2,34,8,2022,Rainy,Janmashtami,Fashion,Saree Cotton,350,699,99.71,10,63,15,7,7.0,0.85,17500,31455.0,13955.0,50
2022-08-24,24,2,34,8,2022,Rainy,Janmashtami,Electronics,LED Bulb 9W,48,85,77.08,0,158,40,4,0.96,0.87,2688,4760.0,2072.0,56
2022-08-24,24,2,34,8,2022,Rainy,Janmashtami,Stationery,Pen Blue Pack 10,25,40,60.0,0,848,200,2,0.5,0.77,2550,4080.0,1530.0,102
2022-08-24,24,2,34,8,2022,Rainy,Janmashtami,FMCG,Soap Lux,22,32,45.45,0,750,150,3,0.44,0.9,1804,2624.0,820.0,82
2022-08-24,24,2,34,8,2022,Rainy,Janmashtami,Grocery,Sugar 1kg,42,54,28.57,0,164,100,2,0.84,0.79,8106,10422.0,2316.0,193
2022-08-24,24,2,34,8,2022,Rainy,Janmashtami,Electronics,Smartphone Redmi,8500,10999,29.4,5,50,10,7,170.0,0.85,765000,940414.5,175414.5,90
2022-08-25,25,3,34,8,2022,Rainy,None,Stationery,Notebook A4,28,45,60.71,5,100,100,3,0.56,0.94,2492,3804.75,1312.75,89
2022-08-25,25,3,34,8,2022,Rainy,None,FMCG,Kite + String,25,55,120.0,20,642,300,2,0.5,0.7,1425,2508.0,1083.0,57
2022-08-25,25,3,34,8,2022,Rainy,None,FMCG,Detergent Surf 1kg,95,125,31.58,5,438,90,3,1.9,0.81,4940,6175.0,1235.0,52
2022-08-25,25,3,34,8,2022,Rainy,None,Electronics,Power Bank 10000mAh,650,1099,69.08,0,47,15,6,13.0,0.78,23400,39564.0,16164.0,36
2022-08-26,26,4,34,8,2022,Rainy,Janmashtami,FMCG,Kite + String,25,55,120.0,0,872,300,2,0.5,0.96,1225,2695.0,1470.0,49
2022-08-26,26,4,34,8,2022,Rainy,Janmashtami,Grocery,Eid Special Dates,280,450,60.71,0,121,40,4,5.6,0.97,54600,87750.0,33150.0,195
2022-08-26,26,4,34,8,2022,Rainy,Janmashtami,Grocery,Salt 1kg,18,25,38.89,0,482,120,2,0.36,0.84,1944,2700.0,756.0,108
2022-08-26,26,4,34,8,2022,Rainy,Janmashtami,Fashion,Jeans Men,450,899,99.78,0,78,20,6,9.0,0.99,27900,55738.0,27838.0,62
2022-08-27,27,5,34,8,2022,Rainy,None,Grocery,Wheat Flour 10kg,320,385,20.31,15,177,40,3,6.4,0.72,46080,47124.0,1044.0,144
2022-08-27,27,5,34,8,2022,Rainy,None,FMCG,Shampoo Head&Shoulders,85,115,35.29,15,307,80,4,1.7,0.9,2040,2346.0,306.0,24
2022-08-27,27,5,34,8,2022,Rainy,None,Grocery,Basmati Rice 5kg,180,225,25.0,0,141,50,3,3.6,0.82,20880,26100.0,5220.0,116
2022-08-27,27,5,34,8,2022,Rainy,None,FMCG,Gulal Colors Set,35,75,114.29,20,579,200,2,0.7,0.98,280,480.0,200.0,8
2022-08-27,27,5,34,8,2022,Rainy,None,FMCG,Cold Drink 500ml,20,30,50.0,5,220,200,2,0.4,0.93,180,256.5,76.5,9
2022-08-28,28,6,34,8,2022,Rainy,None,Fashion,Shoes Casual,350,699,99.71,0,115,25,6,7.0,0.88,32200,64308.0,32108.0,92
2022-08-28,28,6,34,8,2022,Rainy,None,Electronics,Smartphone Redmi,8500,10999,29.4,0,50,10,7,170.0,0.82,433500,560949.0,127449.0,51
2022-08-28,28,6,34,8,2022,Rainy,None,Grocery,Dal Toor 1kg,95,118,24.21,20,332,80,3,1.9,0.75,7600,7552.0,-48.0,80
2022-08-28,28,6,34,8,2022,Rainy,None,Fashion,Jeans Men,450,899,99.78,0,97,20,6,9.0,0.87,43200,86304.0,43104.0,96
2022-08-28,28,6,34,8,2022,Rainy,None,Electronics,USB Cable,45,89,97.78,0,66,50,4,0.9,0.74,4365,8633.0,4268.0,97
2022-08-28,28,6,34,8,2022,Rainy,None,FMCG,Crackers Box,200,380,90.0,10,473,100,3,4.0,0.93,13200,22572.0,9372.0,66
2022-08-28,28,6,34,8,2022,Rainy,None,FMCG,Puja Thali Set,125,245,96.0,0,227,50,3,2.5,0.9,1750,3430.0,1680.0,14
2022-08-28,28,6,34,8,2022,Rainy,None,FMCG,Gulal Colors Set,35,75,114.29,10,664,200,2,0.7,0.7,2345,4522.5,2177.5,67
2022-08-29,29,0,35,8,2022,Rainy,None,Grocery,Sugar 1kg,42,54,28.57,5,488,100,2,0.84,0.71,4032,4924.8,892.8,96
2022-08-29,29,0,35,8,2022,Rainy,None,Fashion,Saree Cotton,350,699,99.71,15,73,15,7,7.0,0.83,8400,14259.6,5859.6,24
2022-08-29,29,0,35,8,2022,Rainy,None,Agriculture,Wheat Seeds 1kg,65,95,46.15,5,54,30,5,1.3,0.8,3250,4512.5,1262.5,50
2022-08-29,29,0,35,8,2022,Rainy,None,Stationery,Eraser Pack,12,20,66.67,10,381,150,2,0.24,0.99,132,198.0,66.0,11
2022-08-29,29,0,35,8,2022,Rainy,None,Electronics,Fan Table,850,1350,58.82,5,20,8,7,17.0,0.75,14450,21802.5,7352.5,17
2022-08-29,29,0,35,8,2022,Rainy,None,FMCG,Soap Lux,22,32,45.45,0,249,150,3,0.44,0.71,374,544.0,170.0,17
2022-08-30,30,1,35,8,2022,Rainy,Raksha Bandhan,Grocery,Wheat Flour 10kg,320,385,20.31,20,173,40,3,6.4,0.94,8640,8316.0,-324.0,27
2022-08-30,30,1,35,8,2022,Rainy,Raksha Bandhan,Fashion,Kurta Women,280,549,96.07,0,100,20,5,5.6,0.83,42280,82899.0,40619.0,151
2022-08-30,30,1,35,8,2022,Rainy,Raksha Bandhan,Electronics,LED Bulb 9W,48,85,77.08,0,48,40,4,0.96,0.81,1680,2975.0,1295.0,35
2022-08-30,30,1,35,8,2022,Rainy,Raksha Bandhan,Electronics,Power Bank 10000mAh,650,1099,69.08,20,18,15,6,13.0,0.98,18200,24617.6,6417.6,28
2022-08-30,30,1,35,8,2022,Rainy,Raksha Bandhan,FMCG,Biscuit Parle-G,8,12,50.0,5,841,200,2,0.16,0.83,224,319.2,95.2,28
2022-08-30,30,1,35,8,2022,Rainy,Raksha Bandhan,FMCG,Gulal Colors Set,35,75,114.29,0,501,200,2,0.7,0.95,1085,2325.0,1240.0,31
2022-08-31,31,2,35,8,2022,Rainy,None,FMCG,Biscuit Parle-G,8,12,50.0,5,891,200,2,0.16,0.93,160,228.0,68.0,20
2022-08-31,31,2,35,8,2022,Rainy,None,Stationery,Eraser Pack,12,20,66.67,5,347,150,2,0.24,0.73,948,1501.0,553.0,79
2022-08-31,31,2,35,8,2022,Rainy,None,Electronics,USB Cable,45,89,97.78,0,99,50,4,0.9,0.97,630,1246.0,616.0,14
2022-08-31,31,2,35,8,2022,Rainy,None,Grocery,Basmati Rice 5kg,180,225,25.0,0,157,50,3,3.6,0.84,16920,21150.0,4230.0,94
2022-08-31,31,2,35,8,2022,Rainy,None,Agriculture,Pesticide 500ml,180,245,36.11,10,37,20,5,3.6,0.94,13320,16317.0,2997.0,74
2022-08-31,31,2,35,8,2022,Rainy,None,Stationery,Pen Blue Pack 10,25,40,60.0,0,646,200,2,0.5,0.85,575,920.0,345.0,23
2022-09-01,1,3,35,9,2022,Autumn,None,Fashion,Shoes Casual,350,699,99.71,0,109,25,6,7.0,0.9,2800,5592.0,2792.0,8
2022-09-01,1,3,35,9,2022,Autumn,None,Fashion,Jeans Men,450,899,99.78,0,91,20,6,9.0,0.96,22050,44051.0,22001.0,49
2022-09-01,1,3,35,9,2022,Autumn,None,FMCG,Kite + String,25,55,120.0,5,710,300,2,0.5,0.89,1375,2873.75,1498.75,55
2022-09-01,1,3,35,9,2022,Autumn,None,FMCG,Toothpaste Colgate,55,75,36.36,0,441,100,3,1.1,0.84,825,1125.0,300.0,15
2022-09-01,1,3,35,9,2022,Autumn,None,FMCG,Dandiya Sticks,40,85,112.5,15,539,200,2,0.8,0.96,3440,6213.5,2773.5,86
2022-09-01,1,3,35,9,2022,Autumn,None,FMCG,Gulal Colors Set,35,75,114.29,10,628,200,2,0.7,0.8,2205,4252.5,2047.5,63
2022-09-01,1,3,35,9,2022,Autumn,None,Grocery,Eid Special Dates,280,450,60.71,0,50,40,4,5.6,0.85,24080,38700.0,14620.0,86
2022-09-01,1,3,35,9,2022,Autumn,None,FMCG,Puja Thali Set,125,245,96.0,0,169,50,3,2.5,0.89,5750,11270.0,5520.0,46
2022-09-02,2,4,35,9,2022,Autumn,None,FMCG,Gulal Colors Set,35,75,114.29,20,275,200,2,0.7,0.81,210,360.0,150.0,6
2022-09-02,2,4,35,9,2022,Autumn,None,Fashion,Kurta Women,280,549,96.07,10,76,20,5,5.6,0.76,6160,10870.2,4710.2,22
2022-09-02,2,4,35,9,2022,Autumn,None,Stationery,Pen Blue Pack 10,25,40,60.0,10,230,200,2,0.5,0.76,1350,1944.0,594.0,54
2022-09-02,2,4,35,9,2022,Autumn,None,Electronics,Earphones Boat,350,599,71.14,0,53,20,5,7.0,0.92,9800,16772.0,6972.0,28
2022-09-03,3,5,35,9,2022,Autumn,Onam,FMCG,Dandiya Sticks,40,85,112.5,0,340,200,2,0.8,0.81,960,2040.0,1080.0,24
2022-09-03,3,5,35,9,2022,Autumn,Onam,Electronics,Power Bank 10000mAh,650,1099,69.08,20,28,15,6,13.0,0.79,31850,43080.8,11230.8,49
2022-09-03,3,5,35,9,2022,Autumn,Onam,FMCG,Cold Drink 500ml,20,30,50.0,0,876,200,2,0.4,0.75,3540,5310.0,1770.0,177
2022-09-03,3,5,35,9,2022,Autumn,Onam,Electronics,Smartphone Redmi,8500,10999,29.4,10,14,10,7,170.0,0.74,1640500,1910526.3,270026.3,193
2022-09-03,3,5,35,9,2022,Autumn,Onam,Grocery,Wheat Flour 10kg,320,385,20.31,0,136,40,3,6.4,0.91,22720,27335.0,4615.0,71
2022-09-04,4,6,35,9,2022,Autumn,None,Agriculture,Wheat Seeds 1kg,65,95,46.15,0,36,30,5,1.3,0.89,2015,2945.0,930.0,31
2022-09-04,4,6,35,9,2022,Autumn,None,Electronics,Power Bank 10000mAh,650,1099,69.08,0,52,15,6,13.0,0.97,24050,40663.0,16613.0,37
2022-09-04,4,6,35,9,2022,Autumn,None,Grocery,Sunflower Oil 1L,120,148,23.33,0,262,60,4,2.4,0.9,3120,3848.0,728.0,26
2022-09-04,4,6,35,9,2022,Autumn,None,Grocery,Christmas Cake,180,320,77.78,0,126,30,2,3.6,0.96,7200,12800.0,5600.0,40
2022-09-04,4,6,35,9,2022,Autumn,None,Electronics,Smartphone Redmi,8500,10999,29.4,20,43,10,7,170.0,0.84,875500,906317.6,30817.6,103
2022-09-05,5,0,36,9,2022,Autumn,None,Stationery,Notebook A4,28,45,60.71,15,206,100,3,0.56,0.77,3024,4131.0,1107.0,108
2022-09-05,5,0,36,9,2022,Autumn,None,FMCG,Crackers Box,200,380,90.0,0,302,100,3,4.0,0.77,18400,34960.0,16560.0,92
2022-09-05,5,0,36,9,2022,Autumn,None,FMCG,Gulal Colors Set,35,75,114.29,5,583,200,2,0.7,0.78,2450,4987.5,2537.5,70
2022-09-05,5,0,36,9,2022,Autumn,None,FMCG,Puja Thali Set,125,245,96.0,0,125,50,3,2.5,0.83,3875,7595.0,3720.0,31
2022-09-05,5,0,36,9,2022,Autumn,None,Electronics,Fan Table,850,1350,58.82,0,37,8,7,17.0,0.85,35700,56700.0,21000.0,42
2022-09-06,6,1,36,9,2022,Autumn,None,Agriculture,Wheat Seeds 1kg,65,95,46.15,0,52,30,5,1.3,0.83,2600,3800.0,1200.0,40
2022-09-06,6,1,36,9,2022,Autumn,None,Agriculture,Fertilizer NPK 1kg,125,168,34.4,0,35,25,6,2.5,0.79,1750,2352.0,602.0,14
2022-09-06,6,1,36,9,2022,Autumn,None,Agriculture,Pesticide 500ml,180,245,36.11,10,30,20,5,3.6,0.94,14040,17199.0,3159.0,78
2022-09-06,6,1,36,9,2022,Autumn,None,Stationery,Eraser Pack,12,20,66.67,0,518,150,2,0.24,0.71,216,360.0,144.0,18
2022-09-06,6,1,36,9,2022,Autumn,None,Stationery,Notebook A4,28,45,60.71,0,268,100,3,0.56,0.78,1484,2385.0,901.0,53
2022-09-07,7,2,36,9,2022,Autumn,None,Electronics,Fan Table,850,1350,58.82,20,8,8,7,17.0,0.84,67150,85320.0,18170.0,79
2022-09-07,7,2,36,9,2022,Autumn,None,Electronics,Smartphone Redmi,8500,10999,29.4,10,24,10,7,170.0,0.77,280500,326670.3,46170.3,33
2022-09-07,7,2,36,9,2022,Autumn,None,FMCG,Shampoo Head&Shoulders,85,115,35.29,15,344,80,4,1.7,0.88,3315,3812.25,497.25,39
2022-09-07,7,2,36,9,2022,Autumn,None,FMCG,Kite + String,25,55,120.0,10,1244,300,2,0.5,0.8,2250,4455.0,2205.0,90
2022-09-07,7,2,36,9,2022,Autumn,None,Electronics,LED Bulb 9W,48,85,77.08,0,149,40,4,0.96,0.93,2928,5185.0,2257.0,61
2022-09-07,7,2,36,9,2022,Autumn,None,Grocery,Basmati Rice 5kg,180,225,25.0,15,165,50,3,3.6,0.96,10980,11666.25,686.25,61
2022-09-07,7,2,36,9,2022,Autumn,None,Fashion,Jeans Men,450,899,99.78,0,36,20,6,9.0,0.79,27900,55738.0,27838.0,62
2022-09-07,7,2,36,9,2022,Autumn,None,FMCG,Toothpaste Colgate,55,75,36.36,15,437,100,3,1.1,0.95,385,446.25,61.25,7
2022-09-08,8,3,36,9,2022,Autumn,Navratri,Electronics,USB Cable,45,89,97.78,10,89,50,4,0.9,0.99,720,1281.6,561.6,16
2022-09-08,8,3,36,9,2022,Autumn,Navratri,Stationery,Eraser Pack,12,20,66.67,0,737,150,2,0.24,0.96,1260,2100.0,840.0,105
2022-09-08,8,3,36,9,2022,Autumn,Navratri,Agriculture,Wheat Seeds 1kg,65,95,46.15,5,38,30,5,1.3,0.86,2600,3610.0,1010.0,40
2022-09-08,8,3,36,9,2022,Autumn,Navratri,Stationery,Pencil Box,35,55,57.14,0,371,80,3,0.7,0.99,2485,3905.0,1420.0,71
2022-09-08,8,3,36,9,2022,Autumn,Navratri,FMCG,Kite + String,25,55,120.0,15,513,300,2,0.5,0.9,2925,5469.75,2544.75,117
2022-09-09,9,4,36,9,2022,Autumn,Onam,Grocery,Sunflower Oil 1L,120,148,23.33,0,228,60,4,2.4,0.86,7080,8732.0,1652.0,59
2022-09-09,9,4,36,9,2022,Autumn,Onam,FMCG,Puja Thali Set,125,245,96.0,5,52,50,3,2.5,0.75,3250,6051.5,2801.5,26
2022-09-09,9,4,36,9,2022,Autumn,Onam,Grocery,Wheat Flour 10kg,320,385,20.31,20,68,40,3,6.4,0.74,37440,36036.0,-1404.0,117
2022-09-09,9,4,36,9,2022,Autumn,Onam,FMCG,Cold Drink 500ml,20,30,50.0,5,598,200,2,0.4,0.99,3380,4816.5,1436.5,169
2022-09-10,10,5,36,9,2022,Autumn,None,FMCG,Shampoo Head&Shoulders,85,115,35.29,15,374,80,4,1.7,0.98,7990,9188.5,1198.5,94
2022-09-10,10,5,36,9,2022,Autumn,None,Electronics,Earphones Boat,350,599,71.14,10,78,20,5,7.0,0.78,16100,24798.6,8698.6,46
2022-09-10,10,5,36,9,2022,Autumn,None,Fashion,Jeans Men,450,899,99.78,0,71,20,6,9.0,0.88,18000,35960.0,17960.0,40
2022-09-10,10,5,36,9,2022,Autumn,None,Agriculture,Wheat Seeds 1kg,65,95,46.15,0,102,30,5,1.3,0.96,6175,9025.0,2850.0,95
2022-09-11,11,6,36,9,2022,Autumn,None,Agriculture,Pesticide 500ml,180,245,36.11,20,42,20,5,3.6,0.82,10440,11368.0,928.0,58
2022-09-11,11,6,36,9,2022,Autumn,None,Grocery,Eid Special Dates,280,450,60.71,0,86,40,4,5.6,0.91,25760,41400.0,15640.0,92
2022-09-11,11,6,36,9,2022,Autumn,None,Grocery,Sunflower Oil 1L,120,148,23.33,0,71,60,4,2.4,0.77,11040,13616.0,2576.0,92
2022-09-11,11,6,36,9,2022,Autumn,None,Grocery,Dal Toor 1kg,95,118,24.21,20,355,80,3,1.9,0.79,3325,3304.0,-21.0,35
2022-09-11,11,6,36,9,2022,Autumn,None,Fashion,T-Shirt Men,180,349,93.89,0,82,30,5,3.6,1.0,12060,23383.0,11323.0,67
2022-09-11,11,6,36,9,2022,Autumn,None,Grocery,Christmas Cake,180,320,77.78,10,39,30,2,3.6,0.93,6660,10656.0,3996.0,37
2022-09-12,12,0,37,9,2022,Autumn,None,Fashion,Saree Cotton,350,699,99.71,0,62,15,7,7.0,0.82,29750,59415.0,29665.0,85
2022-09-12,12,0,37,9,2022,Autumn,None,Stationery,Eraser Pack,12,20,66.67,0,406,150,2,0.24,0.73,696,1160.0,464.0,58
2022-09-12,12,0,37,9,2022,Autumn,None,Agriculture,Fertilizer NPK 1kg,125,168,34.4,0,84,25,6,2.5,0.85,6750,9072.0,2322.0,54
2022-09-12,12,0,37,9,2022,Autumn,None,FMCG,Detergent Surf 1kg,95,125,31.58,0,214,90,3,1.9,0.91,1805,2375.0,570.0,19
2022-09-12,12,0,37,9,2022,Autumn,None,Electronics,LED Bulb 9W,48,85,77.08,5,111,40,4,0.96,0.95,1248,2099.5,851.5,26
2022-09-12,12,0,37,9,2022,Autumn,None,Electronics,Earphones Boat,350,599,71.14,0,42,20,5,7.0,0.79,2800,4792.0,1992.0,8
2022-09-12,12,0,37,9,2022,Autumn,None,Grocery,Sunflower Oil 1L,120,148,23.33,10,231,60,4,2.4,0.93,6840,7592.4,752.4,57
2022-09-13,13,1,37,9,2022,Autumn,None,Electronics,Fan Table,850,1350,58.82,0,14,8,7,17.0,0.82,66300,105300.0,39000.0,78
2022-09-13,13,1,37,9,2022,Autumn,None,FMCG,Toothpaste Colgate,55,75,36.36,0,102,100,3,1.1,0.71,3575,4875.0,1300.0,65
2022-09-13,13,1,37,9,2022,Autumn,None,Agriculture,Fertilizer NPK 1kg,125,168,34.4,5,72,25,6,2.5,0.97,4750,6064.8,1314.8,38
2022-09-13,13,1,37,9,2022,Autumn,None,Fashion,Shoes Casual,350,699,99.71,0,28,25,6,7.0,1.0,6300,12582.0,6282.0,18
2022-09-13,13,1,37,9,2022,Autumn,None,FMCG,Cold Drink 500ml,20,30,50.0,0,264,200,2,0.4,0.77,800,1200.0,400.0,40
2022-09-13,13,1,37,9,2022,Autumn,None,Electronics,Earphones Boat,350,599,71.14,0,25,20,5,7.0,0.82,11550,19767.0,8217.0,33
2022-09-13,13,1,37,9,2022,Autumn,None,Grocery,Sunflower Oil 1L,120,148,23.33,0,220,60,4,2.4,0.76,6120,7548.0,1428.0,51
2022-09-13,13,1,37,9,2022,Autumn,None,FMCG,Dandiya Sticks,40,85,112.5,0,638,200,2,0.8,0.74,3680,7820.0,4140.0,92
2022-09-14,14,2,37,9,2022,Autumn,Onam,FMCG,Biscuit Parle-G,8,12,50.0,0,425,200,2,0.16,0.72,888,1332.0,444.0,111
2022-09-14,14,2,37,9,2022,Autumn,Onam,Fashion,Shoes Casual,350,699,99.71,20,72,25,6,7.0,0.71,37100,59275.2,22175.2,106
2022-09-14,14,2,37,9,2022,Autumn,Onam,Fashion,Saree Cotton,350,699,99.71,0,53,15,7,7.0,0.85,46200,92268.0,46068.0,132
2022-09-14,14,2,37,9,2022,Autumn,Onam,FMCG,Cold Drink 500ml,20,30,50.0,0,782,200,2,0.4,0.75,3800,5700.0,1900.0,190
2022-09-15,15,3,37,9,2022,Autumn,None,Fashion,Saree Cotton,350,699,99.71,15,57,15,7,7.0,0.84,26250,44561.25,18311.25,75
2022-09-15,15,3,37,9,2022,Autumn,None,Stationery,Pen Blue Pack 10,25,40,60.0,0,799,200,2,0.5,0.83,225,360.0,135.0,9
2022-09-15,15,3,37,9,2022,Autumn,None,FMCG,Shampoo Head&Shoulders,85,115,35.29,10,86,80,4,1.7,0.77,3740,4554.0,814.0,44
2022-09-16,16,4,37,9,2022,Autumn,Onam,FMCG,Soap Lux,22,32,45.45,0,359,150,3,0.44,0.89,1320,1920.0,600.0,60
2022-09-16,16,4,37,9,2022,Autumn,Onam,Fashion,Jeans Men,450,899,99.78,0,62,20,6,9.0,0.74,75600,151032.0,75432.0,168
2022-09-16,16,4,37,9,2022,Autumn,Onam,Electronics,Power Bank 10000mAh,650,1099,69.08,0,41,15,6,13.0,0.89,13650,23079.0,9429.0,21
2022-09-16,16,4,37,9,2022,Autumn,Onam,Agriculture,Wheat Seeds 1kg,65,95,46.15,0,123,30,5,1.3,0.8,910,1330.0,420.0,14
2022-09-16,16,4,37,9,2022,Autumn,Onam,FMCG,Dandiya Sticks,40,85,112.5,0,880,200,2,0.8,1.0,2920,6205.0,3285.0,73
2022-09-16,16,4,37,9,2022,Autumn,Onam,Grocery,Dal Toor 1kg,95,118,24.21,20,275,80,3,1.9,0.86,7030,6985.6,-44.4,74
2022-09-16,16,4,37,9,2022,Autumn,Onam,Grocery,Sugar 1kg,42,54,28.57,0,133,100,2,0.84,0.96,5796,7452.0,1656.0,138
2022-09-17,17,5,37,9,2022,Autumn,None,Electronics,Smartphone Redmi,8500,10999,29.4,0,45,10,7,170.0,0.95,178500,230979.0,52479.0,21
2022-09-17,17,5,37,9,2022,Autumn,None,Grocery,Sugar 1kg,42,54,28.57,0,318,100,2,0.84,0.92,2268,2916.0,648.0,54
2022-09-17,17,5,37,9,2022,Autumn,None,FMCG,Toothpaste Colgate,55,75,36.36,0,225,100,3,1.1,0.83,2585,3525.0,940.0,47
2022-09-18,18,6,37,9,2022,Autumn,Onam,Electronics,Power Bank 10000mAh,650,1099,69.08,5,43,15,6,13.0,0.83,83850,134682.45,50832.45,129
2022-09-18,18,6,37,9,2022,Autumn,Onam,Fashion,Jeans Men,450,899,99.78,10,81,20,6,9.0,0.71,97650,175574.7,77924.7,217
2022-09-18,18,6,37,9,2022,Autumn,Onam,Fashion,T-Shirt Men,180,349,93.89,5,127,30,5,3.6,0.97,39600,72941.0,33341.0,220
2022-09-18,18,6,37,9,2022,Autumn,Onam,Agriculture,Fertilizer NPK 1kg,125,168,34.4,0,118,25,6,2.5,0.75,20125,27048.0,6923.0,161
2022-09-18,18,6,37,9,2022,Autumn,Onam,Electronics,Smartphone Redmi,8500,10999,29.4,5,28,10,7,170.0,0.81,1402500,1724093.25,321593.25,165
2022-09-18,18,6,37,9,2022,Autumn,Onam,Electronics,Fan Table,850,1350,58.82,10,16,8,7,17.0,0.91,130050,185895.0,55845.0,153
2022-09-18,18,6,37,9,2022,Autumn,Onam,FMCG,Gulal Colors Set,35,75,114.29,0,204,200,2,0.7,0.7,2975,6375.0,3400.0,85
2022-09-19,19,0,38,9,2022,Autumn,None,Stationery,Notebook A4,28,45,60.71,15,119,100,3,0.56,1.0,2408,3289.5,881.5,86
2022-09-19,19,0,38,9,2022,Autumn,None,FMCG,Puja Thali Set,125,245,96.0,0,91,50,3,2.5,0.76,10250,20090.0,9840.0,82
2022-09-19,19,0,38,9,2022,Autumn,None,Stationery,Pencil Box,35,55,57.14,5,258,80,3,0.7,0.85,1855,2769.25,914.25,53
2022-09-19,19,0,38,9,2022,Autumn,None,Stationery,Eraser Pack,12,20,66.67,5,544,150,2,0.24,0.98,864,1368.0,504.0,72
2022-09-19,19,0,38,9,2022,Autumn,None,FMCG,Dandiya Sticks,40,85,112.5,15,235,200,2,0.8,0.98,1640,2962.25,1322.25,41
2022-09-19,19,0,38,9,2022,Autumn,None,Grocery,Christmas Cake,180,320,77.78,0,112,30,2,3.6,0.74,1800,3200.0,1400.0,10
2022-09-19,19,0,38,9,2022,Autumn,None,Stationery,Pen Blue Pack 10,25,40,60.0,10,350,200,2,0.5,0.78,2400,3456.0,1056.0,96
2022-09-20,20,1,38,9,2022,Autumn,None,Grocery,Christmas Cake,180,320,77.78,0,142,30,2,3.6,0.83,17820,31680.0,13860.0,99
2022-09-20,20,1,38,9,2022,Autumn,None,FMCG,Detergent Surf 1kg,95,125,31.58,20,244,90,3,1.9,0.85,6555,6900.0,345.0,69
2022-09-20,20,1,38,9,2022,Autumn,None,Grocery,Basmati Rice 5kg,180,225,25.0,10,237,50,3,3.6,0.82,11700,13162.5,1462.5,65
2022-09-20,20,1,38,9,2022,Autumn,None,FMCG,Soap Lux,22,32,45.45,15,736,150,3,0.44,0.93,374,462.4,88.4,17
2022-09-20,20,1,38,9,2022,Autumn,None,Grocery,Dal Toor 1kg,95,118,24.21,0,187,80,3,1.9,0.98,2375,2950.0,575.0,25
2022-09-20,20,1,38,9,2022,Autumn,None,Stationery,Pen Blue Pack 10,25,40,60.0,5,372,200,2,0.5,0.94,1125,1710.0,585.0,45
2022-09-20,20,1,38,9,2022,Autumn,None,Stationery,Pencil Box,35,55,57.14,0,293,80,3,0.7,0.86,630,990.0,360.0,18
2022-09-21,21,2,38,9,2022,Autumn,None,Fashion,T-Shirt Men,180,349,93.89,10,134,30,5,3.6,0.76,4680,8166.6,3486.6,26
2022-09-21,21,2,38,9,2022,Autumn,None,Agriculture,Wheat Seeds 1kg,65,95,46.15,0,133,30,5,1.3,0.93,910,1330.0,420.0,14
2022-09-21,21,2,38,9,2022,Autumn,None,FMCG,Detergent Surf 1kg,95,125,31.58,0,409,90,3,1.9,0.73,6840,9000.0,2160.0,72
2022-09-21,21,2,38,9,2022,Autumn,None,FMCG,Cold Drink 500ml,20,30,50.0,15,287,200,2,0.4,0.81,560,714.0,154.0,28
2022-09-21,21,2,38,9,2022,Autumn,None,Stationery,Notebook A4,28,45,60.71,0,399,100,3,0.56,0.77,420,675.0,255.0,15
2022-09-21,21,2,38,9,2022,Autumn,None,FMCG,Kite + String,25,55,120.0,5,844,300,2,0.5,0.93,425,888.25,463.25,17
2022-09-21,21,2,38,9,2022,Autumn,None,FMCG,Shampoo Head&Shoulders,85,115,35.29,0,101,80,4,1.7,0.73,9690,13110.0,3420.0,114
2022-09-21,21,2,38,9,2022,Autumn,None,FMCG,Biscuit Parle-G,8,12,50.0,10,732,200,2,0.16,1.0,48,64.8,16.8,6
2022-09-22,22,3,38,9,2022,Autumn,None,FMCG,Puja Thali Set,125,245,96.0,0,142,50,3,2.5,0.9,8125,15925.0,7800.0,65
2022-09-22,22,3,38,9,2022,Autumn,None,FMCG,Gulal Colors Set,35,75,114.29,5,538,200,2,0.7,0.94,630,1282.5,652.5,18
2022-09-22,22,3,38,9,2022,Autumn,None,Fashion,Kurta Women,280,549,96.07,0,71,20,5,5.6,0.92,28280,55449.0,27169.0,101
2022-09-22,22,3,38,9,2022,Autumn,None,Agriculture,Wheat Seeds 1kg,65,95,46.15,0,141,30,5,1.3,0.86,585,855.0,270.0,9
2022-09-22,22,3,38,9,2022,Autumn,None,Stationery,Notebook A4,28,45,60.71,15,416,100,3,0.56,0.91,1232,1683.0,451.0,44
2022-09-23,23,4,38,9,2022,Autumn,None,FMCG,Diya Set 12pc,48,95,97.92,20,483,150,2,0.96,0.9,720,1140.0,420.0,15
2022-09-23,23,4,38,9,2022,Autumn,None,Stationery,Eraser Pack,12,20,66.67,0,233,150,2,0.24,0.8,996,1660.0,664.0,83
2022-09-23,23,4,38,9,2022,Autumn,None,Electronics,Smartphone Redmi,8500,10999,29.4,5,28,10,7,170.0,0.88,187000,229879.1,42879.1,22
2022-09-23,23,4,38,9,2022,Autumn,None,Grocery,Basmati Rice 5kg,180,225,25.0,15,196,50,3,3.6,0.94,5580,5928.75,348.75,31
2022-09-23,23,4,38,9,2022,Autumn,None,Fashion,Saree Cotton,350,699,99.71,15,46,15,7,7.0,0.94,27300,46343.7,19043.7,78
2022-09-23,23,4,38,9,2022,Autumn,None,Grocery,Wheat Flour 10kg,320,385,20.31,0,159,40,3,6.4,0.75,34240,41195.0,6955.0,107
2022-09-24,24,5,38,9,2022,Autumn,Navratri,FMCG,Soap Lux,22,32,45.45,0,179,150,3,0.44,0.75,6666,9696.0,3030.0,303
2022-09-24,24,5,38,9,2022,Autumn,Navratri,FMCG,Gulal Colors Set,35,75,114.29,0,425,200,2,0.7,0.92,8820,18900.0,10080.0,252
2022-09-24,24,5,38,9,2022,Autumn,Navratri,FMCG,Kite + String,25,55,120.0,15,552,300,2,0.5,0.9,8100,15147.0,7047.0,324
2022-09-24,24,5,38,9,2022,Autumn,Navratri,Electronics,Power Bank 10000mAh,650,1099,69.08,10,59,15,6,13.0,0.8,73450,111768.3,38318.3,113
2022-09-24,24,5,38,9,2022,Autumn,Navratri,FMCG,Dandiya Sticks,40,85,112.5,0,815,200,2,0.8,0.72,14560,30940.0,16380.0,364
2022-09-24,24,5,38,9,2022,Autumn,Navratri,Electronics,Earphones Boat,350,599,71.14,0,68,20,5,7.0,0.9,43750,74875.0,31125.0,125
2022-09-25,25,6,38,9,2022,Autumn,Onam,Agriculture,Wheat Seeds 1kg,65,95,46.15,15,125,30,5,1.3,0.98,15665,19460.75,3795.75,241
2022-09-25,25,6,38,9,2022,Autumn,Onam,Electronics,USB Cable,45,89,97.78,10,130,50,4,0.9,0.99,5580,9932.4,4352.4,124
2022-09-25,25,6,38,9,2022,Autumn,Onam,Grocery,Eid Special Dates,280,450,60.71,10,191,40,4,5.6,0.86,3360,4860.0,1500.0,12
2022-09-25,25,6,38,9,2022,Autumn,Onam,Electronics,LED Bulb 9W,48,85,77.08,20,121,40,4,0.96,0.93,8640,12240.0,3600.0,180
2022-09-25,25,6,38,9,2022,Autumn,Onam,FMCG,Soap Lux,22,32,45.45,20,377,150,3,0.44,0.73,1408,1638.4,230.4,64
2022-09-25,25,6,38,9,2022,Autumn,Onam,Fashion,T-Shirt Men,180,349,93.89,0,70,30,5,3.6,0.74,48960,94928.0,45968.0,272
2022-09-25,25,6,38,9,2022,Autumn,Onam,Grocery,Dal Toor 1kg,95,118,24.21,0,313,80,3,1.9,0.74,8740,10856.0,2116.0,92
2022-09-26,26,0,39,9,2022,Autumn,None,FMCG,Toothpaste Colgate,55,75,36.36,0,461,100,3,1.1,0.87,3410,4650.0,1240.0,62
2022-09-26,26,0,39,9,2022,Autumn,None,Grocery,Sunflower Oil 1L,120,148,23.33,15,240,60,4,2.4,0.99,4560,4780.4,220.4,38
2022-09-26,26,0,39,9,2022,Autumn,None,Fashion,Saree Cotton,350,699,99.71,0,60,15,7,7.0,0.76,19600,39144.0,19544.0,56
2022-09-26,26,0,39,9,2022,Autumn,None,Fashion,Jeans Men,450,899,99.78,15,26,20,6,9.0,0.98,22050,37443.35,15393.35,49
2022-09-26,26,0,39,9,2022,Autumn,None,FMCG,Diya Set 12pc,48,95,97.92,20,551,150,2,0.96,0.79,1920,3040.0,1120.0,40
2022-09-27,27,1,39,9,2022,Autumn,None,FMCG,Detergent Surf 1kg,95,125,31.58,5,234,90,3,1.9,0.78,1710,2137.5,427.5,18
2022-09-27,27,1,39,9,2022,Autumn,None,Grocery,Wheat Flour 10kg,320,385,20.31,0,73,40,3,6.4,0.8,27520,33110.0,5590.0,86
2022-09-27,27,1,39,9,2022,Autumn,None,FMCG,Dandiya Sticks,40,85,112.5,20,255,200,2,0.8,0.95,4680,7956.0,3276.0,117
2022-09-27,27,1,39,9,2022,Autumn,None,Stationery,Pencil Box,35,55,57.14,15,163,80,3,0.7,0.87,1890,2524.5,634.5,54
2022-09-27,27,1,39,9,2022,Autumn,None,Fashion,Kurta Women,280,549,96.07,5,38,20,5,5.6,0.76,23520,43810.2,20290.2,84
2022-09-27,27,1,39,9,2022,Autumn,None,Agriculture,Wheat Seeds 1kg,65,95,46.15,20,31,30,5,1.3,0.81,2340,2736.0,396.0,36
2022-09-27,27,1,39,9,2022,Autumn,None,FMCG,Gulal Colors Set,35,75,114.29,20,351,200,2,0.7,0.81,2975,5100.0,2125.0,85
2022-09-27,27,1,39,9,2022,Autumn,None,FMCG,Cold Drink 500ml,20,30,50.0,5,298,200,2,0.4,0.81,780,1111.5,331.5,39
2022-09-28,28,2,39,9,2022,Autumn,None,FMCG,Cold Drink 500ml,20,30,50.0,15,321,200,2,0.4,0.77,1300,1657.5,357.5,65
2022-09-28,28,2,39,9,2022,Autumn,None,Grocery,Sugar 1kg,42,54,28.57,5,188,100,2,0.84,0.9,2310,2821.5,511.5,55
2022-09-28,28,2,39,9,2022,Autumn,None,FMCG,Soap Lux,22,32,45.45,5,541,150,3,0.44,0.78,506,699.2,193.2,23
2022-09-28,28,2,39,9,2022,Autumn,None,FMCG,Diya Set 12pc,48,95,97.92,15,272,150,2,0.96,0.73,3600,6056.25,2456.25,75
2022-09-28,28,2,39,9,2022,Autumn,None,Fashion,Kurta Women,280,549,96.07,0,85,20,5,5.6,0.77,27720,54351.0,26631.0,99
2022-09-28,28,2,39,9,2022,Autumn,None,Agriculture,Wheat Seeds 1kg,65,95,46.15,10,91,30,5,1.3,0.78,6630,8721.0,2091.0,102
2022-09-29,29,3,39,9,2022,Autumn,None,FMCG,Biscuit Parle-G,8,12,50.0,15,917,200,2,0.16,0.71,656,836.4,180.4,82
2022-09-29,29,3,39,9,2022,Autumn,None,FMCG,Cold Drink 500ml,20,30,50.0,10,742,200,2,0.4,0.85,2100,2835.0,735.0,105
2022-09-29,29,3,39,9,2022,Autumn,None,Stationery,Pen Blue Pack 10,25,40,60.0,10,867,200,2,0.5,0.74,2600,3744.0,1144.0,104
2022-09-29,29,3,39,9,2022,Autumn,None,FMCG,Gulal Colors Set,35,75,114.29,20,320,200,2,0.7,0.75,1645,2820.0,1175.0,47
2022-09-29,29,3,39,9,2022,Autumn,None,Agriculture,Wheat Seeds 1kg,65,95,46.15,10,87,30,5,1.3,0.94,1560,2052.0,492.0,24
2022-09-29,29,3,39,9,2022,Autumn,None,Fashion,Jeans Men,450,899,99.78,0,46,20,6,9.0,0.9,4950,9889.0,4939.0,11
2022-09-29,29,3,39,9,2022,Autumn,None,FMCG,Shampoo Head&Shoulders,85,115,35.29,0,97,80,4,1.7,0.73,7565,10235.0,2670.0,89
2022-09-29,29,3,39,9,2022,Autumn,None,Grocery,Sugar 1kg,42,54,28.57,0,378,100,2,0.84,0.75,3192,4104.0,912.0,76
2022-09-30,30,4,39,9,2022,Autumn,None,Grocery,Basmati Rice 5kg,180,225,25.0,15,140,50,3,3.6,0.88,9720,10327.5,607.5,54
2022-09-30,30,4,39,9,2022,Autumn,None,Electronics,Power Bank 10000mAh,650,1099,69.08,10,57,15,6,13.0,0.95,25350,38574.9,13224.9,39
2022-09-30,30,4,39,9,2022,Autumn,None,Fashion,Jeans Men,450,899,99.78,0,58,20,6,9.0,0.96,4950,9889.0,4939.0,11
2022-09-30,30,4,39,9,2022,Autumn,None,Grocery,Sunflower Oil 1L,120,148,23.33,0,115,60,4,2.4,0.88,3240,3996.0,756.0,27
2022-09-30,30,4,39,9,2022,Autumn,None,FMCG,Crackers Box,200,380,90.0,0,316,100,3,4.0,0.72,5800,11020.0,5220.0,29
2022-09-30,30,4,39,9,2022,Autumn,None,Fashion,T-Shirt Men,180,349,93.89,0,145,30,5,3.6,0.75,9000,17450.0,8450.0,50
2022-09-30,30,4,39,9,2022,Autumn,None,Agriculture,Fertilizer NPK 1kg,125,168,34.4,5,111,25,6,2.5,0.83,2375,3032.4,657.4,19
2022-09-30,30,4,39,9,2022,Autumn,None,Grocery,Salt 1kg,18,25,38.89,15,156,120,2,0.36,0.89,486,573.75,87.75,27
2022-10-01,1,5,39,10,2022,Autumn,None,Electronics,Smartphone Redmi,8500,10999,29.4,0,37,10,7,170.0,0.81,714000,923916.0,209916.0,84
2022-10-01,1,5,39,10,2022,Autumn,None,Stationery,Notebook A4,28,45,60.71,10,163,100,3,0.56,0.86,1400,2025.0,625.0,50
2022-10-01,1,5,39,10,2022,Autumn,None,Grocery,Eid Special Dates,280,450,60.71,15,124,40,4,5.6,0.89,31360,42840.0,11480.0,112
2022-10-01,1,5,39,10,2022,Autumn,None,FMCG,Diya Set 12pc,48,95,97.92,0,299,150,2,0.96,0.96,4224,8360.0,4136.0,88
2022-10-01,1,5,39,10,2022,Autumn,None,FMCG,Detergent Surf 1kg,95,125,31.58,0,283,90,3,1.9,0.99,5130,6750.0,1620.0,54
2022-10-02,2,6,39,10,2022,Autumn,None,Stationery,Pen Blue Pack 10,25,40,60.0,0,701,200,2,0.5,0.73,3800,6080.0,2280.0,152
2022-10-02,2,6,39,10,2022,Autumn,None,FMCG,Biscuit Parle-G,8,12,50.0,0,764,200,2,0.16,0.78,1208,1812.0,604.0,151
2022-10-02,2,6,39,10,2022,Autumn,None,FMCG,Soap Lux,22,32,45.45,0,548,150,3,0.44,0.75,352,512.0,160.0,16
2022-10-02,2,6,39,10,2022,Autumn,None,FMCG,Cold Drink 500ml,20,30,50.0,20,612,200,2,0.4,0.84,2500,3000.0,500.0,125
2022-10-03,3,0,40,10,2022,Autumn,None,Electronics,LED Bulb 9W,48,85,77.08,0,108,40,4,0.96,0.72,3120,5525.0,2405.0,65
2022-10-03,3,0,40,10,2022,Autumn,None,Grocery,Basmati Rice 5kg,180,225,25.0,15,113,50,3,3.6,0.9,12060,12813.75,753.75,67
2022-10-03,3,0,40,10,2022,Autumn,None,FMCG,Diya Set 12pc,48,95,97.92,5,512,150,2,0.96,0.94,3408,6407.75,2999.75,71
2022-10-03,3,0,40,10,2022,Autumn,None,FMCG,Toothpaste Colgate,55,75,36.36,10,319,100,3,1.1,0.86,2640,3240.0,600.0,48
2022-10-04,4,1,40,10,2022,Autumn,Diwali,Electronics,USB Cable,45,89,97.78,0,64,50,4,0.9,0.73,1845,3649.0,1804.0,41
2022-10-04,4,1,40,10,2022,Autumn,Diwali,Fashion,Jeans Men,450,899,99.78,0,21,20,6,9.0,0.99,154800,309256.0,154456.0,344
2022-10-04,4,1,40,10,2022,Autumn,Diwali,Grocery,Dal Toor 1kg,95,118,24.21,5,149,80,3,1.9,0.84,18715,22083.7,3368.7,197
2022-10-04,4,1,40,10,2022,Autumn,Diwali,Grocery,Eid Special Dates,280,450,60.71,10,143,40,4,5.6,0.7,52920,76545.0,23625.0,189
2022-10-04,4,1,40,10,2022,Autumn,Diwali,Stationery,Eraser Pack,12,20,66.67,0,697,150,2,0.24,0.92,120,200.0,80.0,10
2022-10-04,4,1,40,10,2022,Autumn,Diwali,Fashion,Saree Cotton,350,699,99.71,0,17,15,7,7.0,0.88,106050,211797.0,105747.0,303
2022-10-04,4,1,40,10,2022,Autumn,Diwali,FMCG,Dandiya Sticks,40,85,112.5,0,379,200,2,0.8,0.72,13040,27710.0,14670.0,326
2022-10-04,4,1,40,10,2022,Autumn,Diwali,FMCG,Diya Set 12pc,48,95,97.92,20,202,150,2,0.96,0.83,4128,6536.0,2408.0,86
2022-10-05,5,2,40,10,2022,Autumn,Navratri,FMCG,Detergent Surf 1kg,95,125,31.58,0,413,90,3,1.9,0.87,10355,13625.0,3270.0,109
2022-10-05,5,2,40,10,2022,Autumn,Navratri,Stationery,Notebook A4,28,45,60.71,0,429,100,3,0.56,0.85,1876,3015.0,1139.0,67
2022-10-05,5,2,40,10,2022,Autumn,Navratri,FMCG,Soap Lux,22,32,45.45,0,649,150,3,0.44,0.72,5280,7680.0,2400.0,240
2022-10-05,5,2,40,10,2022,Autumn,Navratri,Fashion,Kurta Women,280,549,96.07,0,65,20,5,5.6,0.73,68880,135054.0,66174.0,246
2022-10-05,5,2,40,10,2022,Autumn,Navratri,Electronics,Power Bank 10000mAh,650,1099,69.08,0,15,15,6,13.0,0.73,26650,45059.0,18409.0,41
2022-10-05,5,2,40,10,2022,Autumn,Navratri,FMCG,Dandiya Sticks,40,85,112.5,5,726,200,2,0.8,0.97,3240,6540.75,3300.75,81
2022-10-06,6,3,40,10,2022,Autumn,None,FMCG,Soap Lux,22,32,45.45,0,336,150,3,0.44,0.86,1144,1664.0,520.0,52
2022-10-06,6,3,40,10,2022,Autumn,None,FMCG,Puja Thali Set,125,245,96.0,0,218,50,3,2.5,0.95,3375,6615.0,3240.0,27
2022-10-06,6,3,40,10,2022,Autumn,None,Grocery,Basmati Rice 5kg,180,225,25.0,0,161,50,3,3.6,0.7,4320,5400.0,1080.0,24
2022-10-06,6,3,40,10,2022,Autumn,None,FMCG,Toothpaste Colgate,55,75,36.36,20,245,100,3,1.1,0.71,1760,1920.0,160.0,32
2022-10-06,6,3,40,10,2022,Autumn,None,Electronics,LED Bulb 9W,48,85,77.08,5,48,40,4,0.96,0.75,3648,6137.0,2489.0,76
2022-10-06,6,3,40,10,2022,Autumn,None,Electronics,USB Cable,45,89,97.78,0,118,50,4,0.9,0.74,4185,8277.0,4092.0,93
2022-10-07,7,4,40,10,2022,Autumn,None,FMCG,Dandiya Sticks,40,85,112.5,15,310,200,2,0.8,0.94,2360,4262.75,1902.75,59
2022-10-07,7,4,40,10,2022,Autumn,None,FMCG,Puja Thali Set,125,245,96.0,0,53,50,3,2.5,0.93,3625,7105.0,3480.0,29
2022-10-07,7,4,40,10,2022,Autumn,None,FMCG,Shampoo Head&Shoulders,85,115,35.29,0,255,80,4,1.7,0.83,1275,1725.0,450.0,15
2022-10-07,7,4,40,10,2022,Autumn,None,Fashion,Saree Cotton,350,699,99.71,10,33,15,7,7.0,0.78,2800,5032.8,2232.8,8
2022-10-07,7,4,40,10,2022,Autumn,None,Stationery,Pencil Box,35,55,57.14,0,158,80,3,0.7,0.92,2380,3740.0,1360.0,68
2022-10-07,7,4,40,10,2022,Autumn,None,FMCG,Diya Set 12pc,48,95,97.92,0,267,150,2,0.96,0.96,2016,3990.0,1974.0,42
2022-10-08,8,5,40,10,2022,Autumn,None,Electronics,Power Bank 10000mAh,650,1099,69.08,10,23,15,6,13.0,0.82,21450,32640.3,11190.3,33
2022-10-08,8,5,40,10,2022,Autumn,None,Agriculture,Wheat Seeds 1kg,65,95,46.15,0,84,30,5,1.3,0.71,3120,4560.0,1440.0,48
2022-10-08,8,5,40,10,2022,Autumn,None,Electronics,Smartphone Redmi,8500,10999,29.4,0,34,10,7,170.0,0.82,238000,307972.0,69972.0,28
2022-10-08,8,5,40,10,2022,Autumn,None,FMCG,Gulal Colors Set,35,75,114.29,0,636,200,2,0.7,0.84,1785,3825.0,2040.0,51
2022-10-08,8,5,40,10,2022,Autumn,None,FMCG,Biscuit Parle-G,8,12,50.0,10,511,200,2,0.16,0.73,840,1134.0,294.0,105
2022-10-08,8,5,40,10,2022,Autumn,None,FMCG,Diya Set 12pc,48,95,97.92,0,578,150,2,0.96,0.77,3792,7505.0,3713.0,79
2022-10-08,8,5,40,10,2022,Autumn,None,FMCG,Cold Drink 500ml,20,30,50.0,0,253,200,2,0.4,0.9,760,1140.0,380.0,38
2022-10-08,8,5,40,10,2022,Autumn,None,FMCG,Crackers Box,200,380,90.0,0,243,100,3,4.0,0.97,9800,18620.0,8820.0,49
2022-10-09,9,6,40,10,2022,Autumn,None,Agriculture,Wheat Seeds 1kg,65,95,46.15,0,42,30,5,1.3,0.9,3965,5795.0,1830.0,61
2022-10-09,9,6,40,10,2022,Autumn,None,FMCG,Cold Drink 500ml,20,30,50.0,15,333,200,2,0.4,0.8,2800,3570.0,770.0,140
2022-10-09,9,6,40,10,2022,Autumn,None,Electronics,LED Bulb 9W,48,85,77.08,15,190,40,4,0.96,0.86,4176,6285.75,2109.75,87
2022-10-10,10,0,41,10,2022,Autumn,Dussehra,Electronics,Power Bank 10000mAh,650,1099,69.08,0,73,15,6,13.0,0.97,17550,29673.0,12123.0,27
2022-10-10,10,0,41,10,2022,Autumn,Dussehra,Electronics,Fan Table,850,1350,58.82,20,36,8,7,17.0,0.98,35700,45360.0,9660.0,42
2022-10-10,10,0,41,10,2022,Autumn,Dussehra,Electronics,Earphones Boat,350,599,71.14,0,58,20,5,7.0,0.92,45500,77870.0,32370.0,130
2022-10-10,10,0,41,10,2022,Autumn,Dussehra,Grocery,Christmas Cake,180,320,77.78,20,49,30,2,3.6,0.71,10440,14848.0,4408.0,58
2022-10-10,10,0,41,10,2022,Autumn,Dussehra,Stationery,Pen Blue Pack 10,25,40,60.0,0,458,200,2,0.5,0.97,2300,3680.0,1380.0,92
2022-10-11,11,1,41,10,2022,Autumn,None,Fashion,Shoes Casual,350,699,99.71,10,60,25,6,7.0,0.91,2800,5032.8,2232.8,8
2022-10-11,11,1,41,10,2022,Autumn,None,Stationery,Notebook A4,28,45,60.71,0,389,100,3,0.56,0.72,1232,1980.0,748.0,44
2022-10-11,11,1,41,10,2022,Autumn,None,Agriculture,Fertilizer NPK 1kg,125,168,34.4,15,75,25,6,2.5,0.85,4250,4855.2,605.2,34
2022-10-11,11,1,41,10,2022,Autumn,None,FMCG,Soap Lux,22,32,45.45,10,319,150,3,0.44,0.83,2376,3110.4,734.4,108
2022-10-11,11,1,41,10,2022,Autumn,None,Agriculture,Wheat Seeds 1kg,65,95,46.15,10,79,30,5,1.3,0.82,3900,5130.0,1230.0,60
2022-10-11,11,1,41,10,2022,Autumn,None,Grocery,Salt 1kg,18,25,38.89,0,201,120,2,0.36,0.87,576,800.0,224.0,32
2022-10-11,11,1,41,10,2022,Autumn,None,FMCG,Gulal Colors Set,35,75,114.29,10,725,200,2,0.7,0.84,280,540.0,260.0,8
2022-10-12,12,2,41,10,2022,Autumn,Diwali,FMCG,Crackers Box,200,380,90.0,0,175,100,3,4.0,0.98,26600,50540.0,23940.0,133
2022-10-12,12,2,41,10,2022,Autumn,Diwali,Electronics,LED Bulb 9W,48,85,77.08,0,53,40,4,0.96,0.89,2832,5015.0,2183.0,59
2022-10-12,12,2,41,10,2022,Autumn,Diwali,Fashion,Jeans Men,450,899,99.78,0,20,20,6,9.0,0.89,55350,110577.0,55227.0,123
2022-10-12,12,2,41,10,2022,Autumn,Diwali,Electronics,USB Cable,45,89,97.78,15,230,50,4,0.9,0.97,6525,10969.25,4444.25,145
2022-10-12,12,2,41,10,2022,Autumn,Diwali,Fashion,T-Shirt Men,180,349,93.89,0,108,30,5,3.6,0.79,14940,28967.0,14027.0,83
2022-10-12,12,2,41,10,2022,Autumn,Diwali,Electronics,Fan Table,850,1350,58.82,0,22,8,7,17.0,0.92,17000,27000.0,10000.0,20
2022-10-12,12,2,41,10,2022,Autumn,Diwali,FMCG,Soap Lux,22,32,45.45,0,166,150,3,0.44,0.86,2090,3040.0,950.0,95
2022-10-12,12,2,41,10,2022,Autumn,Diwali,Grocery,Dal Toor 1kg,95,118,24.21,20,275,80,3,1.9,0.98,15105,15009.6,-95.4,159
2022-10-13,13,3,41,10,2022,Autumn,Diwali,FMCG,Dandiya Sticks,40,85,112.5,15,437,200,2,0.8,0.92,7360,13294.0,5934.0,184
2022-10-13,13,3,41,10,2022,Autumn,Diwali,Electronics,Earphones Boat,350,599,71.14,5,81,20,5,7.0,0.73,46900,76252.7,29352.7,134
2022-10-13,13,3,41,10,2022,Autumn,Diwali,Agriculture,Fertilizer NPK 1kg,125,168,34.4,0,47,25,6,2.5,0.76,7500,10080.0,2580.0,60
2022-10-13,13,3,41,10,2022,Autumn,Diwali,Electronics,USB Cable,45,89,97.78,5,55,50,4,0.9,0.79,3960,7440.4,3480.4,88
2022-10-13,13,3,41,10,2022,Autumn,Diwali,Fashion,Saree Cotton,350,699,99.71,0,27,15,7,7.0,0.72,80850,161469.0,80619.0,231
2022-10-14,14,4,41,10,2022,Autumn,None,Agriculture,Wheat Seeds 1kg,65,95,46.15,5,47,30,5,1.3,0.92,1300,1805.0,505.0,20
2022-10-14,14,4,41,10,2022,Autumn,None,Electronics,Power Bank 10000mAh,650,1099,69.08,20,39,15,6,13.0,0.82,4550,6154.4,1604.4,7
2022-10-14,14,4,41,10,2022,Autumn,None,Agriculture,Pesticide 500ml,180,245,36.11,0,25,20,5,3.6,0.74,1260,1715.0,455.0,7
2022-10-15,15,5,41,10,2022,Autumn,None,Electronics,Fan Table,850,1350,58.82,0,29,8,7,17.0,0.96,23800,37800.0,14000.0,28
2022-10-15,15,5,41,10,2022,Autumn,None,FMCG,Toothpaste Colgate,55,75,36.36,0,488,100,3,1.1,0.87,2365,3225.0,860.0,43
2022-10-15,15,5,41,10,2022,Autumn,None,Grocery,Basmati Rice 5kg,180,225,25.0,5,172,50,3,3.6,0.75,6300,7481.25,1181.25,35
2022-10-16,16,6,41,10,2022,Autumn,Dussehra,FMCG,Kite + String,25,55,120.0,0,1347,300,2,0.5,0.97,6300,13860.0,7560.0,252
2022-10-16,16,6,41,10,2022,Autumn,Dussehra,Electronics,Fan Table,850,1350,58.82,5,22,8,7,17.0,0.71,34000,51300.0,17300.0,40
2022-10-16,16,6,41,10,2022,Autumn,Dussehra,FMCG,Soap Lux,22,32,45.45,5,443,150,3,0.44,0.77,3784,5228.8,1444.8,172
2022-10-17,17,0,42,10,2022,Autumn,None,Stationery,Pen Blue Pack 10,25,40,60.0,0,321,200,2,0.5,0.81,475,760.0,285.0,19
2022-10-17,17,0,42,10,2022,Autumn,None,FMCG,Soap Lux,22,32,45.45,0,332,150,3,0.44,0.83,286,416.0,130.0,13
2022-10-17,17,0,42,10,2022,Autumn,None,FMCG,Puja Thali Set,125,245,96.0,0,88,50,3,2.5,0.97,4875,9555.0,4680.0,39
2022-10-17,17,0,42,10,2022,Autumn,None,FMCG,Detergent Surf 1kg,95,125,31.58,15,236,90,3,1.9,0.8,5510,6162.5,652.5,58
2022-10-17,17,0,42,10,2022,Autumn,None,Grocery,Eid Special Dates,280,450,60.71,0,134,40,4,5.6,0.98,15120,24300.0,9180.0,54
2022-10-17,17,0,42,10,2022,Autumn,None,Electronics,USB Cable,45,89,97.78,20,88,50,4,0.9,0.93,810,1281.6,471.6,18
2022-10-17,17,0,42,10,2022,Autumn,None,FMCG,Biscuit Parle-G,8,12,50.0,0,657,200,2,0.16,0.92,400,600.0,200.0,50
2022-10-17,17,0,42,10,2022,Autumn,None,FMCG,Gulal Colors Set,35,75,114.29,20,315,200,2,0.7,0.87,3360,5760.0,2400.0,96
2022-10-18,18,1,42,10,2022,Autumn,None,Electronics,Fan Table,850,1350,58.82,5,34,8,7,17.0,0.88,72250,109012.5,36762.5,85
2022-10-18,18,1,42,10,2022,Autumn,None,FMCG,Toothpaste Colgate,55,75,36.36,15,434,100,3,1.1,0.98,2860,3315.0,455.0,52
2022-10-18,18,1,42,10,2022,Autumn,None,Grocery,Dal Toor 1kg,95,118,24.21,5,355,80,3,1.9,0.86,6650,7847.0,1197.0,70
2022-10-18,18,1,42,10,2022,Autumn,None,Fashion,Saree Cotton,350,699,99.71,10,39,15,7,7.0,0.73,40250,72346.5,32096.5,115
2022-10-18,18,1,42,10,2022,Autumn,None,FMCG,Shampoo Head&Shoulders,85,115,35.29,15,192,80,4,1.7,0.91,6460,7429.0,969.0,76
2022-10-18,18,1,42,10,2022,Autumn,None,FMCG,Cold Drink 500ml,20,30,50.0,0,217,200,2,0.4,0.81,1060,1590.0,530.0,53
2022-10-18,18,1,42,10,2022,Autumn,None,Stationery,Pen Blue Pack 10,25,40,60.0,5,261,200,2,0.5,0.97,825,1254.0,429.0,33
2022-10-18,18,1,42,10,2022,Autumn,None,FMCG,Diya Set 12pc,48,95,97.92,0,297,150,2,0.96,0.95,1248,2470.0,1222.0,26
2022-10-19,19,2,42,10,2022,Autumn,None,Stationery,Eraser Pack,12,20,66.67,15,176,150,2,0.24,0.91,336,476.0,140.0,28
2022-10-19,19,2,42,10,2022,Autumn,None,Electronics,Power Bank 10000mAh,650,1099,69.08,5,21,15,6,13.0,0.9,33150,53246.55,20096.55,51
2022-10-19,19,2,42,10,2022,Autumn,None,Electronics,Earphones Boat,350,599,71.14,0,40,20,5,7.0,0.71,31150,53311.0,22161.0,89
2022-10-19,19,2,42,10,2022,Autumn,None,Electronics,USB Cable,45,89,97.78,0,69,50,4,0.9,0.7,990,1958.0,968.0,22
2022-10-19,19,2,42,10,2022,Autumn,None,Grocery,Sugar 1kg,42,54,28.57,20,193,100,2,0.84,0.84,2478,2548.8,70.8,59
2022-10-19,19,2,42,10,2022,Autumn,None,FMCG,Shampoo Head&Shoulders,85,115,35.29,0,233,80,4,1.7,0.84,8585,11615.0,3030.0,101
2022-10-19,19,2,42,10,2022,Autumn,None,FMCG,Soap Lux,22,32,45.45,15,163,150,3,0.44,0.79,1342,1659.2,317.2,61
2022-10-20,20,3,42,10,2022,Autumn,Navratri,Grocery,Sugar 1kg,42,54,28.57,20,332,100,2,0.84,0.87,5712,5875.2,163.2,136
2022-10-20,20,3,42,10,2022,Autumn,Navratri,Grocery,Sunflower Oil 1L,120,148,23.33,20,188,60,4,2.4,0.79,11400,11248.0,-152.0,95
2022-10-20,20,3,42,10,2022,Autumn,Navratri,FMCG,Cold Drink 500ml,20,30,50.0,0,478,200,2,0.4,0.99,4480,6720.0,2240.0,224
2022-10-20,20,3,42,10,2022,Autumn,Navratri,FMCG,Diya Set 12pc,48,95,97.92,10,278,150,2,0.96,0.92,9840,17527.5,7687.5,205
2022-10-21,21,4,42,10,2022,Autumn,None,Grocery,Sugar 1kg,42,54,28.57,15,184,100,2,0.84,0.72,3150,3442.5,292.5,75
2022-10-21,21,4,42,10,2022,Autumn,None,Electronics,USB Cable,45,89,97.78,0,77,50,4,0.9,0.73,2790,5518.0,2728.0,62
2022-10-21,21,4,42,10,2022,Autumn,None,Stationery,Pencil Box,35,55,57.14,0,224,80,3,0.7,0.75,1715,2695.0,980.0,49
2022-10-21,21,4,42,10,2022,Autumn,None,FMCG,Cold Drink 500ml,20,30,50.0,0,211,200,2,0.4,0.93,280,420.0,140.0,14
2022-10-21,21,4,42,10,2022,Autumn,None,Grocery,Salt 1kg,18,25,38.89,0,446,120,2,0.36,0.98,630,875.0,245.0,35
2022-10-21,21,4,42,10,2022,Autumn,None,Agriculture,Pesticide 500ml,180,245,36.11,0,92,20,5,3.6,0.87,6300,8575.0,2275.0,35
2022-10-22,22,5,42,10,2022,Autumn,None,FMCG,Gulal Colors Set,35,75,114.29,20,712,200,2,0.7,0.76,2870,4920.0,2050.0,82
2022-10-22,22,5,42,10,2022,Autumn,None,Grocery,Sunflower Oil 1L,120,148,23.33,20,93,60,4,2.4,0.91,11160,11011.2,-148.8,93
2022-10-22,22,5,42,10,2022,Autumn,None,Grocery,Sugar 1kg,42,54,28.57,0,479,100,2,0.84,0.85,2940,3780.0,840.0,70
2022-10-22,22,5,42,10,2022,Autumn,None,Fashion,Saree Cotton,350,699,99.71,10,65,15,7,7.0,0.81,12250,22018.5,9768.5,35
2022-10-22,22,5,42,10,2022,Autumn,None,Grocery,Dal Toor 1kg,95,118,24.21,10,157,80,3,1.9,0.9,1140,1274.4,134.4,12
2022-10-22,22,5,42,10,2022,Autumn,None,Fashion,Jeans Men,450,899,99.78,0,49,20,6,9.0,0.97,15300,30566.0,15266.0,34
2022-10-22,22,5,42,10,2022,Autumn,None,Grocery,Basmati Rice 5kg,180,225,25.0,20,91,50,3,3.6,1.0,7020,7020.0,0.0,39
2022-10-23,23,6,42,10,2022,Autumn,None,FMCG,Crackers Box,200,380,90.0,20,464,100,3,4.0,0.93,16400,24928.0,8528.0,82
2022-10-23,23,6,42,10,2022,Autumn,None,Grocery,Christmas Cake,180,320,77.78,5,108,30,2,3.6,0.88,8640,14592.0,5952.0,48
2022-10-23,23,6,42,10,2022,Autumn,None,Fashion,Kurta Women,280,549,96.07,0,83,20,5,5.6,0.73,41160,80703.0,39543.0,147
2022-10-23,23,6,42,10,2022,Autumn,None,Agriculture,Fertilizer NPK 1kg,125,168,34.4,0,64,25,6,2.5,0.86,4500,6048.0,1548.0,36
2022-10-23,23,6,42,10,2022,Autumn,None,FMCG,Shampoo Head&Shoulders,85,115,35.29,20,312,80,4,1.7,0.79,2295,2484.0,189.0,27
2022-10-23,23,6,42,10,2022,Autumn,None,FMCG,Dandiya Sticks,40,85,112.5,0,790,200,2,0.8,0.81,1360,2890.0,1530.0,34
2022-10-23,23,6,42,10,2022,Autumn,None,Fashion,T-Shirt Men,180,349,93.89,0,128,30,5,3.6,0.84,3960,7678.0,3718.0,22
2022-10-24,24,0,43,10,2022,Autumn,None,Electronics,LED Bulb 9W,48,85,77.08,0,198,40,4,0.96,0.98,3072,5440.0,2368.0,64
2022-10-24,24,0,43,10,2022,Autumn,None,Agriculture,Fertilizer NPK 1kg,125,168,34.4,0,104,25,6,2.5,0.99,7875,10584.0,2709.0,63
2022-10-24,24,0,43,10,2022,Autumn,None,FMCG,Shampoo Head&Shoulders,85,115,35.29,0,339,80,4,1.7,0.84,1700,2300.0,600.0,20
2022-10-24,24,0,43,10,2022,Autumn,None,FMCG,Soap Lux,22,32,45.45,15,208,150,3,0.44,0.92,286,353.6,67.6,13
2022-10-24,24,0,43,10,2022,Autumn,None,FMCG,Puja Thali Set,125,245,96.0,0,76,50,3,2.5,0.79,9875,19355.0,9480.0,79
2022-10-24,24,0,43,10,2022,Autumn,None,Grocery,Sunflower Oil 1L,120,148,23.33,0,78,60,4,2.4,0.77,10560,13024.0,2464.0,88
2022-10-25,25,1,43,10,2022,Autumn,Diwali,Grocery,Dal Toor 1kg,95,118,24.21,0,182,80,3,1.9,0.82,13870,17228.0,3358.0,146
2022-10-25,25,1,43,10,2022,Autumn,Diwali,Fashion,Shoes Casual,350,699,99.71,0,102,25,6,7.0,0.85,57750,115335.0,57585.0,165
2022-10-25,25,1,43,10,2022,Autumn,Diwali,Agriculture,Pesticide 500ml,180,245,36.11,15,78,20,5,3.6,0.71,10800,12495.0,1695.0,60
2022-10-25,25,1,43,10,2022,Autumn,Diwali,FMCG,Dandiya Sticks,40,85,112.5,0,418,200,2,0.8,0.8,8680,18445.0,9765.0,217
2022-10-25,25,1,43,10,2022,Autumn,Diwali,FMCG,Kite + String,25,55,120.0,0,1040,300,2,0.5,0.94,4250,9350.0,5100.0,170
2022-10-25,25,1,43,10,2022,Autumn,Diwali,FMCG,Biscuit Parle-G,8,12,50.0,5,223,200,2,0.16,0.99,816,1162.8,346.8,102
2022-10-26,26,2,43,10,2022,Autumn,None,Agriculture,Wheat Seeds 1kg,65,95,46.15,0,97,30,5,1.3,0.76,5070,7410.0,2340.0,78
2022-10-26,26,2,43,10,2022,Autumn,None,Electronics,Fan Table,850,1350,58.82,0,13,8,7,17.0,0.97,32300,51300.0,19000.0,38
2022-10-26,26,2,43,10,2022,Autumn,None,Electronics,LED Bulb 9W,48,85,77.08,5,116,40,4,0.96,0.75,3264,5491.0,2227.0,68
2022-10-26,26,2,43,10,2022,Autumn,None,FMCG,Cold Drink 500ml,20,30,50.0,0,748,200,2,0.4,0.91,1480,2220.0,740.0,74
2022-10-26,26,2,43,10,2022,Autumn,None,Grocery,Dal Toor 1kg,95,118,24.21,0,372,80,3,1.9,0.82,6365,7906.0,1541.0,67
2022-10-26,26,2,43,10,2022,Autumn,None,FMCG,Toothpaste Colgate,55,75,36.36,0,405,100,3,1.1,0.76,5995,8175.0,2180.0,109
2022-10-26,26,2,43,10,2022,Autumn,None,Grocery,Salt 1kg,18,25,38.89,15,285,120,2,0.36,0.9,1782,2103.75,321.75,99
2022-10-26,26,2,43,10,2022,Autumn,None,FMCG,Shampoo Head&Shoulders,85,115,35.29,20,314,80,4,1.7,0.98,3995,4324.0,329.0,47
2022-10-27,27,3,43,10,2022,Autumn,None,Fashion,Saree Cotton,350,699,99.71,20,55,15,7,7.0,0.99,10500,16776.0,6276.0,30
2022-10-27,27,3,43,10,2022,Autumn,None,FMCG,Soap Lux,22,32,45.45,0,342,150,3,0.44,0.83,220,320.0,100.0,10
2022-10-27,27,3,43,10,2022,Autumn,None,Stationery,Eraser Pack,12,20,66.67,10,371,150,2,0.24,0.8,420,630.0,210.0,35
2022-10-27,27,3,43,10,2022,Autumn,None,Electronics,LED Bulb 9W,48,85,77.08,0,134,40,4,0.96,0.94,5280,9350.0,4070.0,110
2022-10-27,27,3,43,10,2022,Autumn,None,FMCG,Crackers Box,200,380,90.0,0,357,100,3,4.0,0.95,12800,24320.0,11520.0,64
2022-10-27,27,3,43,10,2022,Autumn,None,Grocery,Basmati Rice 5kg,180,225,25.0,0,166,50,3,3.6,0.82,15480,19350.0,3870.0,86
2022-10-28,28,4,43,10,2022,Autumn,Dussehra,Fashion,Shoes Casual,350,699,99.71,5,95,25,6,7.0,0.88,54600,103591.8,48991.8,156
2022-10-28,28,4,43,10,2022,Autumn,Dussehra,FMCG,Kite + String,25,55,120.0,10,1195,300,2,0.5,0.89,4075,8068.5,3993.5,163
2022-10-28,28,4,43,10,2022,Autumn,Dussehra,Agriculture,Wheat Seeds 1kg,65,95,46.15,15,133,30,5,1.3,0.95,1430,1776.5,346.5,22
2022-10-28,28,4,43,10,2022,Autumn,Dussehra,FMCG,Crackers Box,200,380,90.0,0,310,100,3,4.0,0.73,4000,7600.0,3600.0,20
2022-10-28,28,4,43,10,2022,Autumn,Dussehra,Fashion,Kurta Women,280,549,96.07,15,76,20,5,5.6,0.85,48720,81197.1,32477.1,174
2022-10-29,29,5,43,10,2022,Autumn,Navratri,Fashion,T-Shirt Men,180,349,93.89,10,139,30,5,3.6,0.84,43920,76640.4,32720.4,244
2022-10-29,29,5,43,10,2022,Autumn,Navratri,Stationery,Eraser Pack,12,20,66.67,0,625,150,2,0.24,0.82,1176,1960.0,784.0,98
2022-10-29,29,5,43,10,2022,Autumn,Navratri,Electronics,Earphones Boat,350,599,71.14,20,67,20,5,7.0,0.93,31150,42648.8,11498.8,89
2022-10-30,30,6,43,10,2022,Autumn,None,Fashion,T-Shirt Men,180,349,93.89,5,49,30,5,3.6,0.94,2340,4310.15,1970.15,13
2022-10-30,30,6,43,10,2022,Autumn,None,Electronics,Fan Table,850,1350,58.82,20,28,8,7,17.0,0.8,105400,133920.0,28520.0,124
2022-10-30,30,6,43,10,2022,Autumn,None,Electronics,LED Bulb 9W,48,85,77.08,10,140,40,4,0.96,0.76,3984,6349.5,2365.5,83
2022-10-30,30,6,43,10,2022,Autumn,None,Fashion,Jeans Men,450,899,99.78,15,93,20,6,9.0,0.83,50850,86348.95,35498.95,113
2022-10-30,30,6,43,10,2022,Autumn,None,Stationery,Eraser Pack,12,20,66.67,15,327,150,2,0.24,0.82,1296,1836.0,540.0,108
2022-10-30,30,6,43,10,2022,Autumn,None,Electronics,Power Bank 10000mAh,650,1099,69.08,0,29,15,6,13.0,0.73,61750,104405.0,42655.0,95
2022-10-30,30,6,43,10,2022,Autumn,None,Grocery,Basmati Rice 5kg,180,225,25.0,20,211,50,3,3.6,0.87,5760,5760.0,0.0,32
2022-10-31,31,0,44,10,2022,Autumn,Navratri,Electronics,LED Bulb 9W,48,85,77.08,0,198,40,4,0.96,0.91,5136,9095.0,3959.0,107
2022-10-31,31,0,44,10,2022,Autumn,Navratri,FMCG,Dandiya Sticks,40,85,112.5,0,960,200,2,0.8,0.92,9640,20485.0,10845.0,241
2022-10-31,31,0,44,10,2022,Autumn,Navratri,FMCG,Detergent Surf 1kg,95,125,31.58,5,424,90,3,1.9,0.97,13490,16862.5,3372.5,142
2022-10-31,31,0,44,10,2022,Autumn,Navratri,Fashion,Saree Cotton,350,699,99.71,0,30,15,7,7.0,0.92,43050,85977.0,42927.0,123
2022-10-31,31,0,44,10,2022,Autumn,Navratri,Electronics,Earphones Boat,350,599,71.14,20,26,20,5,7.0,0.78,31850,43607.2,11757.2,91
2022-10-31,31,0,44,10,2022,Autumn,Navratri,Grocery,Dal Toor 1kg,95,118,24.21,0,376,80,3,1.9,0.96,1425,1770.0,345.0,15
2022-11-01,1,1,44,11,2022,Winter,Children's Day,Agriculture,Pesticide 500ml,180,245,36.11,0,66,20,5,3.6,0.97,4320,5880.0,1560.0,24
2022-11-01,1,1,44,11,2022,Winter,Children's Day,FMCG,Soap Lux,22,32,45.45,0,172,150,3,0.44,0.82,1694,2464.0,770.0,77
2022-11-01,1,1,44,11,2022,Winter,Children's Day,FMCG,Biscuit Parle-G,8,12,50.0,5,629,200,2,0.16,0.81,160,228.0,68.0,20
2022-11-02,2,2,44,11,2022,Winter,None,Agriculture,Fertilizer NPK 1kg,125,168,34.4,15,29,25,6,2.5,0.74,13125,14994.0,1869.0,105
2022-11-02,2,2,44,11,2022,Winter,None,FMCG,Detergent Surf 1kg,95,125,31.58,0,404,90,3,1.9,0.88,5510,7250.0,1740.0,58
2022-11-02,2,2,44,11,2022,Winter,None,FMCG,Cold Drink 500ml,20,30,50.0,0,460,200,2,0.4,0.98,600,900.0,300.0,30
2022-11-02,2,2,44,11,2022,Winter,None,Fashion,Jeans Men,450,899,99.78,0,86,20,6,9.0,0.85,6300,12586.0,6286.0,14
2022-11-02,2,2,44,11,2022,Winter,None,Grocery,Basmati Rice 5kg,180,225,25.0,0,79,50,3,3.6,0.97,9180,11475.0,2295.0,51
2022-11-03,3,3,44,11,2022,Winter,Diwali,Fashion,Saree Cotton,350,699,99.71,0,20,15,7,7.0,0.8,70000,139800.0,69800.0,200
2022-11-03,3,3,44,11,2022,Winter,Diwali,FMCG,Shampoo Head&Shoulders,85,115,35.29,10,333,80,4,1.7,0.83,12665,15421.5,2756.5,149
2022-11-03,3,3,44,11,2022,Winter,Diwali,Electronics,USB Cable,45,89,97.78,5,100,50,4,0.9,0.91,3780,7102.2,3322.2,84
2022-11-04,4,4,44,11,2022,Winter,None,Electronics,Fan Table,850,1350,58.82,5,14,8,7,17.0,0.88,48450,73102.5,24652.5,57
2022-11-04,4,4,44,11,2022,Winter,None,Stationery,Pencil Box,35,55,57.14,5,271,80,3,0.7,0.97,1155,1724.25,569.25,33
2022-11-04,4,4,44,11,2022,Winter,None,FMCG,Biscuit Parle-G,8,12,50.0,20,234,200,2,0.16,0.99,120,144.0,24.0,15
2022-11-04,4,4,44,11,2022,Winter,None,Fashion,Jeans Men,450,899,99.78,0,97,20,6,9.0,0.95,62100,124062.0,61962.0,138
2022-11-04,4,4,44,11,2022,Winter,None,FMCG,Detergent Surf 1kg,95,125,31.58,15,105,90,3,1.9,0.73,7695,8606.25,911.25,81
2022-11-04,4,4,44,11,2022,Winter,None,Electronics,Earphones Boat,350,599,71.14,20,43,20,5,7.0,0.81,20300,27793.6,7493.6,58
2022-11-04,4,4,44,11,2022,Winter,None,FMCG,Puja Thali Set,125,245,96.0,0,145,50,3,2.5,0.74,5000,9800.0,4800.0,40
2022-11-04,4,4,44,11,2022,Winter,None,FMCG,Diya Set 12pc,48,95,97.92,0,161,150,2,0.96,0.92,912,1805.0,893.0,19
2022-11-05,5,5,44,11,2022,Winter,None,Agriculture,Pesticide 500ml,180,245,36.11,5,87,20,5,3.6,0.77,12960,16758.0,3798.0,72
2022-11-05,5,5,44,11,2022,Winter,None,Grocery,Eid Special Dates,280,450,60.71,10,59,40,4,5.6,0.87,22120,31995.0,9875.0,79
2022-11-05,5,5,44,11,2022,Winter,None,Fashion,Saree Cotton,350,699,99.71,15,42,15,7,7.0,0.8,50750,86151.75,35401.75,145
2022-11-05,5,5,44,11,2022,Winter,None,Electronics,USB Cable,45,89,97.78,0,176,50,4,0.9,0.85,1980,3916.0,1936.0,44
2022-11-06,6,6,44,11,2022,Winter,None,Stationery,Eraser Pack,12,20,66.67,0,168,150,2,0.24,0.89,1080,1800.0,720.0,90
2022-11-06,6,6,44,11,2022,Winter,None,FMCG,Soap Lux,22,32,45.45,20,622,150,3,0.44,0.79,3190,3712.0,522.0,145
2022-11-06,6,6,44,11,2022,Winter,None,Agriculture,Fertilizer NPK 1kg,125,168,34.4,20,93,25,6,2.5,0.98,9625,10348.8,723.8,77
2022-11-06,6,6,44,11,2022,Winter,None,FMCG,Detergent Surf 1kg,95,125,31.58,0,125,90,3,1.9,0.84,7505,9875.0,2370.0,79
2022-11-06,6,6,44,11,2022,Winter,None,Fashion,Saree Cotton,350,699,99.71,20,32,15,7,7.0,0.8,51450,82202.4,30752.4,147
2022-11-07,7,0,45,11,2022,Winter,None,Stationery,Pencil Box,35,55,57.14,5,312,80,3,0.7,0.85,1785,2664.75,879.75,51
2022-11-07,7,0,45,11,2022,Winter,None,Grocery,Dal Toor 1kg,95,118,24.21,15,396,80,3,1.9,0.73,2945,3109.3,164.3,31
2022-11-07,7,0,45,11,2022,Winter,None,FMCG,Dandiya Sticks,40,85,112.5,0,342,200,2,0.8,0.73,560,1190.0,630.0,14
2022-11-07,7,0,45,11,2022,Winter,None,Fashion,Saree Cotton,350,699,99.71,0,20,15,7,7.0,0.76,33600,67104.0,33504.0,96
2022-11-07,7,0,45,11,2022,Winter,None,FMCG,Puja Thali Set,125,245,96.0,20,187,50,3,2.5,1.0,8750,13720.0,4970.0,70
2022-11-08,8,1,45,11,2022,Winter,None,Grocery,Sugar 1kg,42,54,28.57,10,187,100,2,0.84,0.98,2814,3256.2,442.2,67
2022-11-08,8,1,45,11,2022,Winter,None,Electronics,LED Bulb 9W,48,85,77.08,10,121,40,4,0.96,0.96,3312,5278.5,1966.5,69
2022-11-08,8,1,45,11,2022,Winter,None,Grocery,Sunflower Oil 1L,120,148,23.33,20,289,60,4,2.4,0.82,15240,15036.8,-203.2,127
2022-11-08,8,1,45,11,2022,Winter,None,FMCG,Soap Lux,22,32,45.45,5,396,150,3,0.44,0.87,528,729.6,201.6,24
2022-11-08,8,1,45,11,2022,Winter,None,Grocery,Christmas Cake,180,320,77.78,15,71,30,2,3.6,0.93,19980,30192.0,10212.0,111
2022-11-08,8,1,45,11,2022,Winter,None,Fashion,Jeans Men,450,899,99.78,5,57,20,6,9.0,0.91,22050,41848.45,19798.45,49
2022-11-08,8,1,45,11,2022,Winter,None,Grocery,Salt 1kg,18,25,38.89,0,244,120,2,0.36,0.9,2160,3000.0,840.0,120
2022-11-08,8,1,45,11,2022,Winter,None,FMCG,Shampoo Head&Shoulders,85,115,35.29,15,118,80,4,1.7,0.99,3400,3910.0,510.0,40
2022-11-09,9,2,45,11,2022,Winter,None,Electronics,Earphones Boat,350,599,71.14,0,46,20,5,7.0,0.94,25550,43727.0,18177.0,73
2022-11-09,9,2,45,11,2022,Winter,None,Grocery,Basmati Rice 5kg,180,225,25.0,20,130,50,3,3.6,0.93,18180,18180.0,0.0,101
2022-11-09,9,2,45,11,2022,Winter,None,Agriculture,Pesticide 500ml,180,245,36.11,0,84,20,5,3.6,0.73,15480,21070.0,5590.0,86
2022-11-10,10,3,45,11,2022,Winter,None,Electronics,USB Cable,45,89,97.78,10,98,50,4,0.9,0.72,1935,3444.3,1509.3,43
2022-11-10,10,3,45,11,2022,Winter,None,Stationery,Notebook A4,28,45,60.71,5,395,100,3,0.56,0.89,840,1282.5,442.5,30
2022-11-10,10,3,45,11,2022,Winter,None,Stationery,Pen Blue Pack 10,25,40,60.0,0,962,200,2,0.5,0.73,2000,3200.0,1200.0,80
2022-11-10,10,3,45,11,2022,Winter,None,Agriculture,Fertilizer NPK 1kg,125,168,34.4,0,28,25,6,2.5,0.84,8875,11928.0,3053.0,71
2022-11-11,11,4,45,11,2022,Winter,Children's Day,Agriculture,Fertilizer NPK 1kg,125,168,34.4,10,31,25,6,2.5,0.83,13625,16480.8,2855.8,109
2022-11-11,11,4,45,11,2022,Winter,Children's Day,Fashion,Shoes Casual,350,699,99.71,0,73,25,6,7.0,0.92,12250,24465.0,12215.0,35
2022-11-11,11,4,45,11,2022,Winter,Children's Day,Electronics,LED Bulb 9W,48,85,77.08,5,143,40,4,0.96,0.75,2304,3876.0,1572.0,48
2022-11-11,11,4,45,11,2022,Winter,Children's Day,FMCG,Soap Lux,22,32,45.45,0,681,150,3,0.44,0.83,2772,4032.0,1260.0,126
2022-11-11,11,4,45,11,2022,Winter,Children's Day,Grocery,Dal Toor 1kg,95,118,24.21,15,136,80,3,1.9,0.77,2090,2206.6,116.6,22
2022-11-11,11,4,45,11,2022,Winter,Children's Day,Grocery,Eid Special Dates,280,450,60.71,0,101,40,4,5.6,0.72,5040,8100.0,3060.0,18
2022-11-11,11,4,45,11,2022,Winter,Children's Day,Agriculture,Wheat Seeds 1kg,65,95,46.15,0,109,30,5,1.3,0.91,4160,6080.0,1920.0,64
2022-11-12,12,5,45,11,2022,Winter,Diwali,Stationery,Pencil Box,35,55,57.14,0,227,80,3,0.7,0.92,3325,5225.0,1900.0,95
2022-11-12,12,5,45,11,2022,Winter,Diwali,Grocery,Christmas Cake,180,320,77.78,0,119,30,2,3.6,0.89,18360,32640.0,14280.0,102
2022-11-12,12,5,45,11,2022,Winter,Diwali,FMCG,Biscuit Parle-G,8,12,50.0,15,904,200,2,0.16,0.77,1872,2386.8,514.8,234
2022-11-12,12,5,45,11,2022,Winter,Diwali,Electronics,USB Cable,45,89,97.78,0,135,50,4,0.9,0.97,2115,4183.0,2068.0,47
2022-11-12,12,5,45,11,2022,Winter,Diwali,Electronics,Fan Table,850,1350,58.82,0,35,8,7,17.0,0.8,22950,36450.0,13500.0,27
2022-11-12,12,5,45,11,2022,Winter,Diwali,FMCG,Puja Thali Set,125,245,96.0,0,93,50,3,2.5,0.9,25500,49980.0,24480.0,204
2022-11-13,13,6,45,11,2022,Winter,Diwali,Fashion,Shoes Casual,350,699,99.71,5,27,25,6,7.0,0.87,35350,67069.05,31719.05,101
2022-11-13,13,6,45,11,2022,Winter,Diwali,FMCG,Gulal Colors Set,35,75,114.29,0,371,200,2,0.7,0.93,5600,12000.0,6400.0,160
2022-11-13,13,6,45,11,2022,Winter,Diwali,Grocery,Christmas Cake,180,320,77.78,20,132,30,2,3.6,0.92,9180,13056.0,3876.0,51
2022-11-14,14,0,46,11,2022,Winter,None,FMCG,Puja Thali Set,125,245,96.0,0,135,50,3,2.5,0.97,6875,13475.0,6600.0,55
2022-11-14,14,0,46,11,2022,Winter,None,Fashion,Shoes Casual,350,699,99.71,20,112,25,6,7.0,0.86,35000,55920.0,20920.0,100
2022-11-14,14,0,46,11,2022,Winter,None,FMCG,Kite + String,25,55,120.0,15,1140,300,2,0.5,0.96,175,327.25,152.25,7
2022-11-14,14,0,46,11,2022,Winter,None,Electronics,LED Bulb 9W,48,85,77.08,15,47,40,4,0.96,0.77,1344,2023.0,679.0,28
2022-11-14,14,0,46,11,2022,Winter,None,Grocery,Christmas Cake,180,320,77.78,15,125,30,2,3.6,0.73,14220,21488.0,7268.0,79
2022-11-14,14,0,46,11,2022,Winter,None,FMCG,Dandiya Sticks,40,85,112.5,5,841,200,2,0.8,0.9,1000,2018.75,1018.75,25
2022-11-15,15,1,46,11,2022,Winter,None,FMCG,Crackers Box,200,380,90.0,0,396,100,3,4.0,0.86,9200,17480.0,8280.0,46
2022-11-15,15,1,46,11,2022,Winter,None,FMCG,Cold Drink 500ml,20,30,50.0,0,665,200,2,0.4,0.87,460,690.0,230.0,23
2022-11-15,15,1,46,11,2022,Winter,None,Electronics,LED Bulb 9W,48,85,77.08,20,42,40,4,0.96,0.85,2784,3944.0,1160.0,58
2022-11-15,15,1,46,11,2022,Winter,None,Fashion,Shoes Casual,350,699,99.71,15,44,25,6,7.0,0.86,14000,23766.0,9766.0,40
2022-11-15,15,1,46,11,2022,Winter,None,Fashion,Kurta Women,280,549,96.07,0,58,20,5,5.6,0.85,40600,79605.0,39005.0,145
2022-11-15,15,1,46,11,2022,Winter,None,Stationery,Pencil Box,35,55,57.14,0,100,80,3,0.7,0.77,1295,2035.0,740.0,37
2022-11-16,16,2,46,11,2022,Winter,None,FMCG,Soap Lux,22,32,45.45,0,508,150,3,0.44,0.96,242,352.0,110.0,11
2022-11-16,16,2,46,11,2022,Winter,None,Grocery,Sugar 1kg,42,54,28.57,20,493,100,2,0.84,0.87,4284,4406.4,122.4,102
2022-11-16,16,2,46,11,2022,Winter,None,FMCG,Puja Thali Set,125,245,96.0,0,237,50,3,2.5,0.76,5000,9800.0,4800.0,40
2022-11-16,16,2,46,11,2022,Winter,None,Fashion,Jeans Men,450,899,99.78,10,24,20,6,9.0,0.84,10800,19418.4,8618.4,24
2022-11-16,16,2,46,11,2022,Winter,None,Grocery,Basmati Rice 5kg,180,225,25.0,0,213,50,3,3.6,0.82,10080,12600.0,2520.0,56
2022-11-16,16,2,46,11,2022,Winter,None,Agriculture,Wheat Seeds 1kg,65,95,46.15,5,147,30,5,1.3,0.79,1625,2256.25,631.25,25
2022-11-16,16,2,46,11,2022,Winter,None,Fashion,Shoes Casual,350,699,99.71,0,111,25,6,7.0,0.96,17150,34251.0,17101.0,49
2022-11-17,17,3,46,11,2022,Winter,None,FMCG,Shampoo Head&Shoulders,85,115,35.29,0,316,80,4,1.7,0.86,9180,12420.0,3240.0,108
2022-11-17,17,3,46,11,2022,Winter,None,Electronics,Smartphone Redmi,8500,10999,29.4,5,43,10,7,170.0,0.83,552500,679188.25,126688.25,65
2022-11-17,17,3,46,11,2022,Winter,None,Electronics,LED Bulb 9W,48,85,77.08,0,131,40,4,0.96,0.84,5040,8925.0,3885.0,105
2022-11-17,17,3,46,11,2022,Winter,None,Grocery,Christmas Cake,180,320,77.78,5,82,30,2,3.6,0.84,15480,26144.0,10664.0,86
2022-11-17,17,3,46,11,2022,Winter,None,Stationery,Eraser Pack,12,20,66.67,10,581,150,2,0.24,0.73,120,180.0,60.0,10
2022-11-17,17,3,46,11,2022,Winter,None,Grocery,Eid Special Dates,280,450,60.71,0,188,40,4,5.6,0.85,18760,30150.0,11390.0,67
2022-11-17,17,3,46,11,2022,Winter,None,Fashion,Jeans Men,450,899,99.78,0,57,20,6,9.0,0.72,69300,138446.0,69146.0,154
2022-11-18,18,4,46,11,2022,Winter,None,FMCG,Shampoo Head&Shoulders,85,115,35.29,0,134,80,4,1.7,0.8,1105,1495.0,390.0,13
2022-11-18,18,4,46,11,2022,Winter,None,Stationery,Pencil Box,35,55,57.14,0,249,80,3,0.7,0.96,1645,2585.0,940.0,47
2022-11-18,18,4,46,11,2022,Winter,None,Grocery,Basmati Rice 5kg,180,225,25.0,0,239,50,3,3.6,0.92,21240,26550.0,5310.0,118
2022-11-18,18,4,46,11,2022,Winter,None,Agriculture,Pesticide 500ml,180,245,36.11,15,91,20,5,3.6,0.92,7200,8330.0,1130.0,40
2022-11-18,18,4,46,11,2022,Winter,None,FMCG,Crackers Box,200,380,90.0,5,445,100,3,4.0,0.89,4600,8303.0,3703.0,23
2022-11-18,18,4,46,11,2022,Winter,None,FMCG,Kite + String,25,55,120.0,0,313,300,2,0.5,0.94,1350,2970.0,1620.0,54
2022-11-19,19,5,46,11,2022,Winter,Diwali,Electronics,Smartphone Redmi,8500,10999,29.4,5,38,10,7,170.0,0.82,323000,397063.9,74063.9,38
2022-11-19,19,5,46,11,2022,Winter,Diwali,FMCG,Soap Lux,22,32,45.45,0,338,150,3,0.44,0.95,4246,6176.0,1930.0,193
2022-11-19,19,5,46,11,2022,Winter,Diwali,Grocery,Salt 1kg,18,25,38.89,20,433,120,2,0.36,0.9,4374,4860.0,486.0,243
2022-11-19,19,5,46,11,2022,Winter,Diwali,Grocery,Basmati Rice 5kg,180,225,25.0,20,212,50,3,3.6,0.71,12600,12600.0,0.0,70
2022-11-19,19,5,46,11,2022,Winter,Diwali,FMCG,Toothpaste Colgate,55,75,36.36,0,479,100,3,1.1,0.91,7810,10650.0,2840.0,142
2022-11-19,19,5,46,11,2022,Winter,Diwali,Grocery,Eid Special Dates,280,450,60.71,0,114,40,4,5.6,0.9,65520,105300.0,39780.0,234
2022-11-19,19,5,46,11,2022,Winter,Diwali,FMCG,Biscuit Parle-G,8,12,50.0,10,481,200,2,0.16,0.82,2408,3250.8,842.8,301
2022-11-20,20,6,46,11,2022,Winter,Children's Day,FMCG,Biscuit Parle-G,8,12,50.0,0,860,200,2,0.16,0.9,1264,1896.0,632.0,158
2022-11-20,20,6,46,11,2022,Winter,Children's Day,Agriculture,Pesticide 500ml,180,245,36.11,15,65,20,5,3.6,0.99,21060,24365.25,3305.25,117
2022-11-20,20,6,46,11,2022,Winter,Children's Day,Stationery,Eraser Pack,12,20,66.67,5,312,150,2,0.24,0.81,1368,2166.0,798.0,114
2022-11-20,20,6,46,11,2022,Winter,Children's Day,Agriculture,Wheat Seeds 1kg,65,95,46.15,20,145,30,5,1.3,0.91,9360,10944.0,1584.0,144
2022-11-20,20,6,46,11,2022,Winter,Children's Day,FMCG,Toothpaste Colgate,55,75,36.36,5,435,100,3,1.1,0.75,6930,8977.5,2047.5,126
2022-11-20,20,6,46,11,2022,Winter,Children's Day,Grocery,Wheat Flour 10kg,320,385,20.31,15,75,40,3,6.4,0.78,58560,59886.75,1326.75,183
2022-11-20,20,6,46,11,2022,Winter,Children's Day,Fashion,T-Shirt Men,180,349,93.89,20,38,30,5,3.6,0.97,29520,45788.8,16268.8,164
2022-11-20,20,6,46,11,2022,Winter,Children's Day,Electronics,USB Cable,45,89,97.78,15,170,50,4,0.9,0.88,6660,11196.2,4536.2,148
2022-11-21,21,0,47,11,2022,Winter,Children's Day,Grocery,Eid Special Dates,280,450,60.71,10,198,40,4,5.6,0.95,40600,58725.0,18125.0,145
2022-11-21,21,0,47,11,2022,Winter,Children's Day,FMCG,Diya Set 12pc,48,95,97.92,0,312,150,2,0.96,0.77,624,1235.0,611.0,13
2022-11-21,21,0,47,11,2022,Winter,Children's Day,FMCG,Crackers Box,200,380,90.0,15,447,100,3,4.0,0.84,6000,9690.0,3690.0,30
2022-11-21,21,0,47,11,2022,Winter,Children's Day,Electronics,LED Bulb 9W,48,85,77.08,20,100,40,4,0.96,0.73,3504,4964.0,1460.0,73
2022-11-22,22,1,47,11,2022,Winter,None,Stationery,Pen Blue Pack 10,25,40,60.0,0,274,200,2,0.5,0.83,275,440.0,165.0,11
2022-11-22,22,1,47,11,2022,Winter,None,Stationery,Eraser Pack,12,20,66.67,0,478,150,2,0.24,0.73,120,200.0,80.0,10
2022-11-22,22,1,47,11,2022,Winter,None,Grocery,Salt 1kg,18,25,38.89,5,446,120,2,0.36,0.87,1134,1496.25,362.25,63
2022-11-22,22,1,47,11,2022,Winter,None,Grocery,Sugar 1kg,42,54,28.57,0,324,100,2,0.84,0.9,1554,1998.0,444.0,37
2022-11-23,23,2,47,11,2022,Winter,None,Electronics,Smartphone Redmi,8500,10999,29.4,0,50,10,7,170.0,0.99,178500,230979.0,52479.0,21
2022-11-23,23,2,47,11,2022,Winter,None,FMCG,Detergent Surf 1kg,95,125,31.58,0,161,90,3,1.9,0.97,2850,3750.0,900.0,30
2022-11-23,23,2,47,11,2022,Winter,None,Agriculture,Wheat Seeds 1kg,65,95,46.15,0,140,30,5,1.3,0.72,4940,7220.0,2280.0,76
2022-11-23,23,2,47,11,2022,Winter,None,FMCG,Crackers Box,200,380,90.0,0,206,100,3,4.0,0.87,17200,32680.0,15480.0,86
2022-11-24,24,3,47,11,2022,Winter,None,FMCG,Diya Set 12pc,48,95,97.92,5,280,150,2,0.96,0.93,816,1534.25,718.25,17
2022-11-24,24,3,47,11,2022,Winter,None,Fashion,Shoes Casual,350,699,99.71,0,54,25,6,7.0,0.72,8750,17475.0,8725.0,25
2022-11-24,24,3,47,11,2022,Winter,None,Grocery,Eid Special Dates,280,450,60.71,10,114,40,4,5.6,0.98,14840,21465.0,6625.0,53
2022-11-24,24,3,47,11,2022,Winter,None,FMCG,Shampoo Head&Shoulders,85,115,35.29,0,114,80,4,1.7,0.96,5950,8050.0,2100.0,70
2022-11-24,24,3,47,11,2022,Winter,None,Grocery,Salt 1kg,18,25,38.89,0,414,120,2,0.36,0.77,846,1175.0,329.0,47
2022-11-24,24,3,47,11,2022,Winter,None,Agriculture,Fertilizer NPK 1kg,125,168,34.4,10,104,25,6,2.5,0.72,10250,12398.4,2148.4,82
2022-11-25,25,4,47,11,2022,Winter,Diwali,FMCG,Soap Lux,22,32,45.45,0,487,150,3,0.44,0.98,2486,3616.0,1130.0,113
2022-11-25,25,4,47,11,2022,Winter,Diwali,FMCG,Gulal Colors Set,35,75,114.29,15,274,200,2,0.7,0.94,1330,2422.5,1092.5,38
2022-11-25,25,4,47,11,2022,Winter,Diwali,Electronics,LED Bulb 9W,48,85,77.08,10,58,40,4,0.96,0.98,1296,2065.5,769.5,27
2022-11-25,25,4,47,11,2022,Winter,Diwali,Grocery,Wheat Flour 10kg,320,385,20.31,10,162,40,3,6.4,0.98,15360,16632.0,1272.0,48
2022-11-25,25,4,47,11,2022,Winter,Diwali,Grocery,Sunflower Oil 1L,120,148,23.33,0,187,60,4,2.4,0.85,2760,3404.0,644.0,23
2022-11-25,25,4,47,11,2022,Winter,Diwali,Fashion,Kurta Women,280,549,96.07,15,58,20,5,5.6,0.93,67200,111996.0,44796.0,240
2022-11-25,25,4,47,11,2022,Winter,Diwali,Stationery,Eraser Pack,12,20,66.67,0,176,150,2,0.24,0.93,156,260.0,104.0,13
2022-11-25,25,4,47,11,2022,Winter,Diwali,FMCG,Shampoo Head&Shoulders,85,115,35.29,20,274,80,4,1.7,0.9,9265,10028.0,763.0,109
2022-11-26,26,5,47,11,2022,Winter,None,Grocery,Wheat Flour 10kg,320,385,20.31,10,70,40,3,6.4,0.97,10560,11434.5,874.5,33
2022-11-26,26,5,47,11,2022,Winter,None,FMCG,Dandiya Sticks,40,85,112.5,0,647,200,2,0.8,0.98,2720,5780.0,3060.0,68
2022-11-26,26,5,47,11,2022,Winter,None,FMCG,Gulal Colors Set,35,75,114.29,0,210,200,2,0.7,0.77,1540,3300.0,1760.0,44
2022-11-26,26,5,47,11,2022,Winter,None,Grocery,Sugar 1kg,42,54,28.57,15,107,100,2,0.84,0.96,5712,6242.4,530.4,136
2022-11-26,26,5,47,11,2022,Winter,None,Stationery,Pen Blue Pack 10,25,40,60.0,0,329,200,2,0.5,0.83,350,560.0,210.0,14
2022-11-26,26,5,47,11,2022,Winter,None,FMCG,Crackers Box,200,380,90.0,0,408,100,3,4.0,0.9,2800,5320.0,2520.0,14
2022-11-26,26,5,47,11,2022,Winter,None,FMCG,Shampoo Head&Shoulders,85,115,35.29,0,283,80,4,1.7,0.84,4675,6325.0,1650.0,55
2022-11-26,26,5,47,11,2022,Winter,None,Electronics,Earphones Boat,350,599,71.14,0,89,20,5,7.0,0.76,6650,11381.0,4731.0,19
2022-11-27,27,6,47,11,2022,Winter,None,Fashion,Shoes Casual,350,699,99.71,0,31,25,6,7.0,0.8,60550,120927.0,60377.0,173
2022-11-27,27,6,47,11,2022,Winter,None,Electronics,USB Cable,45,89,97.78,5,102,50,4,0.9,0.97,4635,8708.65,4073.65,103
2022-11-27,27,6,47,11,2022,Winter,None,Agriculture,Fertilizer NPK 1kg,125,168,34.4,20,119,25,6,2.5,0.87,13375,14380.8,1005.8,107
2022-11-27,27,6,47,11,2022,Winter,None,Fashion,Jeans Men,450,899,99.78,0,38,20,6,9.0,0.71,59400,118668.0,59268.0,132
2022-11-27,27,6,47,11,2022,Winter,None,Stationery,Notebook A4,28,45,60.71,0,332,100,3,0.56,0.99,2576,4140.0,1564.0,92
2022-11-27,27,6,47,11,2022,Winter,None,Fashion,T-Shirt Men,180,349,93.89,0,64,30,5,3.6,0.78,32400,62820.0,30420.0,180
2022-11-27,27,6,47,11,2022,Winter,None,Electronics,Power Bank 10000mAh,650,1099,69.08,5,20,15,6,13.0,0.72,53300,85612.1,32312.1,82
2022-11-27,27,6,47,11,2022,Winter,None,Electronics,LED Bulb 9W,48,85,77.08,20,137,40,4,0.96,0.82,4368,6188.0,1820.0,91
2022-11-28,28,0,48,11,2022,Winter,Children's Day,Electronics,USB Cable,45,89,97.78,10,58,50,4,0.9,0.86,945,1682.1,737.1,21
2022-11-28,28,0,48,11,2022,Winter,Children's Day,Electronics,Earphones Boat,350,599,71.14,0,63,20,5,7.0,0.98,5600,9584.0,3984.0,16
2022-11-28,28,0,48,11,2022,Winter,Children's Day,Stationery,Pen Blue Pack 10,25,40,60.0,0,228,200,2,0.5,0.8,2725,4360.0,1635.0,109
2022-11-29,29,1,48,11,2022,Winter,None,Agriculture,Wheat Seeds 1kg,65,95,46.15,15,63,30,5,1.3,0.75,7150,8882.5,1732.5,110
2022-11-29,29,1,48,11,2022,Winter,None,Grocery,Christmas Cake,180,320,77.78,5,148,30,2,3.6,0.77,17640,29792.0,12152.0,98
2022-11-29,29,1,48,11,2022,Winter,None,Grocery,Sugar 1kg,42,54,28.57,0,240,100,2,0.84,0.73,2604,3348.0,744.0,62
2022-11-29,29,1,48,11,2022,Winter,None,FMCG,Biscuit Parle-G,8,12,50.0,0,784,200,2,0.16,0.82,648,972.0,324.0,81
2022-11-29,29,1,48,11,2022,Winter,None,Stationery,Pen Blue Pack 10,25,40,60.0,10,875,200,2,0.5,0.78,1025,1476.0,451.0,41
2022-11-29,29,1,48,11,2022,Winter,None,Fashion,T-Shirt Men,180,349,93.89,15,102,30,5,3.6,0.9,1620,2669.85,1049.85,9
2022-11-29,29,1,48,11,2022,Winter,None,Agriculture,Pesticide 500ml,180,245,36.11,20,76,20,5,3.6,0.84,10080,10976.0,896.0,56
2022-11-30,30,2,48,11,2022,Winter,None,Grocery,Basmati Rice 5kg,180,225,25.0,10,206,50,3,3.6,0.87,3420,3847.5,427.5,19
2022-11-30,30,2,48,11,2022,Winter,None,Agriculture,Pesticide 500ml,180,245,36.11,0,55,20,5,3.6,0.78,12420,16905.0,4485.0,69
2022-11-30,30,2,48,11,2022,Winter,None,Grocery,Sunflower Oil 1L,120,148,23.33,5,104,60,4,2.4,0.74,3120,3655.6,535.6,26
2022-11-30,30,2,48,11,2022,Winter,None,Fashion,Shoes Casual,350,699,99.71,10,108,25,6,7.0,0.71,5950,10694.7,4744.7,17
2022-11-30,30,2,48,11,2022,Winter,None,FMCG,Gulal Colors Set,35,75,114.29,15,793,200,2,0.7,0.8,3290,5992.5,2702.5,94
2022-11-30,30,2,48,11,2022,Winter,None,Electronics,Earphones Boat,350,599,71.14,10,53,20,5,7.0,0.99,12600,19407.6,6807.6,36
2022-12-01,1,3,48,12,2022,Winter,None,Fashion,Shoes Casual,350,699,99.71,0,81,25,6,7.0,0.73,9100,18174.0,9074.0,26
2022-12-01,1,3,48,12,2022,Winter,None,FMCG,Kite + String,25,55,120.0,0,1468,300,2,0.5,0.81,925,2035.0,1110.0,37
2022-12-01,1,3,48,12,2022,Winter,None,Grocery,Sunflower Oil 1L,120,148,23.33,20,169,60,4,2.4,0.96,8040,7932.8,-107.2,67
2022-12-02,2,4,48,12,2022,Winter,None,Grocery,Wheat Flour 10kg,320,385,20.31,15,115,40,3,6.4,0.89,22720,23234.75,514.75,71
2022-12-02,2,4,48,12,2022,Winter,None,Fashion,Saree Cotton,350,699,99.71,0,74,15,7,7.0,0.75,26600,53124.0,26524.0,76
2022-12-02,2,4,48,12,2022,Winter,None,Stationery,Notebook A4,28,45,60.71,10,208,100,3,0.56,0.94,196,283.5,87.5,7
2022-12-02,2,4,48,12,2022,Winter,None,Fashion,Kurta Women,280,549,96.07,10,64,20,5,5.6,0.98,39200,69174.0,29974.0,140
2022-12-03,3,5,48,12,2022,Winter,None,Grocery,Christmas Cake,180,320,77.78,0,103,30,2,3.6,0.89,25200,44800.0,19600.0,140
2022-12-03,3,5,48,12,2022,Winter,None,Grocery,Sunflower Oil 1L,120,148,23.33,15,91,60,4,2.4,0.95,12840,13460.6,620.6,107
2022-12-03,3,5,48,12,2022,Winter,None,FMCG,Toothpaste Colgate,55,75,36.36,10,437,100,3,1.1,0.86,935,1147.5,212.5,17
2022-12-03,3,5,48,12,2022,Winter,None,Stationery,Pen Blue Pack 10,25,40,60.0,5,789,200,2,0.5,0.79,1450,2204.0,754.0,58
2022-12-03,3,5,48,12,2022,Winter,None,Grocery,Dal Toor 1kg,95,118,24.21,0,265,80,3,1.9,0.77,7220,8968.0,1748.0,76
2022-12-03,3,5,48,12,2022,Winter,None,Grocery,Salt 1kg,18,25,38.89,0,347,120,2,0.36,0.92,666,925.0,259.0,37
2022-12-04,4,6,48,12,2022,Winter,None,Stationery,Notebook A4,28,45,60.71,10,314,100,3,0.56,0.77,1316,1903.5,587.5,47
2022-12-04,4,6,48,12,2022,Winter,None,Grocery,Dal Toor 1kg,95,118,24.21,20,205,80,3,1.9,0.93,4180,4153.6,-26.4,44
2022-12-04,4,6,48,12,2022,Winter,None,Fashion,Shoes Casual,350,699,99.71,5,102,25,6,7.0,0.78,68950,130817.85,61867.85,197
2022-12-04,4,6,48,12,2022,Winter,None,FMCG,Diya Set 12pc,48,95,97.92,0,233,150,2,0.96,0.82,3312,6555.0,3243.0,69
2022-12-04,4,6,48,12,2022,Winter,None,Grocery,Salt 1kg,18,25,38.89,10,443,120,2,0.36,0.96,774,967.5,193.5,43
2022-12-04,4,6,48,12,2022,Winter,None,Grocery,Christmas Cake,180,320,77.78,0,31,30,2,3.6,0.75,10440,18560.0,8120.0,58
2022-12-05,5,0,49,12,2022,Winter,None,Electronics,LED Bulb 9W,48,85,77.08,0,73,40,4,0.96,0.85,1920,3400.0,1480.0,40
2022-12-05,5,0,49,12,2022,Winter,None,FMCG,Dandiya Sticks,40,85,112.5,10,562,200,2,0.8,0.74,3000,5737.5,2737.5,75
2022-12-05,5,0,49,12,2022,Winter,None,FMCG,Gulal Colors Set,35,75,114.29,15,500,200,2,0.7,0.74,2835,5163.75,2328.75,81
2022-12-05,5,0,49,12,2022,Winter,None,FMCG,Biscuit Parle-G,8,12,50.0,20,831,200,2,0.16,0.73,472,566.4,94.4,59
2022-12-05,5,0,49,12,2022,Winter,None,FMCG,Shampoo Head&Shoulders,85,115,35.29,15,261,80,4,1.7,0.98,765,879.75,114.75,9
2022-12-05,5,0,49,12,2022,Winter,None,Grocery,Sunflower Oil 1L,120,148,23.33,5,171,60,4,2.4,0.79,11400,13357.0,1957.0,95
2022-12-06,6,1,49,12,2022,Winter,None,FMCG,Shampoo Head&Shoulders,85,115,35.29,0,304,80,4,1.7,0.75,6035,8165.0,2130.0,71
2022-12-06,6,1,49,12,2022,Winter,None,FMCG,Cold Drink 500ml,20,30,50.0,15,991,200,2,0.4,0.73,1740,2218.5,478.5,87
2022-12-06,6,1,49,12,2022,Winter,None,FMCG,Diya Set 12pc,48,95,97.92,0,727,150,2,0.96,0.86,3648,7220.0,3572.0,76
2022-12-06,6,1,49,12,2022,Winter,None,Grocery,Dal Toor 1kg,95,118,24.21,10,298,80,3,1.9,0.79,10450,11682.0,1232.0,110
2022-12-06,6,1,49,12,2022,Winter,None,FMCG,Toothpaste Colgate,55,75,36.36,5,173,100,3,1.1,0.71,3245,4203.75,958.75,59
2022-12-06,6,1,49,12,2022,Winter,None,Grocery,Basmati Rice 5kg,180,225,25.0,15,121,50,3,3.6,0.87,7560,8032.5,472.5,42
2022-12-07,7,2,49,12,2022,Winter,New Year,Fashion,Saree Cotton,350,699,99.71,0,73,15,7,7.0,0.78,26950,53823.0,26873.0,77
2022-12-07,7,2,49,12,2022,Winter,New Year,FMCG,Biscuit Parle-G,8,12,50.0,10,882,200,2,0.16,0.78,360,486.0,126.0,45
2022-12-07,7,2,49,12,2022,Winter,New Year,Fashion,Shoes Casual,350,699,99.71,0,90,25,6,7.0,0.93,35700,71298.0,35598.0,102
2022-12-07,7,2,49,12,2022,Winter,New Year,Fashion,T-Shirt Men,180,349,93.89,0,99,30,5,3.6,0.86,6840,13262.0,6422.0,38
2022-12-07,7,2,49,12,2022,Winter,New Year,FMCG,Detergent Surf 1kg,95,125,31.58,0,103,90,3,1.9,0.81,950,1250.0,300.0,10
2022-12-07,7,2,49,12,2022,Winter,New Year,FMCG,Soap Lux,22,32,45.45,0,605,150,3,0.44,0.86,3586,5216.0,1630.0,163
2022-12-07,7,2,49,12,2022,Winter,New Year,FMCG,Kite + String,25,55,120.0,20,524,300,2,0.5,0.91,3100,5456.0,2356.0,124
2022-12-08,8,3,49,12,2022,Winter,Christmas,Agriculture,Fertilizer NPK 1kg,125,168,34.4,0,35,25,6,2.5,0.92,3625,4872.0,1247.0,29
2022-12-08,8,3,49,12,2022,Winter,Christmas,Agriculture,Wheat Seeds 1kg,65,95,46.15,0,94,30,5,1.3,0.8,1040,1520.0,480.0,16
2022-12-08,8,3,49,12,2022,Winter,Christmas,FMCG,Puja Thali Set,125,245,96.0,5,68,50,3,2.5,0.91,20125,37472.75,17347.75,161
2022-12-09,9,4,49,12,2022,Winter,Christmas,Grocery,Sunflower Oil 1L,120,148,23.33,15,210,60,4,2.4,0.81,1320,1383.8,63.8,11
2022-12-09,9,4,49,12,2022,Winter,Christmas,Agriculture,Wheat Seeds 1kg,65,95,46.15,0,49,30,5,1.3,0.85,2275,3325.0,1050.0,35
2022-12-09,9,4,49,12,2022,Winter,Christmas,FMCG,Biscuit Parle-G,8,12,50.0,0,403,200,2,0.16,0.89,1072,1608.0,536.0,134
2022-12-09,9,4,49,12,2022,Winter,Christmas,FMCG,Crackers Box,200,380,90.0,0,483,100,3,4.0,0.76,35000,66500.0,31500.0,175
2022-12-09,9,4,49,12,2022,Winter,Christmas,Fashion,Saree Cotton,350,699,99.71,5,54,15,7,7.0,0.76,16100,30546.3,14446.3,46
2022-12-10,10,5,49,12,2022,Winter,None,Grocery,Sunflower Oil 1L,120,148,23.33,0,228,60,4,2.4,0.99,10560,13024.0,2464.0,88
2022-12-10,10,5,49,12,2022,Winter,None,Stationery,Eraser Pack,12,20,66.67,0,646,150,2,0.24,0.85,660,1100.0,440.0,55
2022-12-10,10,5,49,12,2022,Winter,None,Electronics,LED Bulb 9W,48,85,77.08,15,179,40,4,0.96,0.84,4608,6936.0,2328.0,96
2022-12-10,10,5,49,12,2022,Winter,None,Stationery,Pen Blue Pack 10,25,40,60.0,0,973,200,2,0.5,0.93,975,1560.0,585.0,39
2022-12-11,11,6,49,12,2022,Winter,None,Agriculture,Fertilizer NPK 1kg,125,168,34.4,0,75,25,6,2.5,0.91,3750,5040.0,1290.0,30
2022-12-11,11,6,49,12,2022,Winter,None,Fashion,Saree Cotton,350,699,99.71,20,70,15,7,7.0,0.85,61250,97860.0,36610.0,175
2022-12-11,11,6,49,12,2022,Winter,None,Electronics,Power Bank 10000mAh,650,1099,69.08,5,32,15,6,13.0,0.85,31200,50114.4,18914.4,48
2022-12-11,11,6,49,12,2022,Winter,None,Agriculture,Wheat Seeds 1kg,65,95,46.15,20,128,30,5,1.3,0.8,5135,6004.0,869.0,79
2022-12-11,11,6,49,12,2022,Winter,None,FMCG,Soap Lux,22,32,45.45,15,602,150,3,0.44,0.83,1474,1822.4,348.4,67
2022-12-11,11,6,49,12,2022,Winter,None,FMCG,Cold Drink 500ml,20,30,50.0,0,945,200,2,0.4,0.77,300,450.0,150.0,15
2022-12-12,12,0,50,12,2022,Winter,None,Grocery,Sunflower Oil 1L,120,148,23.33,10,198,60,4,2.4,0.71,6720,7459.2,739.2,56
2022-12-12,12,0,50,12,2022,Winter,None,Fashion,Jeans Men,450,899,99.78,15,31,20,6,9.0,0.93,6300,10698.1,4398.1,14
2022-12-12,12,0,50,12,2022,Winter,None,Agriculture,Fertilizer NPK 1kg,125,168,34.4,0,95,25,6,2.5,0.72,8875,11928.0,3053.0,71
2022-12-12,12,0,50,12,2022,Winter,None,Stationery,Eraser Pack,12,20,66.67,0,698,150,2,0.24,0.76,828,1380.0,552.0,69
2022-12-12,12,0,50,12,2022,Winter,None,Electronics,USB Cable,45,89,97.78,0,233,50,4,0.9,0.77,4050,8010.0,3960.0,90
2022-12-12,12,0,50,12,2022,Winter,None,FMCG,Detergent Surf 1kg,95,125,31.58,20,259,90,3,1.9,0.82,3230,3400.0,170.0,34
2022-12-12,12,0,50,12,2022,Winter,None,Electronics,Earphones Boat,350,599,71.14,10,24,20,5,7.0,0.95,19250,29650.5,10400.5,55
2022-12-12,12,0,50,12,2022,Winter,None,Stationery,Pen Blue Pack 10,25,40,60.0,20,607,200,2,0.5,0.94,1650,2112.0,462.0,66
2022-12-13,13,1,50,12,2022,Winter,Christmas,FMCG,Detergent Surf 1kg,95,125,31.58,0,283,90,3,1.9,0.9,8740,11500.0,2760.0,92
2022-12-13,13,1,50,12,2022,Winter,Christmas,Fashion,T-Shirt Men,180,349,93.89,0,39,30,5,3.6,0.72,28800,55840.0,27040.0,160
2022-12-13,13,1,50,12,2022,Winter,Christmas,Fashion,Jeans Men,450,899,99.78,15,89,20,6,9.0,0.88,75600,128377.2,52777.2,168
2022-12-14,14,2,50,12,2022,Winter,None,FMCG,Biscuit Parle-G,8,12,50.0,20,635,200,2,0.16,0.85,464,556.8,92.8,58
2022-12-14,14,2,50,12,2022,Winter,None,Grocery,Christmas Cake,180,320,77.78,0,55,30,2,3.6,0.73,9720,17280.0,7560.0,54
2022-12-14,14,2,50,12,2022,Winter,None,Stationery,Pencil Box,35,55,57.14,15,229,80,3,0.7,0.83,2940,3927.0,987.0,84
2022-12-14,14,2,50,12,2022,Winter,None,Electronics,Smartphone Redmi,8500,10999,29.4,0,40,10,7,170.0,0.79,637500,824925.0,187425.0,75
2022-12-15,15,3,50,12,2022,Winter,None,FMCG,Kite + String,25,55,120.0,10,1483,300,2,0.5,0.99,525,1039.5,514.5,21
2022-12-15,15,3,50,12,2022,Winter,None,FMCG,Diya Set 12pc,48,95,97.92,5,638,150,2,0.96,0.87,1872,3519.75,1647.75,39
2022-12-15,15,3,50,12,2022,Winter,None,Electronics,Power Bank 10000mAh,650,1099,69.08,15,66,15,6,13.0,0.89,34450,49509.95,15059.95,53
2022-12-15,15,3,50,12,2022,Winter,None,Stationery,Pen Blue Pack 10,25,40,60.0,0,412,200,2,0.5,0.96,475,760.0,285.0,19
2022-12-15,15,3,50,12,2022,Winter,None,Grocery,Wheat Flour 10kg,320,385,20.31,5,76,40,3,6.4,0.82,32000,36575.0,4575.0,100
2022-12-15,15,3,50,12,2022,Winter,None,FMCG,Puja Thali Set,125,245,96.0,20,195,50,3,2.5,0.93,9750,15288.0,5538.0,78
2022-12-15,15,3,50,12,2022,Winter,None,Stationery,Pencil Box,35,55,57.14,0,239,80,3,0.7,0.92,2345,3685.0,1340.0,67
2022-12-15,15,3,50,12,2022,Winter,None,FMCG,Gulal Colors Set,35,75,114.29,20,905,200,2,0.7,0.87,805,1380.0,575.0,23
2022-12-16,16,4,50,12,2022,Winter,None,Grocery,Basmati Rice 5kg,180,225,25.0,0,173,50,3,3.6,0.85,11340,14175.0,2835.0,63
2022-12-16,16,4,50,12,2022,Winter,None,Electronics,Fan Table,850,1350,58.82,20,35,8,7,17.0,0.91,18700,23760.0,5060.0,22
2022-12-16,16,4,50,12,2022,Winter,None,Electronics,Earphones Boat,350,599,71.14,5,40,20,5,7.0,0.86,10500,17071.5,6571.5,30
2022-12-16,16,4,50,12,2022,Winter,None,FMCG,Puja Thali Set,125,245,96.0,0,79,50,3,2.5,0.71,3375,6615.0,3240.0,27
2022-12-16,16,4,50,12,2022,Winter,None,FMCG,Kite + String,25,55,120.0,5,1374,300,2,0.5,0.85,1750,3657.5,1907.5,70
2022-12-16,16,4,50,12,2022,Winter,None,Fashion,Saree Cotton,350,699,99.71,15,15,15,7,7.0,0.79,45500,77239.5,31739.5,130
2022-12-17,17,5,50,12,2022,Winter,Christmas,Fashion,T-Shirt Men,180,349,93.89,20,62,30,5,3.6,0.84,44100,68404.0,24304.0,245
2022-12-17,17,5,50,12,2022,Winter,Christmas,Electronics,Fan Table,850,1350,58.82,0,16,8,7,17.0,0.75,197200,313200.0,116000.0,232
2022-12-17,17,5,50,12,2022,Winter,Christmas,FMCG,Crackers Box,200,380,90.0,15,313,100,3,4.0,0.75,29200,47158.0,17958.0,146
2022-12-17,17,5,50,12,2022,Winter,Christmas,Fashion,Saree Cotton,350,699,99.71,5,15,15,7,7.0,0.79,25200,47811.6,22611.6,72
2022-12-17,17,5,50,12,2022,Winter,Christmas,Stationery,Notebook A4,28,45,60.71,0,375,100,3,0.56,0.84,1932,3105.0,1173.0,69
2022-12-17,17,5,50,12,2022,Winter,Christmas,FMCG,Detergent Surf 1kg,95,125,31.58,0,394,90,3,1.9,0.75,3325,4375.0,1050.0,35
2022-12-18,18,6,50,12,2022,Winter,New Year,FMCG,Dandiya Sticks,40,85,112.5,10,985,200,2,0.8,0.82,4640,8874.0,4234.0,116
2022-12-18,18,6,50,12,2022,Winter,New Year,Electronics,USB Cable,45,89,97.78,0,218,50,4,0.9,0.76,10530,20826.0,10296.0,234
2022-12-18,18,6,50,12,2022,Winter,New Year,Fashion,Shoes Casual,350,699,99.71,10,52,25,6,7.0,0.78,29750,53473.5,23723.5,85
2022-12-18,18,6,50,12,2022,Winter,New Year,Grocery,Basmati Rice 5kg,180,225,25.0,0,183,50,3,3.6,0.88,38160,47700.0,9540.0,212
2022-12-18,18,6,50,12,2022,Winter,New Year,Electronics,Smartphone Redmi,8500,10999,29.4,20,47,10,7,170.0,0.88,1300500,1346277.6,45777.6,153
2022-12-19,19,0,51,12,2022,Winter,None,FMCG,Gulal Colors Set,35,75,114.29,0,200,200,2,0.7,0.8,805,1725.0,920.0,23
2022-12-19,19,0,51,12,2022,Winter,None,Electronics,Earphones Boat,350,599,71.14,0,76,20,5,7.0,0.83,9800,16772.0,6972.0,28
2022-12-19,19,0,51,12,2022,Winter,None,FMCG,Detergent Surf 1kg,95,125,31.58,5,150,90,3,1.9,0.77,4750,5937.5,1187.5,50
2022-12-19,19,0,51,12,2022,Winter,None,Grocery,Basmati Rice 5kg,180,225,25.0,5,230,50,3,3.6,0.84,14760,17527.5,2767.5,82
2022-12-19,19,0,51,12,2022,Winter,None,Electronics,USB Cable,45,89,97.78,0,70,50,4,0.9,0.96,3825,7565.0,3740.0,85
2022-12-19,19,0,51,12,2022,Winter,None,Grocery,Eid Special Dates,280,450,60.71,20,111,40,4,5.6,0.91,14560,18720.0,4160.0,52
2022-12-19,19,0,51,12,2022,Winter,None,Grocery,Dal Toor 1kg,95,118,24.21,20,330,80,3,1.9,0.91,8170,8118.4,-51.6,86
2022-12-19,19,0,51,12,2022,Winter,None,Agriculture,Pesticide 500ml,180,245,36.11,0,75,20,5,3.6,0.9,4680,6370.0,1690.0,26
2022-12-20,20,1,51,12,2022,Winter,None,Grocery,Wheat Flour 10kg,320,385,20.31,0,88,40,3,6.4,0.81,39040,46970.0,7930.0,122
2022-12-20,20,1,51,12,2022,Winter,None,Stationery,Notebook A4,28,45,60.71,0,284,100,3,0.56,0.86,140,225.0,85.0,5
2022-12-20,20,1,51,12,2022,Winter,None,Agriculture,Pesticide 500ml,180,245,36.11,0,32,20,5,3.6,0.97,17280,23520.0,6240.0,96
2022-12-20,20,1,51,12,2022,Winter,None,Fashion,Shoes Casual,350,699,99.71,0,102,25,6,7.0,0.78,50750,101355.0,50605.0,145
2022-12-21,21,2,51,12,2022,Winter,None,Electronics,Fan Table,850,1350,58.82,20,37,8,7,17.0,0.85,85850,109080.0,23230.0,101
2022-12-21,21,2,51,12,2022,Winter,None,FMCG,Gulal Colors Set,35,75,114.29,5,239,200,2,0.7,0.81,3465,7053.75,3588.75,99
2022-12-21,21,2,51,12,2022,Winter,None,Stationery,Pencil Box,35,55,57.14,10,170,80,3,0.7,0.96,980,1386.0,406.0,28
2022-12-21,21,2,51,12,2022,Winter,None,Grocery,Sunflower Oil 1L,120,148,23.33,0,276,60,4,2.4,0.74,2400,2960.0,560.0,20
2022-12-21,21,2,51,12,2022,Winter,None,Electronics,LED Bulb 9W,48,85,77.08,5,179,40,4,0.96,0.78,672,1130.5,458.5,14
2022-12-21,21,2,51,12,2022,Winter,None,Grocery,Christmas Cake,180,320,77.78,20,124,30,2,3.6,0.71,7740,11008.0,3268.0,43
2022-12-21,21,2,51,12,2022,Winter,None,Grocery,Sugar 1kg,42,54,28.57,20,186,100,2,0.84,0.97,3066,3153.6,87.6,73
2022-12-21,21,2,51,12,2022,Winter,None,Fashion,T-Shirt Men,180,349,93.89,10,150,30,5,3.6,0.9,16560,28897.2,12337.2,92
2022-12-22,22,3,51,12,2022,Winter,New Year,Grocery,Sugar 1kg,42,54,28.57,0,452,100,2,0.84,0.85,4410,5670.0,1260.0,105
2022-12-22,22,3,51,12,2022,Winter,New Year,Grocery,Salt 1kg,18,25,38.89,0,407,120,2,0.36,0.81,198,275.0,77.0,11
2022-12-22,22,3,51,12,2022,Winter,New Year,Electronics,Smartphone Redmi,8500,10999,29.4,0,15,10,7,170.0,0.87,1300500,1682847.0,382347.0,153
2022-12-22,22,3,51,12,2022,Winter,New Year,FMCG,Diya Set 12pc,48,95,97.92,5,242,150,2,0.96,0.75,1392,2617.25,1225.25,29
2022-12-22,22,3,51,12,2022,Winter,New Year,FMCG,Toothpaste Colgate,55,75,36.36,0,420,100,3,1.1,0.99,3080,4200.0,1120.0,56
2022-12-22,22,3,51,12,2022,Winter,New Year,Electronics,Fan Table,850,1350,58.82,20,21,8,7,17.0,0.89,56950,72360.0,15410.0,67
2022-12-23,23,4,51,12,2022,Winter,New Year,Grocery,Dal Toor 1kg,95,118,24.21,0,241,80,3,1.9,0.82,8170,10148.0,1978.0,86
2022-12-23,23,4,51,12,2022,Winter,New Year,Electronics,Power Bank 10000mAh,650,1099,69.08,20,27,15,6,13.0,0.75,39650,53631.2,13981.2,61
2022-12-23,23,4,51,12,2022,Winter,New Year,Fashion,Jeans Men,450,899,99.78,0,53,20,6,9.0,0.73,59400,118668.0,59268.0,132
2022-12-23,23,4,51,12,2022,Winter,New Year,Electronics,Smartphone Redmi,8500,10999,29.4,0,43,10,7,170.0,0.83,1479000,1913826.0,434826.0,174
2022-12-23,23,4,51,12,2022,Winter,New Year,FMCG,Shampoo Head&Shoulders,85,115,35.29,15,379,80,4,1.7,0.82,3825,4398.75,573.75,45
2022-12-23,23,4,51,12,2022,Winter,New Year,FMCG,Dandiya Sticks,40,85,112.5,10,919,200,2,0.8,0.83,5880,11245.5,5365.5,147
2022-12-24,24,5,51,12,2022,Winter,New Year,Fashion,T-Shirt Men,180,349,93.89,0,110,30,5,3.6,0.76,14400,27920.0,13520.0,80
2022-12-24,24,5,51,12,2022,Winter,New Year,Electronics,Earphones Boat,350,599,71.14,0,67,20,5,7.0,0.87,70350,120399.0,50049.0,201
2022-12-24,24,5,51,12,2022,Winter,New Year,Fashion,Kurta Women,280,549,96.07,15,61,20,5,5.6,0.91,109480,182460.15,72980.15,391
2022-12-24,24,5,51,12,2022,Winter,New Year,FMCG,Diya Set 12pc,48,95,97.92,15,158,150,2,0.96,0.75,7728,13000.75,5272.75,161
2022-12-24,24,5,51,12,2022,Winter,New Year,Electronics,Fan Table,850,1350,58.82,5,14,8,7,17.0,0.76,113050,170572.5,57522.5,133
2022-12-24,24,5,51,12,2022,Winter,New Year,Grocery,Dal Toor 1kg,95,118,24.21,0,359,80,3,1.9,0.76,11780,14632.0,2852.0,124
2022-12-24,24,5,51,12,2022,Winter,New Year,Grocery,Eid Special Dates,280,450,60.71,0,156,40,4,5.6,0.88,62720,100800.0,38080.0,224
2022-12-24,24,5,51,12,2022,Winter,New Year,FMCG,Shampoo Head&Shoulders,85,115,35.29,15,322,80,4,1.7,0.95,15640,17986.0,2346.0,184
2022-12-25,25,6,51,12,2022,Winter,Christmas,Stationery,Notebook A4,28,45,60.71,20,318,100,3,0.56,0.93,3472,4464.0,992.0,124
2022-12-25,25,6,51,12,2022,Winter,Christmas,Fashion,Kurta Women,280,549,96.07,10,40,20,5,5.6,0.85,75880,133901.1,58021.1,271
2022-12-25,25,6,51,12,2022,Winter,Christmas,FMCG,Gulal Colors Set,35,75,114.29,0,781,200,2,0.7,0.93,6195,13275.0,7080.0,177
2022-12-25,25,6,51,12,2022,Winter,Christmas,Stationery,Pencil Box,35,55,57.14,0,107,80,3,0.7,0.99,3920,6160.0,2240.0,112
2022-12-25,25,6,51,12,2022,Winter,Christmas,Fashion,Jeans Men,450,899,99.78,0,78,20,6,9.0,0.82,54000,107880.0,53880.0,120
2022-12-26,26,0,52,12,2022,Winter,Christmas,Grocery,Basmati Rice 5kg,180,225,25.0,20,235,50,3,3.6,0.77,11340,11340.0,0.0,63
2022-12-26,26,0,52,12,2022,Winter,Christmas,FMCG,Toothpaste Colgate,55,75,36.36,15,291,100,3,1.1,0.7,10230,11857.5,1627.5,186
2022-12-26,26,0,52,12,2022,Winter,Christmas,Electronics,Smartphone Redmi,8500,10999,29.4,0,45,10,7,170.0,0.91,1130500,1462867.0,332367.0,133
2022-12-26,26,0,52,12,2022,Winter,Christmas,FMCG,Cold Drink 500ml,20,30,50.0,15,884,200,2,0.4,0.81,1600,2040.0,440.0,80
2022-12-26,26,0,52,12,2022,Winter,Christmas,Fashion,Jeans Men,450,899,99.78,5,32,20,6,9.0,0.82,64350,122129.15,57779.15,143
2022-12-26,26,0,52,12,2022,Winter,Christmas,FMCG,Crackers Box,200,380,90.0,0,267,100,3,4.0,0.97,9000,17100.0,8100.0,45
2022-12-27,27,1,52,12,2022,Winter,None,Agriculture,Wheat Seeds 1kg,65,95,46.15,0,73,30,5,1.3,0.85,2795,4085.0,1290.0,43
2022-12-27,27,1,52,12,2022,Winter,None,Stationery,Pencil Box,35,55,57.14,0,197,80,3,0.7,0.74,2450,3850.0,1400.0,70
2022-12-27,27,1,52,12,2022,Winter,None,FMCG,Kite + String,25,55,120.0,0,1191,300,2,0.5,0.73,250,550.0,300.0,10
2022-12-27,27,1,52,12,2022,Winter,None,Grocery,Salt 1kg,18,25,38.89,5,265,120,2,0.36,0.79,684,902.5,218.5,38
2022-12-27,27,1,52,12,2022,Winter,None,Fashion,Shoes Casual,350,699,99.71,15,78,25,6,7.0,0.75,33600,57038.4,23438.4,96
2022-12-27,27,1,52,12,2022,Winter,None,FMCG,Puja Thali Set,125,245,96.0,5,169,50,3,2.5,0.94,12000,22344.0,10344.0,96
2022-12-27,27,1,52,12,2022,Winter,None,Grocery,Wheat Flour 10kg,320,385,20.31,0,143,40,3,6.4,0.94,8000,9625.0,1625.0,25
2022-12-27,27,1,52,12,2022,Winter,None,FMCG,Soap Lux,22,32,45.45,0,738,150,3,0.44,0.85,594,864.0,270.0,27
2022-12-28,28,2,52,12,2022,Winter,Christmas,Agriculture,Pesticide 500ml,180,245,36.11,10,80,20,5,3.6,0.91,14400,17640.0,3240.0,80
2022-12-28,28,2,52,12,2022,Winter,Christmas,Grocery,Basmati Rice 5kg,180,225,25.0,20,78,50,3,3.6,0.94,32760,32760.0,0.0,182
2022-12-28,28,2,52,12,2022,Winter,Christmas,FMCG,Puja Thali Set,125,245,96.0,5,222,50,3,2.5,0.72,21750,40498.5,18748.5,174
2022-12-28,28,2,52,12,2022,Winter,Christmas,Stationery,Pencil Box,35,55,57.14,0,382,80,3,0.7,0.78,3255,5115.0,1860.0,93
2022-12-28,28,2,52,12,2022,Winter,Christmas,Agriculture,Wheat Seeds 1kg,65,95,46.15,10,89,30,5,1.3,0.78,5135,6754.5,1619.5,79
2022-12-28,28,2,52,12,2022,Winter,Christmas,Grocery,Sugar 1kg,42,54,28.57,0,125,100,2,0.84,0.97,5796,7452.0,1656.0,138
2022-12-28,28,2,52,12,2022,Winter,Christmas,Fashion,Jeans Men,450,899,99.78,15,63,20,6,9.0,0.9,75600,128377.2,52777.2,168
2022-12-28,28,2,52,12,2022,Winter,Christmas,Electronics,Earphones Boat,350,599,71.14,20,42,20,5,7.0,0.79,9100,12459.2,3359.2,26
2022-12-29,29,3,52,12,2022,Winter,None,Grocery,Wheat Flour 10kg,320,385,20.31,0,103,40,3,6.4,0.75,35520,42735.0,7215.0,111
2022-12-29,29,3,52,12,2022,Winter,None,Agriculture,Fertilizer NPK 1kg,125,168,34.4,10,43,25,6,2.5,0.89,2250,2721.6,471.6,18
2022-12-29,29,3,52,12,2022,Winter,None,Fashion,Saree Cotton,350,699,99.71,5,44,15,7,7.0,0.91,23450,44491.35,21041.35,67
2022-12-29,29,3,52,12,2022,Winter,None,Fashion,Jeans Men,450,899,99.78,0,25,20,6,9.0,0.72,59850,119567.0,59717.0,133
2022-12-29,29,3,52,12,2022,Winter,None,Grocery,Sunflower Oil 1L,120,148,23.33,0,245,60,4,2.4,0.89,1200,1480.0,280.0,10
2022-12-29,29,3,52,12,2022,Winter,None,FMCG,Soap Lux,22,32,45.45,0,230,150,3,0.44,0.8,1386,2016.0,630.0,63
2022-12-30,30,4,52,12,2022,Winter,None,Fashion,Jeans Men,450,899,99.78,0,58,20,6,9.0,0.88,23850,47647.0,23797.0,53
2022-12-30,30,4,52,12,2022,Winter,None,Agriculture,Wheat Seeds 1kg,65,95,46.15,10,36,30,5,1.3,0.81,3250,4275.0,1025.0,50
2022-12-30,30,4,52,12,2022,Winter,None,Stationery,Pencil Box,35,55,57.14,5,303,80,3,0.7,0.78,1330,1985.5,655.5,38
2022-12-30,30,4,52,12,2022,Winter,None,Grocery,Wheat Flour 10kg,320,385,20.31,15,51,40,3,6.4,0.88,11200,11453.75,253.75,35
2022-12-30,30,4,52,12,2022,Winter,None,FMCG,Cold Drink 500ml,20,30,50.0,0,616,200,2,0.4,0.76,880,1320.0,440.0,44
2022-12-30,30,4,52,12,2022,Winter,None,Electronics,LED Bulb 9W,48,85,77.08,20,110,40,4,0.96,0.78,3840,5440.0,1600.0,80
2022-12-30,30,4,52,12,2022,Winter,None,Grocery,Dal Toor 1kg,95,118,24.21,10,195,80,3,1.9,0.71,4940,5522.4,582.4,52
2022-12-30,30,4,52,12,2022,Winter,None,Stationery,Eraser Pack,12,20,66.67,0,444,150,2,0.24,0.92,348,580.0,232.0,29
2022-12-31,31,5,52,12,2022,Winter,None,Agriculture,Pesticide 500ml,180,245,36.11,0,39,20,5,3.6,0.84,16740,22785.0,6045.0,93
2022-12-31,31,5,52,12,2022,Winter,None,Stationery,Eraser Pack,12,20,66.67,15,324,150,2,0.24,0.9,1020,1445.0,425.0,85
2022-12-31,31,5,52,12,2022,Winter,None,Fashion,Kurta Women,280,549,96.07,0,93,20,5,5.6,0.99,29680,58194.0,28514.0,106
2022-12-31,31,5,52,12,2022,Winter,None,FMCG,Kite + String,25,55,120.0,15,1007,300,2,0.5,0.72,2675,5002.25,2327.25,107
2022-12-31,31,5,52,12,2022,Winter,None,Stationery,Pen Blue Pack 10,25,40,60.0,15,498,200,2,0.5,0.93,2425,3298.0,873.0,97
2022-12-31,31,5,52,12,2022,Winter,None,FMCG,Gulal Colors Set,35,75,114.29,5,839,200,2,0.7,0.88,2835,5771.25,2936.25,81
2022-12-31,31,5,52,12,2022,Winter,None,Grocery,Basmati Rice 5kg,180,225,25.0,10,156,50,3,3.6,1.0,16740,18832.5,2092.5,93
2023-01-01,1,6,52,1,2023,Winter,None,Fashion,T-Shirt Men,180,349,93.89,5,107,30,5,3.6,0.98,28260,52053.35,23793.35,157
2023-01-01,1,6,52,1,2023,Winter,None,FMCG,Dandiya Sticks,40,85,112.5,0,416,200,2,0.8,1.0,1080,2295.0,1215.0,27
2023-01-01,1,6,52,1,2023,Winter,None,FMCG,Puja Thali Set,125,245,96.0,10,90,50,3,2.5,0.93,7625,13450.5,5825.5,61
2023-01-02,2,0,1,1,2023,Winter,None,Stationery,Pencil Box,35,55,57.14,15,242,80,3,0.7,0.85,770,1028.5,258.5,22
2023-01-02,2,0,1,1,2023,Winter,None,FMCG,Dandiya Sticks,40,85,112.5,10,613,200,2,0.8,0.85,2520,4819.5,2299.5,63
2023-01-02,2,0,1,1,2023,Winter,None,Stationery,Eraser Pack,12,20,66.67,5,610,150,2,0.24,0.75,660,1045.0,385.0,55
2023-01-02,2,0,1,1,2023,Winter,None,Fashion,Shoes Casual,350,699,99.71,20,25,25,6,7.0,0.86,17500,27960.0,10460.0,50
2023-01-02,2,0,1,1,2023,Winter,None,Electronics,Earphones Boat,350,599,71.14,0,32,20,5,7.0,0.82,33250,56905.0,23655.0,95
2023-01-02,2,0,1,1,2023,Winter,None,Grocery,Eid Special Dates,280,450,60.71,15,145,40,4,5.6,0.76,29120,39780.0,10660.0,104
2023-01-02,2,0,1,1,2023,Winter,None,Electronics,Fan Table,850,1350,58.82,0,40,8,7,17.0,1.0,33150,52650.0,19500.0,39
2023-01-02,2,0,1,1,2023,Winter,None,FMCG,Detergent Surf 1kg,95,125,31.58,10,101,90,3,1.9,0.8,10450,12375.0,1925.0,110
2023-01-03,3,1,1,1,2023,Winter,None,FMCG,Detergent Surf 1kg,95,125,31.58,0,188,90,3,1.9,0.96,6745,8875.0,2130.0,71
2023-01-03,3,1,1,1,2023,Winter,None,Grocery,Eid Special Dates,280,450,60.71,0,101,40,4,5.6,0.75,25200,40500.0,15300.0,90
2023-01-03,3,1,1,1,2023,Winter,None,FMCG,Gulal Colors Set,35,75,114.29,15,500,200,2,0.7,0.72,1260,2295.0,1035.0,36
2023-01-03,3,1,1,1,2023,Winter,None,Grocery,Dal Toor 1kg,95,118,24.21,0,315,80,3,1.9,0.77,4560,5664.0,1104.0,48
2023-01-04,4,2,1,1,2023,Winter,None,Agriculture,Fertilizer NPK 1kg,125,168,34.4,0,33,25,6,2.5,0.7,6125,8232.0,2107.0,49
2023-01-04,4,2,1,1,2023,Winter,None,Electronics,Power Bank 10000mAh,650,1099,69.08,0,45,15,6,13.0,0.96,59150,100009.0,40859.0,91
2023-01-04,4,2,1,1,2023,Winter,None,FMCG,Cold Drink 500ml,20,30,50.0,0,933,200,2,0.4,0.86,1760,2640.0,880.0,88
2023-01-04,4,2,1,1,2023,Winter,None,Agriculture,Pesticide 500ml,180,245,36.11,15,76,20,5,3.6,0.84,19980,23115.75,3135.75,111
2023-01-04,4,2,1,1,2023,Winter,None,FMCG,Diya Set 12pc,48,95,97.92,15,557,150,2,0.96,0.95,672,1130.5,458.5,14
2023-01-04,4,2,1,1,2023,Winter,None,FMCG,Soap Lux,22,32,45.45,15,673,150,3,0.44,0.89,264,326.4,62.4,12
2023-01-04,4,2,1,1,2023,Winter,None,Fashion,Kurta Women,280,549,96.07,5,33,20,5,5.6,0.74,35560,66236.85,30676.85,127
2023-01-05,5,3,1,1,2023,Winter,None,Grocery,Christmas Cake,180,320,77.78,0,56,30,2,3.6,0.78,10800,19200.0,8400.0,60
2023-01-05,5,3,1,1,2023,Winter,None,FMCG,Soap Lux,22,32,45.45,0,653,150,3,0.44,0.93,374,544.0,170.0,17
2023-01-05,5,3,1,1,2023,Winter,None,FMCG,Detergent Surf 1kg,95,125,31.58,20,442,90,3,1.9,0.83,4370,4600.0,230.0,46
2023-01-05,5,3,1,1,2023,Winter,None,Stationery,Notebook A4,28,45,60.71,20,390,100,3,0.56,0.78,2212,2844.0,632.0,79
2023-01-05,5,3,1,1,2023,Winter,None,Stationery,Eraser Pack,12,20,66.67,0,445,150,2,0.24,0.71,264,440.0,176.0,22
2023-01-06,6,4,1,1,2023,Winter,None,Grocery,Eid Special Dates,280,450,60.71,0,115,40,4,5.6,0.75,29680,47700.0,18020.0,106
2023-01-06,6,4,1,1,2023,Winter,None,Stationery,Notebook A4,28,45,60.71,20,249,100,3,0.56,0.96,588,756.0,168.0,21
2023-01-06,6,4,1,1,2023,Winter,None,Fashion,T-Shirt Men,180,349,93.89,0,57,30,5,3.6,0.87,9540,18497.0,8957.0,53
2023-01-06,6,4,1,1,2023,Winter,None,Fashion,Jeans Men,450,899,99.78,0,66,20,6,9.0,0.92,55350,110577.0,55227.0,123
2023-01-06,6,4,1,1,2023,Winter,None,FMCG,Detergent Surf 1kg,95,125,31.58,15,406,90,3,1.9,0.97,8360,9350.0,990.0,88
2023-01-07,7,5,1,1,2023,Winter,None,FMCG,Toothpaste Colgate,55,75,36.36,20,368,100,3,1.1,0.84,6545,7140.0,595.0,119
2023-01-07,7,5,1,1,2023,Winter,None,Grocery,Christmas Cake,180,320,77.78,5,38,30,2,3.6,0.8,14940,25232.0,10292.0,83
2023-01-07,7,5,1,1,2023,Winter,None,FMCG,Diya Set 12pc,48,95,97.92,0,434,150,2,0.96,0.88,2208,4370.0,2162.0,46
2023-01-07,7,5,1,1,2023,Winter,None,Fashion,Saree Cotton,350,699,99.71,15,37,15,7,7.0,0.85,18550,31489.95,12939.95,53
2023-01-07,7,5,1,1,2023,Winter,None,FMCG,Crackers Box,200,380,90.0,10,500,100,3,4.0,0.94,2200,3762.0,1562.0,11
2023-01-08,8,6,1,1,2023,Winter,None,Electronics,Smartphone Redmi,8500,10999,29.4,0,45,10,7,170.0,0.99,884000,1143896.0,259896.0,104
2023-01-08,8,6,1,1,2023,Winter,None,Stationery,Notebook A4,28,45,60.71,20,128,100,3,0.56,0.83,3612,4644.0,1032.0,129
2023-01-08,8,6,1,1,2023,Winter,None,Grocery,Sunflower Oil 1L,120,148,23.33,10,264,60,4,2.4,0.92,7560,8391.6,831.6,63
2023-01-08,8,6,1,1,2023,Winter,None,Stationery,Pencil Box,35,55,57.14,15,313,80,3,0.7,0.75,1715,2290.75,575.75,49
2023-01-09,9,0,2,1,2023,Winter,None,Electronics,Fan Table,850,1350,58.82,0,38,8,7,17.0,0.84,32300,51300.0,19000.0,38
2023-01-09,9,0,2,1,2023,Winter,None,FMCG,Dandiya Sticks,40,85,112.5,10,849,200,2,0.8,0.72,520,994.5,474.5,13
2023-01-09,9,0,2,1,2023,Winter,None,Grocery,Christmas Cake,180,320,77.78,5,90,30,2,3.6,0.76,5040,8512.0,3472.0,28
2023-01-09,9,0,2,1,2023,Winter,None,Grocery,Dal Toor 1kg,95,118,24.21,10,329,80,3,1.9,0.79,10165,11363.4,1198.4,107
2023-01-09,9,0,2,1,2023,Winter,None,Electronics,Smartphone Redmi,8500,10999,29.4,0,17,10,7,170.0,0.92,909500,1176893.0,267393.0,107
2023-01-09,9,0,2,1,2023,Winter,None,Grocery,Salt 1kg,18,25,38.89,5,445,120,2,0.36,0.88,810,1068.75,258.75,45
2023-01-09,9,0,2,1,2023,Winter,None,FMCG,Shampoo Head&Shoulders,85,115,35.29,5,288,80,4,1.7,0.88,425,546.25,121.25,5
2023-01-10,10,1,2,1,2023,Winter,None,FMCG,Cold Drink 500ml,20,30,50.0,0,454,200,2,0.4,0.8,1120,1680.0,560.0,56
2023-01-10,10,1,2,1,2023,Winter,None,Fashion,Kurta Women,280,549,96.07,15,100,20,5,5.6,0.83,41160,68597.55,27437.55,147
2023-01-10,10,1,2,1,2023,Winter,None,FMCG,Diya Set 12pc,48,95,97.92,20,476,150,2,0.96,0.97,1728,2736.0,1008.0,36
2023-01-10,10,1,2,1,2023,Winter,None,FMCG,Gulal Colors Set,35,75,114.29,10,383,200,2,0.7,0.72,2940,5670.0,2730.0,84
2023-01-10,10,1,2,1,2023,Winter,None,FMCG,Dandiya Sticks,40,85,112.5,5,653,200,2,0.8,0.8,1840,3714.5,1874.5,46
2023-01-10,10,1,2,1,2023,Winter,None,Fashion,T-Shirt Men,180,349,93.89,15,54,30,5,3.6,0.93,28800,47464.0,18664.0,160
2023-01-11,11,2,2,1,2023,Winter,None,Electronics,Earphones Boat,350,599,71.14,5,98,20,5,7.0,0.76,9450,15364.35,5914.35,27
2023-01-11,11,2,2,1,2023,Winter,None,Fashion,Jeans Men,450,899,99.78,15,44,20,6,9.0,0.93,19350,32858.45,13508.45,43
2023-01-11,11,2,2,1,2023,Winter,None,FMCG,Diya Set 12pc,48,95,97.92,20,310,150,2,0.96,0.8,1824,2888.0,1064.0,38
2023-01-11,11,2,2,1,2023,Winter,None,Fashion,Saree Cotton,350,699,99.71,10,65,15,7,7.0,0.83,46900,84299.4,37399.4,134
2023-01-12,12,3,2,1,2023,Winter,None,Electronics,Fan Table,850,1350,58.82,0,35,8,7,17.0,0.87,51850,82350.0,30500.0,61
2023-01-12,12,3,2,1,2023,Winter,None,Electronics,USB Cable,45,89,97.78,20,153,50,4,0.9,0.72,2925,4628.0,1703.0,65
2023-01-12,12,3,2,1,2023,Winter,None,Electronics,LED Bulb 9W,48,85,77.08,5,75,40,4,0.96,0.99,3552,5975.5,2423.5,74
2023-01-12,12,3,2,1,2023,Winter,None,FMCG,Gulal Colors Set,35,75,114.29,20,921,200,2,0.7,0.76,1435,2460.0,1025.0,41
2023-01-12,12,3,2,1,2023,Winter,None,Fashion,Jeans Men,450,899,99.78,15,67,20,6,9.0,0.71,29700,50433.9,20733.9,66
2023-01-12,12,3,2,1,2023,Winter,None,Stationery,Notebook A4,28,45,60.71,5,386,100,3,0.56,0.92,1624,2479.5,855.5,58
2023-01-12,12,3,2,1,2023,Winter,None,FMCG,Toothpaste Colgate,55,75,36.36,20,325,100,3,1.1,0.96,2365,2580.0,215.0,43
2023-01-12,12,3,2,1,2023,Winter,None,FMCG,Puja Thali Set,125,245,96.0,0,133,50,3,2.5,0.92,2000,3920.0,1920.0,16
2023-01-13,13,4,2,1,2023,Winter,None,Grocery,Christmas Cake,180,320,77.78,0,73,30,2,3.6,0.78,3780,6720.0,2940.0,21
2023-01-13,13,4,2,1,2023,Winter,None,FMCG,Gulal Colors Set,35,75,114.29,0,313,200,2,0.7,0.84,3220,6900.0,3680.0,92
2023-01-13,13,4,2,1,2023,Winter,None,Grocery,Sunflower Oil 1L,120,148,23.33,15,258,60,4,2.4,0.92,2280,2390.2,110.2,19
2023-01-13,13,4,2,1,2023,Winter,None,Stationery,Pen Blue Pack 10,25,40,60.0,20,803,200,2,0.5,0.79,800,1024.0,224.0,32
2023-01-13,13,4,2,1,2023,Winter,None,FMCG,Puja Thali Set,125,245,96.0,0,112,50,3,2.5,0.8,10250,20090.0,9840.0,82
2023-01-13,13,4,2,1,2023,Winter,None,Electronics,Power Bank 10000mAh,650,1099,69.08,10,67,15,6,13.0,0.79,35100,53411.4,18311.4,54
2023-01-13,13,4,2,1,2023,Winter,None,Electronics,Fan Table,850,1350,58.82,0,12,8,7,17.0,0.96,28900,45900.0,17000.0,34
2023-01-13,13,4,2,1,2023,Winter,None,Fashion,Jeans Men,450,899,99.78,15,66,20,6,9.0,0.97,46350,78707.45,32357.45,103
2023-01-14,14,5,2,1,2023,Winter,None,Electronics,Earphones Boat,350,599,71.14,0,22,20,5,7.0,0.74,21700,37138.0,15438.0,62
2023-01-14,14,5,2,1,2023,Winter,None,FMCG,Cold Drink 500ml,20,30,50.0,15,698,200,2,0.4,0.94,1860,2371.5,511.5,93
2023-01-14,14,5,2,1,2023,Winter,None,Fashion,Saree Cotton,350,699,99.71,20,47,15,7,7.0,0.81,52150,83320.8,31170.8,149
2023-01-14,14,5,2,1,2023,Winter,None,Agriculture,Pesticide 500ml,180,245,36.11,10,84,20,5,3.6,0.96,23580,28885.5,5305.5,131
2023-01-14,14,5,2,1,2023,Winter,None,Electronics,USB Cable,45,89,97.78,0,197,50,4,0.9,0.8,5940,11748.0,5808.0,132
2023-01-14,14,5,2,1,2023,Winter,None,FMCG,Kite + String,25,55,120.0,0,1443,300,2,0.5,0.93,600,1320.0,720.0,24
2023-01-15,15,6,2,1,2023,Winter,None,FMCG,Detergent Surf 1kg,95,125,31.58,5,167,90,3,1.9,0.9,11400,14250.0,2850.0,120
2023-01-15,15,6,2,1,2023,Winter,None,FMCG,Diya Set 12pc,48,95,97.92,0,497,150,2,0.96,0.84,2352,4655.0,2303.0,49
2023-01-15,15,6,2,1,2023,Winter,None,Grocery,Dal Toor 1kg,95,118,24.21,20,285,80,3,1.9,0.87,12920,12838.4,-81.6,136
2023-01-15,15,6,2,1,2023,Winter,None,Agriculture,Pesticide 500ml,180,245,36.11,0,48,20,5,3.6,0.8,14220,19355.0,5135.0,79
2023-01-15,15,6,2,1,2023,Winter,None,Electronics,Smartphone Redmi,8500,10999,29.4,0,47,10,7,170.0,0.9,671500,868921.0,197421.0,79
2023-01-15,15,6,2,1,2023,Winter,None,Grocery,Salt 1kg,18,25,38.89,0,460,120,2,0.36,0.76,2538,3525.0,987.0,141
2023-01-15,15,6,2,1,2023,Winter,None,Agriculture,Wheat Seeds 1kg,65,95,46.15,20,144,30,5,1.3,0.96,10790,12616.0,1826.0,166
2023-01-16,16,0,3,1,2023,Winter,Makar Sankranti,FMCG,Toothpaste Colgate,55,75,36.36,20,135,100,3,1.1,0.8,2695,2940.0,245.0,49
2023-01-16,16,0,3,1,2023,Winter,Makar Sankranti,Electronics,Smartphone Redmi,8500,10999,29.4,0,22,10,7,170.0,0.79,773500,1000909.0,227409.0,91
2023-01-16,16,0,3,1,2023,Winter,Makar Sankranti,Grocery,Christmas Cake,180,320,77.78,5,147,30,2,3.6,0.77,16920,28576.0,11656.0,94
2023-01-16,16,0,3,1,2023,Winter,Makar Sankranti,Electronics,Earphones Boat,350,599,71.14,0,76,20,5,7.0,0.74,5950,10183.0,4233.0,17
2023-01-16,16,0,3,1,2023,Winter,Makar Sankranti,Fashion,Jeans Men,450,899,99.78,5,46,20,6,9.0,0.81,12150,23059.35,10909.35,27
2023-01-16,16,0,3,1,2023,Winter,Makar Sankranti,FMCG,Cold Drink 500ml,20,30,50.0,5,410,200,2,0.4,0.93,2720,3876.0,1156.0,136
2023-01-16,16,0,3,1,2023,Winter,Makar Sankranti,FMCG,Biscuit Parle-G,8,12,50.0,10,379,200,2,0.16,0.85,312,421.2,109.2,39
2023-01-17,17,1,3,1,2023,Winter,None,FMCG,Crackers Box,200,380,90.0,0,146,100,3,4.0,0.94,13000,24700.0,11700.0,65
2023-01-17,17,1,3,1,2023,Winter,None,FMCG,Soap Lux,22,32,45.45,0,264,150,3,0.44,0.98,1694,2464.0,770.0,77
2023-01-17,17,1,3,1,2023,Winter,None,FMCG,Detergent Surf 1kg,95,125,31.58,0,305,90,3,1.9,0.82,570,750.0,180.0,6
2023-01-17,17,1,3,1,2023,Winter,None,Electronics,Earphones Boat,350,599,71.14,20,59,20,5,7.0,0.95,7700,10542.4,2842.4,22
2023-01-17,17,1,3,1,2023,Winter,None,Grocery,Eid Special Dates,280,450,60.71,5,61,40,4,5.6,0.9,15960,24367.5,8407.5,57
2023-01-17,17,1,3,1,2023,Winter,None,FMCG,Puja Thali Set,125,245,96.0,20,54,50,3,2.5,0.99,10000,15680.0,5680.0,80
2023-01-17,17,1,3,1,2023,Winter,None,Fashion,Shoes Casual,350,699,99.71,0,56,25,6,7.0,0.75,25550,51027.0,25477.0,73
2023-01-18,18,2,3,1,2023,Winter,Republic Day,FMCG,Shampoo Head&Shoulders,85,115,35.29,20,187,80,4,1.7,0.96,1020,1104.0,84.0,12
2023-01-18,18,2,3,1,2023,Winter,Republic Day,FMCG,Crackers Box,200,380,90.0,15,312,100,3,4.0,0.95,13400,21641.0,8241.0,67
2023-01-18,18,2,3,1,2023,Winter,Republic Day,FMCG,Toothpaste Colgate,55,75,36.36,5,365,100,3,1.1,0.99,2145,2778.75,633.75,39
2023-01-19,19,3,3,1,2023,Winter,None,FMCG,Cold Drink 500ml,20,30,50.0,0,229,200,2,0.4,0.93,1020,1530.0,510.0,51
2023-01-19,19,3,3,1,2023,Winter,None,Stationery,Notebook A4,28,45,60.71,0,117,100,3,0.56,0.92,280,450.0,170.0,10
2023-01-19,19,3,3,1,2023,Winter,None,FMCG,Soap Lux,22,32,45.45,0,536,150,3,0.44,0.93,1320,1920.0,600.0,60
2023-01-19,19,3,3,1,2023,Winter,None,FMCG,Detergent Surf 1kg,95,125,31.58,15,141,90,3,1.9,0.7,7600,8500.0,900.0,80
2023-01-19,19,3,3,1,2023,Winter,None,Grocery,Wheat Flour 10kg,320,385,20.31,0,56,40,3,6.4,0.73,7360,8855.0,1495.0,23
2023-01-19,19,3,3,1,2023,Winter,None,FMCG,Puja Thali Set,125,245,96.0,5,187,50,3,2.5,0.83,12250,22809.5,10559.5,98
2023-01-19,19,3,3,1,2023,Winter,None,Electronics,Earphones Boat,350,599,71.14,20,80,20,5,7.0,0.97,2100,2875.2,775.2,6
2023-01-19,19,3,3,1,2023,Winter,None,FMCG,Toothpaste Colgate,55,75,36.36,0,376,100,3,1.1,0.81,1375,1875.0,500.0,25
2023-01-20,20,4,3,1,2023,Winter,None,FMCG,Biscuit Parle-G,8,12,50.0,0,961,200,2,0.16,0.73,360,540.0,180.0,45
2023-01-20,20,4,3,1,2023,Winter,None,FMCG,Gulal Colors Set,35,75,114.29,5,307,200,2,0.7,0.77,2135,4346.25,2211.25,61
2023-01-20,20,4,3,1,2023,Winter,None,FMCG,Puja Thali Set,125,245,96.0,0,127,50,3,2.5,0.8,4875,9555.0,4680.0,39
2023-01-20,20,4,3,1,2023,Winter,None,Electronics,Smartphone Redmi,8500,10999,29.4,5,46,10,7,170.0,1.0,960500,1180742.65,220242.65,113
2023-01-20,20,4,3,1,2023,Winter,None,FMCG,Shampoo Head&Shoulders,85,115,35.29,0,271,80,4,1.7,0.9,2125,2875.0,750.0,25
2023-01-20,20,4,3,1,2023,Winter,None,Electronics,USB Cable,45,89,97.78,10,148,50,4,0.9,0.89,585,1041.3,456.3,13
2023-01-20,20,4,3,1,2023,Winter,None,FMCG,Crackers Box,200,380,90.0,20,107,100,3,4.0,0.74,9200,13984.0,4784.0,46
2023-01-21,21,5,3,1,2023,Winter,None,Electronics,Power Bank 10000mAh,650,1099,69.08,10,37,15,6,13.0,0.76,77350,117702.9,40352.9,119
2023-01-21,21,5,3,1,2023,Winter,None,FMCG,Detergent Surf 1kg,95,125,31.58,20,199,90,3,1.9,0.84,11970,12600.0,630.0,126
2023-01-21,21,5,3,1,2023,Winter,None,Stationery,Pencil Box,35,55,57.14,0,223,80,3,0.7,0.9,3885,6105.0,2220.0,111
2023-01-22,22,6,3,1,2023,Winter,None,Fashion,Kurta Women,280,549,96.07,15,53,20,5,5.6,0.72,37520,62531.1,25011.1,134
2023-01-22,22,6,3,1,2023,Winter,None,Grocery,Christmas Cake,180,320,77.78,0,99,30,2,3.6,0.74,21960,39040.0,17080.0,122
2023-01-22,22,6,3,1,2023,Winter,None,FMCG,Cold Drink 500ml,20,30,50.0,0,323,200,2,0.4,0.87,2400,3600.0,1200.0,120
2023-01-22,22,6,3,1,2023,Winter,None,Electronics,LED Bulb 9W,48,85,77.08,0,118,40,4,0.96,0.84,2112,3740.0,1628.0,44
2023-01-22,22,6,3,1,2023,Winter,None,Grocery,Eid Special Dates,280,450,60.71,10,169,40,4,5.6,0.75,9520,13770.0,4250.0,34
2023-01-22,22,6,3,1,2023,Winter,None,FMCG,Puja Thali Set,125,245,96.0,20,224,50,3,2.5,0.77,12875,20188.0,7313.0,103
2023-01-22,22,6,3,1,2023,Winter,None,Agriculture,Pesticide 500ml,180,245,36.11,0,65,20,5,3.6,0.86,10620,14455.0,3835.0,59
2023-01-23,23,0,4,1,2023,Winter,None,Grocery,Eid Special Dates,280,450,60.71,0,80,40,4,5.6,0.73,26320,42300.0,15980.0,94
2023-01-23,23,0,4,1,2023,Winter,None,FMCG,Crackers Box,200,380,90.0,0,484,100,3,4.0,0.91,9600,18240.0,8640.0,48
2023-01-23,23,0,4,1,2023,Winter,None,Grocery,Sugar 1kg,42,54,28.57,10,242,100,2,0.84,0.71,4242,4908.6,666.6,101
2023-01-23,23,0,4,1,2023,Winter,None,FMCG,Kite + String,25,55,120.0,5,1368,300,2,0.5,0.99,1300,2717.0,1417.0,52
2023-01-24,24,1,4,1,2023,Winter,Republic Day,Agriculture,Pesticide 500ml,180,245,36.11,0,72,20,5,3.6,0.74,3420,4655.0,1235.0,19
2023-01-24,24,1,4,1,2023,Winter,Republic Day,Fashion,Saree Cotton,350,699,99.71,5,66,15,7,7.0,0.99,24150,45819.45,21669.45,69
2023-01-24,24,1,4,1,2023,Winter,Republic Day,FMCG,Shampoo Head&Shoulders,85,115,35.29,0,294,80,4,1.7,0.82,8755,11845.0,3090.0,103
2023-01-24,24,1,4,1,2023,Winter,Republic Day,Fashion,Jeans Men,450,899,99.78,0,29,20,6,9.0,0.77,46350,92597.0,46247.0,103
2023-01-24,24,1,4,1,2023,Winter,Republic Day,Grocery,Basmati Rice 5kg,180,225,25.0,0,81,50,3,3.6,0.92,9000,11250.0,2250.0,50
2023-01-24,24,1,4,1,2023,Winter,Republic Day,Grocery,Salt 1kg,18,25,38.89,10,192,120,2,0.36,0.9,738,922.5,184.5,41
2023-01-25,25,2,4,1,2023,Winter,None,Grocery,Basmati Rice 5kg,180,225,25.0,10,162,50,3,3.6,0.79,15660,17617.5,1957.5,87
2023-01-25,25,2,4,1,2023,Winter,None,FMCG,Soap Lux,22,32,45.45,0,615,150,3,0.44,0.75,2310,3360.0,1050.0,105
2023-01-25,25,2,4,1,2023,Winter,None,FMCG,Crackers Box,200,380,90.0,20,120,100,3,4.0,0.81,14200,21584.0,7384.0,71
2023-01-25,25,2,4,1,2023,Winter,None,Fashion,Jeans Men,450,899,99.78,0,74,20,6,9.0,0.88,17100,34162.0,17062.0,38
2023-01-25,25,2,4,1,2023,Winter,None,FMCG,Biscuit Parle-G,8,12,50.0,15,430,200,2,0.16,0.86,760,969.0,209.0,95
2023-01-26,26,3,4,1,2023,Winter,None,Stationery,Notebook A4,28,45,60.71,5,153,100,3,0.56,0.96,1568,2394.0,826.0,56
2023-01-26,26,3,4,1,2023,Winter,None,Electronics,Power Bank 10000mAh,650,1099,69.08,0,55,15,6,13.0,0.85,42250,71435.0,29185.0,65
2023-01-26,26,3,4,1,2023,Winter,None,FMCG,Puja Thali Set,125,245,96.0,5,71,50,3,2.5,0.7,7125,13266.75,6141.75,57
2023-01-27,27,4,4,1,2023,Winter,None,FMCG,Puja Thali Set,125,245,96.0,5,194,50,3,2.5,0.81,12750,23740.5,10990.5,102
2023-01-27,27,4,4,1,2023,Winter,None,Electronics,Power Bank 10000mAh,650,1099,69.08,10,21,15,6,13.0,0.88,39000,59346.0,20346.0,60
2023-01-27,27,4,4,1,2023,Winter,None,Grocery,Christmas Cake,180,320,77.78,20,45,30,2,3.6,0.99,4680,6656.0,1976.0,26
2023-01-27,27,4,4,1,2023,Winter,None,Electronics,USB Cable,45,89,97.78,0,231,50,4,0.9,0.97,3285,6497.0,3212.0,73
2023-01-27,27,4,4,1,2023,Winter,None,Agriculture,Wheat Seeds 1kg,65,95,46.15,5,35,30,5,1.3,0.8,5395,7490.75,2095.75,83
2023-01-27,27,4,4,1,2023,Winter,None,Electronics,Fan Table,850,1350,58.82,20,10,8,7,17.0,0.98,82450,104760.0,22310.0,97
2023-01-27,27,4,4,1,2023,Winter,None,FMCG,Biscuit Parle-G,8,12,50.0,20,226,200,2,0.16,0.76,664,796.8,132.8,83
2023-01-27,27,4,4,1,2023,Winter,None,Stationery,Pen Blue Pack 10,25,40,60.0,0,536,200,2,0.5,0.73,250,400.0,150.0,10
2023-01-28,28,5,4,1,2023,Winter,None,Grocery,Wheat Flour 10kg,320,385,20.31,0,52,40,3,6.4,0.8,24320,29260.0,4940.0,76
2023-01-28,28,5,4,1,2023,Winter,None,Agriculture,Pesticide 500ml,180,245,36.11,15,40,20,5,3.6,0.76,13680,15827.0,2147.0,76
2023-01-28,28,5,4,1,2023,Winter,None,Electronics,LED Bulb 9W,48,85,77.08,20,142,40,4,0.96,0.93,6960,9860.0,2900.0,145
2023-01-28,28,5,4,1,2023,Winter,None,Fashion,Shoes Casual,350,699,99.71,20,36,25,6,7.0,0.8,26950,43058.4,16108.4,77
2023-01-28,28,5,4,1,2023,Winter,None,FMCG,Kite + String,25,55,120.0,10,766,300,2,0.5,0.79,3350,6633.0,3283.0,134
2023-01-28,28,5,4,1,2023,Winter,None,FMCG,Crackers Box,200,380,90.0,0,146,100,3,4.0,0.89,6600,12540.0,5940.0,33
2023-01-29,29,6,4,1,2023,Winter,None,FMCG,Puja Thali Set,125,245,96.0,5,162,50,3,2.5,0.97,9625,17921.75,8296.75,77
2023-01-29,29,6,4,1,2023,Winter,None,FMCG,Cold Drink 500ml,20,30,50.0,20,530,200,2,0.4,0.7,980,1176.0,196.0,49
2023-01-29,29,6,4,1,2023,Winter,None,Stationery,Pen Blue Pack 10,25,40,60.0,0,718,200,2,0.5,0.91,2800,4480.0,1680.0,112
2023-01-29,29,6,4,1,2023,Winter,None,Electronics,Smartphone Redmi,8500,10999,29.4,10,44,10,7,170.0,0.75,714000,831524.4,117524.4,84
2023-01-29,29,6,4,1,2023,Winter,None,Electronics,LED Bulb 9W,48,85,77.08,10,63,40,4,0.96,0.91,1056,1683.0,627.0,22
2023-01-30,30,0,5,1,2023,Winter,None,Stationery,Pencil Box,35,55,57.14,20,122,80,3,0.7,0.8,1820,2288.0,468.0,52
2023-01-30,30,0,5,1,2023,Winter,None,Electronics,LED Bulb 9W,48,85,77.08,0,102,40,4,0.96,0.86,4608,8160.0,3552.0,96
2023-01-30,30,0,5,1,2023,Winter,None,FMCG,Toothpaste Colgate,55,75,36.36,15,214,100,3,1.1,0.95,2310,2677.5,367.5,42
2023-01-30,30,0,5,1,2023,Winter,None,Fashion,Kurta Women,280,549,96.07,0,76,20,5,5.6,0.89,22400,43920.0,21520.0,80
2023-01-30,30,0,5,1,2023,Winter,None,Fashion,Shoes Casual,350,699,99.71,0,56,25,6,7.0,0.99,12250,24465.0,12215.0,35
2023-01-30,30,0,5,1,2023,Winter,None,Grocery,Christmas Cake,180,320,77.78,20,83,30,2,3.6,0.87,20340,28928.0,8588.0,113
2023-01-30,30,0,5,1,2023,Winter,None,FMCG,Shampoo Head&Shoulders,85,115,35.29,10,345,80,4,1.7,0.87,3060,3726.0,666.0,36
2023-01-30,30,0,5,1,2023,Winter,None,Agriculture,Pesticide 500ml,180,245,36.11,15,69,20,5,3.6,0.92,22680,26239.5,3559.5,126
2023-01-31,31,1,5,1,2023,Winter,None,Stationery,Notebook A4,28,45,60.71,15,459,100,3,0.56,0.77,672,918.0,246.0,24
2023-01-31,31,1,5,1,2023,Winter,None,Electronics,LED Bulb 9W,48,85,77.08,10,169,40,4,0.96,0.91,4512,7191.0,2679.0,94
2023-01-31,31,1,5,1,2023,Winter,None,Agriculture,Wheat Seeds 1kg,65,95,46.15,10,135,30,5,1.3,0.88,3445,4531.5,1086.5,53
2023-01-31,31,1,5,1,2023,Winter,None,Grocery,Christmas Cake,180,320,77.78,15,112,30,2,3.6,0.99,14400,21760.0,7360.0,80
2023-01-31,31,1,5,1,2023,Winter,None,FMCG,Kite + String,25,55,120.0,20,1476,300,2,0.5,0.95,1050,1848.0,798.0,42
2023-01-31,31,1,5,1,2023,Winter,None,Electronics,Power Bank 10000mAh,650,1099,69.08,5,42,15,6,13.0,0.72,55250,88744.25,33494.25,85
2023-01-31,31,1,5,1,2023,Winter,None,Fashion,Saree Cotton,350,699,99.71,0,50,15,7,7.0,0.9,4550,9087.0,4537.0,13
2023-01-31,31,1,5,1,2023,Winter,None,Electronics,Fan Table,850,1350,58.82,0,17,8,7,17.0,0.72,90100,143100.0,53000.0,106
2023-02-01,1,2,5,2,2023,Winter,None,Grocery,Salt 1kg,18,25,38.89,5,188,120,2,0.36,1.0,1764,2327.5,563.5,98
2023-02-01,1,2,5,2,2023,Winter,None,Electronics,Fan Table,850,1350,58.82,0,27,8,7,17.0,0.8,68000,108000.0,40000.0,80
2023-02-01,1,2,5,2,2023,Winter,None,Grocery,Eid Special Dates,280,450,60.71,10,76,40,4,5.6,0.93,34720,50220.0,15500.0,124
2023-02-01,1,2,5,2,2023,Winter,None,Electronics,LED Bulb 9W,48,85,77.08,15,41,40,4,0.96,0.99,4944,7441.75,2497.75,103
2023-02-01,1,2,5,2,2023,Winter,None,Grocery,Wheat Flour 10kg,320,385,20.31,0,58,40,3,6.4,0.88,24960,30030.0,5070.0,78
2023-02-02,2,3,5,2,2023,Winter,None,Stationery,Eraser Pack,12,20,66.67,5,246,150,2,0.24,0.98,264,418.0,154.0,22
2023-02-02,2,3,5,2,2023,Winter,None,FMCG,Detergent Surf 1kg,95,125,31.58,10,285,90,3,1.9,0.91,7410,8775.0,1365.0,78
2023-02-02,2,3,5,2,2023,Winter,None,Electronics,Smartphone Redmi,8500,10999,29.4,0,29,10,7,170.0,0.81,493000,637942.0,144942.0,58
2023-02-02,2,3,5,2,2023,Winter,None,Electronics,Power Bank 10000mAh,650,1099,69.08,15,46,15,6,13.0,0.73,63050,90612.55,27562.55,97
2023-02-02,2,3,5,2,2023,Winter,None,FMCG,Cold Drink 500ml,20,30,50.0,0,559,200,2,0.4,1.0,1260,1890.0,630.0,63
2023-02-02,2,3,5,2,2023,Winter,None,FMCG,Crackers Box,200,380,90.0,15,484,100,3,4.0,0.73,3600,5814.0,2214.0,18
2023-02-02,2,3,5,2,2023,Winter,None,Grocery,Wheat Flour 10kg,320,385,20.31,0,55,40,3,6.4,0.99,3840,4620.0,780.0,12
2023-02-03,3,4,5,2,2023,Winter,Valentine's Day,Stationery,Notebook A4,28,45,60.71,0,114,100,3,0.56,0.94,2324,3735.0,1411.0,83
2023-02-03,3,4,5,2,2023,Winter,Valentine's Day,FMCG,Biscuit Parle-G,8,12,50.0,10,271,200,2,0.16,0.99,1208,1630.8,422.8,151
2023-02-03,3,4,5,2,2023,Winter,Valentine's Day,FMCG,Detergent Surf 1kg,95,125,31.58,0,201,90,3,1.9,0.99,11685,15375.0,3690.0,123
2023-02-04,4,5,5,2,2023,Winter,Valentine's Day,FMCG,Toothpaste Colgate,55,75,36.36,15,327,100,3,1.1,0.71,3960,4590.0,630.0,72
2023-02-04,4,5,5,2,2023,Winter,Valentine's Day,Stationery,Notebook A4,28,45,60.71,0,161,100,3,0.56,0.94,5824,9360.0,3536.0,208
2023-02-04,4,5,5,2,2023,Winter,Valentine's Day,Grocery,Eid Special Dates,280,450,60.71,0,86,40,4,5.6,0.88,31080,49950.0,18870.0,111
2023-02-05,5,6,5,2,2023,Winter,None,FMCG,Biscuit Parle-G,8,12,50.0,0,761,200,2,0.16,0.95,992,1488.0,496.0,124
2023-02-05,5,6,5,2,2023,Winter,None,FMCG,Puja Thali Set,125,245,96.0,20,221,50,3,2.5,0.87,15375,24108.0,8733.0,123
2023-02-05,5,6,5,2,2023,Winter,None,Electronics,Smartphone Redmi,8500,10999,29.4,0,25,10,7,170.0,0.99,527000,681938.0,154938.0,62
2023-02-05,5,6,5,2,2023,Winter,None,FMCG,Toothpaste Colgate,55,75,36.36,5,121,100,3,1.1,0.81,2970,3847.5,877.5,54
2023-02-06,6,0,6,2,2023,Winter,None,Grocery,Christmas Cake,180,320,77.78,15,47,30,2,3.6,0.83,7380,11152.0,3772.0,41
2023-02-06,6,0,6,2,2023,Winter,None,FMCG,Biscuit Parle-G,8,12,50.0,0,636,200,2,0.16,0.82,512,768.0,256.0,64
2023-02-06,6,0,6,2,2023,Winter,None,FMCG,Crackers Box,200,380,90.0,5,351,100,3,4.0,0.73,3800,6859.0,3059.0,19
2023-02-06,6,0,6,2,2023,Winter,None,Grocery,Dal Toor 1kg,95,118,24.21,10,236,80,3,1.9,0.85,9880,11044.8,1164.8,104
2023-02-06,6,0,6,2,2023,Winter,None,Fashion,Saree Cotton,350,699,99.71,20,59,15,7,7.0,0.72,30800,49209.6,18409.6,88
2023-02-06,6,0,6,2,2023,Winter,None,Stationery,Pencil Box,35,55,57.14,20,125,80,3,0.7,0.79,350,440.0,90.0,10
2023-02-07,7,1,6,2,2023,Winter,None,Grocery,Eid Special Dates,280,450,60.71,5,177,40,4,5.6,0.72,11480,17527.5,6047.5,41
2023-02-07,7,1,6,2,2023,Winter,None,FMCG,Kite + String,25,55,120.0,20,1373,300,2,0.5,0.95,2125,3740.0,1615.0,85
2023-02-07,7,1,6,2,2023,Winter,None,FMCG,Cold Drink 500ml,20,30,50.0,10,245,200,2,0.4,0.97,1440,1944.0,504.0,72
2023-02-07,7,1,6,2,2023,Winter,None,Fashion,Saree Cotton,350,699,99.71,0,72,15,7,7.0,0.77,50400,100656.0,50256.0,144
2023-02-07,7,1,6,2,2023,Winter,None,Grocery,Sugar 1kg,42,54,28.57,0,353,100,2,0.84,0.76,924,1188.0,264.0,22
2023-02-07,7,1,6,2,2023,Winter,None,Grocery,Wheat Flour 10kg,320,385,20.31,15,137,40,3,6.4,0.76,2240,2290.75,50.75,7
2023-02-07,7,1,6,2,2023,Winter,None,FMCG,Crackers Box,200,380,90.0,15,102,100,3,4.0,0.97,5600,9044.0,3444.0,28
2023-02-08,8,2,6,2,2023,Winter,Valentine's Day,Fashion,Kurta Women,280,549,96.07,10,74,20,5,5.6,0.9,38080,67197.6,29117.6,136
2023-02-08,8,2,6,2,2023,Winter,Valentine's Day,FMCG,Cold Drink 500ml,20,30,50.0,15,869,200,2,0.4,0.92,1600,2040.0,440.0,80
2023-02-08,8,2,6,2,2023,Winter,Valentine's Day,Stationery,Pen Blue Pack 10,25,40,60.0,0,625,200,2,0.5,0.95,2900,4640.0,1740.0,116
2023-02-08,8,2,6,2,2023,Winter,Valentine's Day,Electronics,USB Cable,45,89,97.78,5,98,50,4,0.9,0.95,4590,8624.1,4034.1,102
2023-02-08,8,2,6,2,2023,Winter,Valentine's Day,Stationery,Notebook A4,28,45,60.71,5,420,100,3,0.56,0.91,2044,3120.75,1076.75,73
2023-02-08,8,2,6,2,2023,Winter,Valentine's Day,Stationery,Pencil Box,35,55,57.14,0,194,80,3,0.7,0.72,3500,5500.0,2000.0,100
2023-02-08,8,2,6,2,2023,Winter,Valentine's Day,Grocery,Sunflower Oil 1L,120,148,23.33,0,262,60,4,2.4,0.85,4680,5772.0,1092.0,39
2023-02-08,8,2,6,2,2023,Winter,Valentine's Day,Grocery,Salt 1kg,18,25,38.89,0,498,120,2,0.36,0.78,2952,4100.0,1148.0,164
2023-02-09,9,3,6,2,2023,Winter,Valentine's Day,Stationery,Pencil Box,35,55,57.14,0,182,80,3,0.7,0.74,5740,9020.0,3280.0,164
2023-02-09,9,3,6,2,2023,Winter,Valentine's Day,Fashion,T-Shirt Men,180,349,93.89,0,44,30,5,3.6,0.77,36000,69800.0,33800.0,200
2023-02-09,9,3,6,2,2023,Winter,Valentine's Day,FMCG,Kite + String,25,55,120.0,20,438,300,2,0.5,0.77,2425,4268.0,1843.0,97
2023-02-09,9,3,6,2,2023,Winter,Valentine's Day,Grocery,Eid Special Dates,280,450,60.71,10,76,40,4,5.6,0.83,34160,49410.0,15250.0,122
2023-02-09,9,3,6,2,2023,Winter,Valentine's Day,FMCG,Dandiya Sticks,40,85,112.5,20,715,200,2,0.8,0.93,880,1496.0,616.0,22
2023-02-09,9,3,6,2,2023,Winter,Valentine's Day,Electronics,LED Bulb 9W,48,85,77.08,0,51,40,4,0.96,0.87,3600,6375.0,2775.0,75
2023-02-09,9,3,6,2,2023,Winter,Valentine's Day,FMCG,Biscuit Parle-G,8,12,50.0,0,456,200,2,0.16,0.98,904,1356.0,452.0,113
2023-02-09,9,3,6,2,2023,Winter,Valentine's Day,Stationery,Pen Blue Pack 10,25,40,60.0,0,859,200,2,0.5,0.72,2675,4280.0,1605.0,107
2023-02-10,10,4,6,2,2023,Winter,None,FMCG,Toothpaste Colgate,55,75,36.36,0,325,100,3,1.1,0.72,3520,4800.0,1280.0,64
2023-02-10,10,4,6,2,2023,Winter,None,Fashion,T-Shirt Men,180,349,93.89,0,50,30,5,3.6,0.74,23040,44672.0,21632.0,128
2023-02-10,10,4,6,2,2023,Winter,None,FMCG,Diya Set 12pc,48,95,97.92,0,216,150,2,0.96,0.82,624,1235.0,611.0,13
2023-02-10,10,4,6,2,2023,Winter,None,Grocery,Salt 1kg,18,25,38.89,10,206,120,2,0.36,0.92,198,247.5,49.5,11
2023-02-10,10,4,6,2,2023,Winter,None,Electronics,USB Cable,45,89,97.78,0,76,50,4,0.9,0.91,2655,5251.0,2596.0,59
2023-02-10,10,4,6,2,2023,Winter,None,FMCG,Cold Drink 500ml,20,30,50.0,0,259,200,2,0.4,0.94,1100,1650.0,550.0,55
2023-02-11,11,5,6,2,2023,Winter,None,FMCG,Soap Lux,22,32,45.45,15,546,150,3,0.44,0.83,1826,2257.6,431.6,83
2023-02-11,11,5,6,2,2023,Winter,None,Electronics,USB Cable,45,89,97.78,15,206,50,4,0.9,0.78,3060,5144.2,2084.2,68
2023-02-11,11,5,6,2,2023,Winter,None,Grocery,Sunflower Oil 1L,120,148,23.33,15,290,60,4,2.4,0.75,14640,15347.6,707.6,122
2023-02-11,11,5,6,2,2023,Winter,None,FMCG,Kite + String,25,55,120.0,10,887,300,2,0.5,0.89,1900,3762.0,1862.0,76
2023-02-11,11,5,6,2,2023,Winter,None,Grocery,Salt 1kg,18,25,38.89,0,571,120,2,0.36,0.75,2286,3175.0,889.0,127
2023-02-11,11,5,6,2,2023,Winter,None,Grocery,Wheat Flour 10kg,320,385,20.31,15,116,40,3,6.4,0.74,4160,4254.25,94.25,13
2023-02-11,11,5,6,2,2023,Winter,None,FMCG,Gulal Colors Set,35,75,114.29,5,754,200,2,0.7,0.96,3640,7410.0,3770.0,104
2023-02-12,12,6,6,2,2023,Winter,None,FMCG,Shampoo Head&Shoulders,85,115,35.29,5,317,80,4,1.7,0.81,10285,13219.25,2934.25,121
2023-02-12,12,6,6,2,2023,Winter,None,Fashion,Shoes Casual,350,699,99.71,0,92,25,6,7.0,0.76,42000,83880.0,41880.0,120
2023-02-12,12,6,6,2,2023,Winter,None,Electronics,Earphones Boat,350,599,71.14,0,99,20,5,7.0,0.81,18900,32346.0,13446.0,54
2023-02-12,12,6,6,2,2023,Winter,None,Stationery,Pencil Box,35,55,57.14,5,289,80,3,0.7,0.81,4620,6897.0,2277.0,132
2023-02-12,12,6,6,2,2023,Winter,None,Stationery,Eraser Pack,12,20,66.67,0,631,150,2,0.24,0.73,564,940.0,376.0,47
2023-02-12,12,6,6,2,2023,Winter,None,FMCG,Crackers Box,200,380,90.0,15,496,100,3,4.0,0.96,19200,31008.0,11808.0,96
2023-02-13,13,0,7,2,2023,Winter,None,Grocery,Sugar 1kg,42,54,28.57,5,112,100,2,0.84,0.91,2058,2513.7,455.7,49
2023-02-13,13,0,7,2,2023,Winter,None,Electronics,Smartphone Redmi,8500,10999,29.4,5,27,10,7,170.0,1.0,977500,1201640.75,224140.75,115
2023-02-13,13,0,7,2,2023,Winter,None,Electronics,Earphones Boat,350,599,71.14,15,71,20,5,7.0,0.87,41650,60588.85,18938.85,119
2023-02-13,13,0,7,2,2023,Winter,None,Fashion,Kurta Women,280,549,96.07,20,60,20,5,5.6,0.84,14000,21960.0,7960.0,50
2023-02-13,13,0,7,2,2023,Winter,None,FMCG,Detergent Surf 1kg,95,125,31.58,20,339,90,3,1.9,0.79,2850,3000.0,150.0,30
2023-02-13,13,0,7,2,2023,Winter,None,Stationery,Pen Blue Pack 10,25,40,60.0,20,236,200,2,0.5,0.9,2325,2976.0,651.0,93
2023-02-14,14,1,7,2,2023,Winter,None,Grocery,Dal Toor 1kg,95,118,24.21,20,126,80,3,1.9,0.79,1425,1416.0,-9.0,15
2023-02-14,14,1,7,2,2023,Winter,None,Grocery,Wheat Flour 10kg,320,385,20.31,0,94,40,3,6.4,0.79,15680,18865.0,3185.0,49
2023-02-14,14,1,7,2,2023,Winter,None,Grocery,Basmati Rice 5kg,180,225,25.0,0,130,50,3,3.6,0.88,14400,18000.0,3600.0,80
2023-02-15,15,2,7,2,2023,Winter,None,FMCG,Gulal Colors Set,35,75,114.29,0,321,200,2,0.7,0.86,910,1950.0,1040.0,26
2023-02-15,15,2,7,2,2023,Winter,None,Fashion,Kurta Women,280,549,96.07,10,90,20,5,5.6,0.89,26600,46939.5,20339.5,95
2023-02-15,15,2,7,2,2023,Winter,None,FMCG,Cold Drink 500ml,20,30,50.0,15,455,200,2,0.4,0.99,1100,1402.5,302.5,55
2023-02-15,15,2,7,2,2023,Winter,None,Fashion,T-Shirt Men,180,349,93.89,15,42,30,5,3.6,0.93,9360,15425.8,6065.8,52
2023-02-15,15,2,7,2,2023,Winter,None,Fashion,Jeans Men,450,899,99.78,0,81,20,6,9.0,0.75,45450,90799.0,45349.0,101
2023-02-15,15,2,7,2,2023,Winter,None,FMCG,Biscuit Parle-G,8,12,50.0,0,571,200,2,0.16,0.98,888,1332.0,444.0,111
2023-02-16,16,3,7,2,2023,Winter,None,Grocery,Eid Special Dates,280,450,60.71,0,199,40,4,5.6,0.79,4760,7650.0,2890.0,17
2023-02-16,16,3,7,2,2023,Winter,None,FMCG,Cold Drink 500ml,20,30,50.0,5,884,200,2,0.4,0.76,520,741.0,221.0,26
2023-02-16,16,3,7,2,2023,Winter,None,Agriculture,Fertilizer NPK 1kg,125,168,34.4,15,125,25,6,2.5,0.72,7375,8425.2,1050.2,59
2023-02-16,16,3,7,2,2023,Winter,None,Grocery,Wheat Flour 10kg,320,385,20.31,10,191,40,3,6.4,0.83,26240,28413.0,2173.0,82
2023-02-16,16,3,7,2,2023,Winter,None,FMCG,Puja Thali Set,125,245,96.0,0,99,50,3,2.5,0.85,9375,18375.0,9000.0,75
2023-02-16,16,3,7,2,2023,Winter,None,Fashion,Shoes Casual,350,699,99.71,10,46,25,6,7.0,0.72,5250,9436.5,4186.5,15
2023-02-16,16,3,7,2,2023,Winter,None,Fashion,Kurta Women,280,549,96.07,0,75,20,5,5.6,0.8,21560,42273.0,20713.0,77
2023-02-17,17,4,7,2,2023,Winter,Valentine's Day,Agriculture,Pesticide 500ml,180,245,36.11,15,68,20,5,3.6,0.76,25380,29363.25,3983.25,141
2023-02-17,17,4,7,2,2023,Winter,Valentine's Day,Grocery,Dal Toor 1kg,95,118,24.21,5,218,80,3,1.9,0.91,11590,13676.2,2086.2,122
2023-02-17,17,4,7,2,2023,Winter,Valentine's Day,Fashion,Kurta Women,280,549,96.07,0,74,20,5,5.6,0.82,49560,97173.0,47613.0,177
2023-02-17,17,4,7,2,2023,Winter,Valentine's Day,FMCG,Dandiya Sticks,40,85,112.5,0,936,200,2,0.8,0.78,2040,4335.0,2295.0,51
2023-02-17,17,4,7,2,2023,Winter,Valentine's Day,Grocery,Sunflower Oil 1L,120,148,23.33,0,81,60,4,2.4,0.97,17640,21756.0,4116.0,147
2023-02-18,18,5,7,2,2023,Winter,Valentine's Day,Grocery,Dal Toor 1kg,95,118,24.21,0,201,80,3,1.9,0.93,7315,9086.0,1771.0,77
2023-02-18,18,5,7,2,2023,Winter,Valentine's Day,Fashion,Saree Cotton,350,699,99.71,20,15,15,7,7.0,0.92,15750,25164.0,9414.0,45
2023-02-18,18,5,7,2,2023,Winter,Valentine's Day,FMCG,Diya Set 12pc,48,95,97.92,0,621,150,2,0.96,0.89,1536,3040.0,1504.0,32
2023-02-18,18,5,7,2,2023,Winter,Valentine's Day,FMCG,Soap Lux,22,32,45.45,0,207,150,3,0.44,0.91,1100,1600.0,500.0,50
2023-02-18,18,5,7,2,2023,Winter,Valentine's Day,Grocery,Wheat Flour 10kg,320,385,20.31,0,63,40,3,6.4,0.7,13120,15785.0,2665.0,41
2023-02-18,18,5,7,2,2023,Winter,Valentine's Day,FMCG,Shampoo Head&Shoulders,85,115,35.29,20,120,80,4,1.7,0.82,6885,7452.0,567.0,81
2023-02-18,18,5,7,2,2023,Winter,Valentine's Day,FMCG,Biscuit Parle-G,8,12,50.0,15,402,200,2,0.16,0.91,1360,1734.0,374.0,170
2023-02-18,18,5,7,2,2023,Winter,Valentine's Day,FMCG,Kite + String,25,55,120.0,5,425,300,2,0.5,0.83,1850,3866.5,2016.5,74
2023-02-19,19,6,7,2,2023,Winter,None,Grocery,Basmati Rice 5kg,180,225,25.0,15,132,50,3,3.6,0.93,4320,4590.0,270.0,24
2023-02-19,19,6,7,2,2023,Winter,None,Grocery,Dal Toor 1kg,95,118,24.21,0,383,80,3,1.9,0.79,4465,5546.0,1081.0,47
2023-02-19,19,6,7,2,2023,Winter,None,FMCG,Cold Drink 500ml,20,30,50.0,5,423,200,2,0.4,0.83,2440,3477.0,1037.0,122
2023-02-19,19,6,7,2,2023,Winter,None,Electronics,Smartphone Redmi,8500,10999,29.4,20,43,10,7,170.0,0.7,824500,853522.4,29022.4,97
2023-02-19,19,6,7,2,2023,Winter,None,Electronics,LED Bulb 9W,48,85,77.08,15,81,40,4,0.96,0.72,2928,4407.25,1479.25,61
2023-02-19,19,6,7,2,2023,Winter,None,FMCG,Toothpaste Colgate,55,75,36.36,0,475,100,3,1.1,0.72,5885,8025.0,2140.0,107
2023-02-19,19,6,7,2,2023,Winter,None,FMCG,Kite + String,25,55,120.0,20,1213,300,2,0.5,0.7,2100,3696.0,1596.0,84
2023-02-20,20,0,8,2,2023,Winter,None,Grocery,Dal Toor 1kg,95,118,24.21,5,330,80,3,1.9,0.79,7410,8743.8,1333.8,78
2023-02-20,20,0,8,2,2023,Winter,None,Fashion,Saree Cotton,350,699,99.71,15,25,15,7,7.0,0.71,17500,29707.5,12207.5,50
2023-02-20,20,0,8,2,2023,Winter,None,Stationery,Notebook A4,28,45,60.71,0,336,100,3,0.56,0.8,1848,2970.0,1122.0,66
2023-02-20,20,0,8,2,2023,Winter,None,Grocery,Salt 1kg,18,25,38.89,20,580,120,2,0.36,0.84,1494,1660.0,166.0,83
2023-02-20,20,0,8,2,2023,Winter,None,Electronics,LED Bulb 9W,48,85,77.08,0,138,40,4,0.96,0.83,1680,2975.0,1295.0,35
2023-02-20,20,0,8,2,2023,Winter,None,Grocery,Eid Special Dates,280,450,60.71,0,137,40,4,5.6,1.0,10360,16650.0,6290.0,37
2023-02-20,20,0,8,2,2023,Winter,None,Agriculture,Fertilizer NPK 1kg,125,168,34.4,15,26,25,6,2.5,0.83,4000,4569.6,569.6,32
2023-02-20,20,0,8,2,2023,Winter,None,FMCG,Cold Drink 500ml,20,30,50.0,20,388,200,2,0.4,0.77,600,720.0,120.0,30
2023-02-21,21,1,8,2,2023,Winter,Valentine's Day,Stationery,Pencil Box,35,55,57.14,0,235,80,3,0.7,0.95,4305,6765.0,2460.0,123
2023-02-21,21,1,8,2,2023,Winter,Valentine's Day,FMCG,Gulal Colors Set,35,75,114.29,20,394,200,2,0.7,0.85,4935,8460.0,3525.0,141
2023-02-21,21,1,8,2,2023,Winter,Valentine's Day,FMCG,Toothpaste Colgate,55,75,36.36,15,181,100,3,1.1,0.85,7535,8733.75,1198.75,137
2023-02-22,22,2,8,2,2023,Winter,Valentine's Day,Grocery,Sugar 1kg,42,54,28.57,20,106,100,2,0.84,0.99,3108,3196.8,88.8,74
2023-02-22,22,2,8,2,2023,Winter,Valentine's Day,Fashion,Shoes Casual,350,699,99.71,15,64,25,6,7.0,0.91,25200,42778.8,17578.8,72
2023-02-22,22,2,8,2,2023,Winter,Valentine's Day,FMCG,Biscuit Parle-G,8,12,50.0,5,742,200,2,0.16,0.78,344,490.2,146.2,43
2023-02-22,22,2,8,2,2023,Winter,Valentine's Day,Grocery,Salt 1kg,18,25,38.89,15,562,120,2,0.36,0.74,2538,2996.25,458.25,141
2023-02-22,22,2,8,2,2023,Winter,Valentine's Day,Fashion,Saree Cotton,350,699,99.71,10,43,15,7,7.0,0.81,58100,104430.6,46330.6,166
2023-02-22,22,2,8,2,2023,Winter,Valentine's Day,FMCG,Gulal Colors Set,35,75,114.29,0,904,200,2,0.7,0.77,2625,5625.0,3000.0,75
2023-02-22,22,2,8,2,2023,Winter,Valentine's Day,Fashion,T-Shirt Men,180,349,93.89,20,145,30,5,3.6,0.99,26460,41042.4,14582.4,147
2023-02-22,22,2,8,2,2023,Winter,Valentine's Day,FMCG,Kite + String,25,55,120.0,20,1482,300,2,0.5,0.94,2100,3696.0,1596.0,84
2023-02-23,23,3,8,2,2023,Winter,None,Electronics,Smartphone Redmi,8500,10999,29.4,0,16,10,7,170.0,0.82,535500,692937.0,157437.0,63
2023-02-23,23,3,8,2,2023,Winter,None,FMCG,Shampoo Head&Shoulders,85,115,35.29,0,331,80,4,1.7,0.84,4165,5635.0,1470.0,49
2023-02-23,23,3,8,2,2023,Winter,None,Fashion,Saree Cotton,350,699,99.71,15,39,15,7,7.0,0.93,21700,36837.3,15137.3,62
2023-02-23,23,3,8,2,2023,Winter,None,Electronics,USB Cable,45,89,97.78,20,143,50,4,0.9,0.95,2700,4272.0,1572.0,60
2023-02-23,23,3,8,2,2023,Winter,None,Electronics,Power Bank 10000mAh,650,1099,69.08,0,55,15,6,13.0,0.7,53300,90118.0,36818.0,82
2023-02-23,23,3,8,2,2023,Winter,None,FMCG,Crackers Box,200,380,90.0,0,239,100,3,4.0,0.99,17400,33060.0,15660.0,87
2023-02-23,23,3,8,2,2023,Winter,None,FMCG,Puja Thali Set,125,245,96.0,5,187,50,3,2.5,0.76,7500,13965.0,6465.0,60
2023-02-23,23,3,8,2,2023,Winter,None,Fashion,T-Shirt Men,180,349,93.89,20,106,30,5,3.6,0.88,11880,18427.2,6547.2,66
2023-02-24,24,4,8,2,2023,Winter,Valentine's Day,Grocery,Sugar 1kg,42,54,28.57,5,204,100,2,0.84,0.74,546,666.9,120.9,13
2023-02-24,24,4,8,2,2023,Winter,Valentine's Day,Electronics,Smartphone Redmi,8500,10999,29.4,0,36,10,7,170.0,0.72,161500,208981.0,47481.0,19
2023-02-24,24,4,8,2,2023,Winter,Valentine's Day,FMCG,Crackers Box,200,380,90.0,5,295,100,3,4.0,0.87,9200,16606.0,7406.0,46
2023-02-24,24,4,8,2,2023,Winter,Valentine's Day,FMCG,Diya Set 12pc,48,95,97.92,10,260,150,2,0.96,0.98,6672,11884.5,5212.5,139
2023-02-24,24,4,8,2,2023,Winter,Valentine's Day,Fashion,T-Shirt Men,180,349,93.89,5,107,30,5,3.6,0.84,19620,36138.95,16518.95,109
2023-02-25,25,5,8,2,2023,Winter,Valentine's Day,Grocery,Christmas Cake,180,320,77.78,10,70,30,2,3.6,0.95,35280,56448.0,21168.0,196
2023-02-25,25,5,8,2,2023,Winter,Valentine's Day,FMCG,Shampoo Head&Shoulders,85,115,35.29,5,302,80,4,1.7,0.89,13855,17807.75,3952.75,163
2023-02-25,25,5,8,2,2023,Winter,Valentine's Day,Fashion,Saree Cotton,350,699,99.71,5,68,15,7,7.0,0.93,35350,67069.05,31719.05,101
2023-02-25,25,5,8,2,2023,Winter,Valentine's Day,Grocery,Wheat Flour 10kg,320,385,20.31,15,185,40,3,6.4,0.71,38080,38942.75,862.75,119
2023-02-26,26,6,8,2,2023,Winter,Valentine's Day,Grocery,Sugar 1kg,42,54,28.57,15,284,100,2,0.84,0.99,3864,4222.8,358.8,92
2023-02-26,26,6,8,2,2023,Winter,Valentine's Day,FMCG,Shampoo Head&Shoulders,85,115,35.29,0,115,80,4,1.7,0.85,3315,4485.0,1170.0,39
2023-02-26,26,6,8,2,2023,Winter,Valentine's Day,FMCG,Puja Thali Set,125,245,96.0,10,214,50,3,2.5,0.94,4000,7056.0,3056.0,32
2023-02-26,26,6,8,2,2023,Winter,Valentine's Day,Grocery,Salt 1kg,18,25,38.89,15,165,120,2,0.36,0.94,1368,1615.0,247.0,76
2023-02-26,26,6,8,2,2023,Winter,Valentine's Day,FMCG,Kite + String,25,55,120.0,5,834,300,2,0.5,0.77,1425,2978.25,1553.25,57
2023-02-26,26,6,8,2,2023,Winter,Valentine's Day,Grocery,Eid Special Dates,280,450,60.71,0,97,40,4,5.6,0.84,54040,86850.0,32810.0,193
2023-02-26,26,6,8,2,2023,Winter,Valentine's Day,FMCG,Toothpaste Colgate,55,75,36.36,0,178,100,3,1.1,0.99,5390,7350.0,1960.0,98
2023-02-27,27,0,9,2,2023,Winter,Valentine's Day,FMCG,Diya Set 12pc,48,95,97.92,5,574,150,2,0.96,0.87,816,1534.25,718.25,17
2023-02-27,27,0,9,2,2023,Winter,Valentine's Day,Fashion,Saree Cotton,350,699,99.71,0,28,15,7,7.0,0.77,33600,67104.0,33504.0,96
2023-02-27,27,0,9,2,2023,Winter,Valentine's Day,Stationery,Pen Blue Pack 10,25,40,60.0,5,282,200,2,0.5,0.87,200,304.0,104.0,8
2023-02-27,27,0,9,2,2023,Winter,Valentine's Day,Stationery,Pencil Box,35,55,57.14,0,164,80,3,0.7,0.82,5390,8470.0,3080.0,154
2023-02-28,28,1,9,2,2023,Winter,None,FMCG,Kite + String,25,55,120.0,10,712,300,2,0.5,0.93,1500,2970.0,1470.0,60
2023-02-28,28,1,9,2,2023,Winter,None,Grocery,Basmati Rice 5kg,180,225,25.0,0,116,50,3,3.6,0.82,11160,13950.0,2790.0,62
2023-02-28,28,1,9,2,2023,Winter,None,Fashion,T-Shirt Men,180,349,93.89,15,87,30,5,3.6,0.88,14040,23138.7,9098.7,78
2023-02-28,28,1,9,2,2023,Winter,None,Electronics,Fan Table,850,1350,58.82,15,21,8,7,17.0,0.76,91800,123930.0,32130.0,108
2023-03-01,1,2,9,3,2023,Summer,Holi,Stationery,Pen Blue Pack 10,25,40,60.0,20,510,200,2,0.5,0.81,975,1248.0,273.0,39
2023-03-01,1,2,9,3,2023,Summer,Holi,FMCG,Biscuit Parle-G,8,12,50.0,0,458,200,2,0.16,0.77,1576,2364.0,788.0,197
2023-03-01,1,2,9,3,2023,Summer,Holi,Electronics,Earphones Boat,350,599,71.14,0,43,20,5,7.0,0.96,22400,38336.0,15936.0,64
2023-03-02,2,3,9,3,2023,Summer,None,FMCG,Puja Thali Set,125,245,96.0,10,172,50,3,2.5,0.87,6125,10804.5,4679.5,49
2023-03-02,2,3,9,3,2023,Summer,None,Stationery,Pen Blue Pack 10,25,40,60.0,0,309,200,2,0.5,0.97,800,1280.0,480.0,32
2023-03-02,2,3,9,3,2023,Summer,None,Fashion,Saree Cotton,350,699,99.71,20,69,15,7,7.0,0.7,3500,5592.0,2092.0,10
2023-03-02,2,3,9,3,2023,Summer,None,Agriculture,Pesticide 500ml,180,245,36.11,0,68,20,5,3.6,0.92,900,1225.0,325.0,5
2023-03-03,3,4,9,3,2023,Summer,None,FMCG,Biscuit Parle-G,8,12,50.0,5,627,200,2,0.16,0.9,552,786.6,234.6,69
2023-03-03,3,4,9,3,2023,Summer,None,Grocery,Sugar 1kg,42,54,28.57,0,254,100,2,0.84,0.74,588,756.0,168.0,14
2023-03-03,3,4,9,3,2023,Summer,None,Stationery,Notebook A4,28,45,60.71,5,425,100,3,0.56,0.92,784,1197.0,413.0,28
2023-03-03,3,4,9,3,2023,Summer,None,Electronics,Earphones Boat,350,599,71.14,15,80,20,5,7.0,0.75,4550,6618.95,2068.95,13
2023-03-04,4,5,9,3,2023,Summer,None,Grocery,Dal Toor 1kg,95,118,24.21,10,91,80,3,1.9,0.91,11970,13381.2,1411.2,126
2023-03-04,4,5,9,3,2023,Summer,None,Electronics,Power Bank 10000mAh,650,1099,69.08,5,24,15,6,13.0,0.76,17550,28189.35,10639.35,27
2023-03-04,4,5,9,3,2023,Summer,None,Agriculture,Pesticide 500ml,180,245,36.11,5,83,20,5,3.6,0.83,12960,16758.0,3798.0,72
2023-03-05,5,6,9,3,2023,Summer,None,Stationery,Eraser Pack,12,20,66.67,15,423,150,2,0.24,0.71,972,1377.0,405.0,81
2023-03-05,5,6,9,3,2023,Summer,None,FMCG,Cold Drink 500ml,20,30,50.0,0,658,200,2,0.4,0.94,1080,1620.0,540.0,54
2023-03-05,5,6,9,3,2023,Summer,None,Grocery,Basmati Rice 5kg,180,225,25.0,15,161,50,3,3.6,0.87,3600,3825.0,225.0,20
2023-03-05,5,6,9,3,2023,Summer,None,Grocery,Sunflower Oil 1L,120,148,23.33,15,243,60,4,2.4,0.95,16320,17108.8,788.8,136
2023-03-05,5,6,9,3,2023,Summer,None,Grocery,Salt 1kg,18,25,38.89,0,426,120,2,0.36,0.81,1260,1750.0,490.0,70
2023-03-05,5,6,9,3,2023,Summer,None,Electronics,Fan Table,850,1350,58.82,20,31,8,7,17.0,0.9,110500,140400.0,29900.0,130
2023-03-06,6,0,10,3,2023,Summer,None,FMCG,Dandiya Sticks,40,85,112.5,10,555,200,2,0.8,0.93,3440,6579.0,3139.0,86
2023-03-06,6,0,10,3,2023,Summer,None,FMCG,Kite + String,25,55,120.0,0,1135,300,2,0.5,0.81,2925,6435.0,3510.0,117
2023-03-06,6,0,10,3,2023,Summer,None,FMCG,Toothpaste Colgate,55,75,36.36,5,170,100,3,1.1,0.8,1430,1852.5,422.5,26
2023-03-06,6,0,10,3,2023,Summer,None,Fashion,Saree Cotton,350,699,99.71,0,49,15,7,7.0,0.96,28350,56619.0,28269.0,81
2023-03-06,6,0,10,3,2023,Summer,None,Fashion,Shoes Casual,350,699,99.71,0,105,25,6,7.0,0.74,4200,8388.0,4188.0,12
2023-03-07,7,1,10,3,2023,Summer,None,FMCG,Kite + String,25,55,120.0,5,529,300,2,0.5,1.0,675,1410.75,735.75,27
2023-03-07,7,1,10,3,2023,Summer,None,FMCG,Detergent Surf 1kg,95,125,31.58,10,384,90,3,1.9,0.7,1520,1800.0,280.0,16
2023-03-07,7,1,10,3,2023,Summer,None,Grocery,Eid Special Dates,280,450,60.71,10,125,40,4,5.6,0.85,11200,16200.0,5000.0,40
2023-03-07,7,1,10,3,2023,Summer,None,FMCG,Shampoo Head&Shoulders,85,115,35.29,0,282,80,4,1.7,0.86,7225,9775.0,2550.0,85
2023-03-07,7,1,10,3,2023,Summer,None,Electronics,Earphones Boat,350,599,71.14,20,64,20,5,7.0,0.92,25550,34981.6,9431.6,73
2023-03-08,8,2,10,3,2023,Summer,Holi,FMCG,Biscuit Parle-G,8,12,50.0,15,615,200,2,0.16,0.79,1784,2274.6,490.6,223
2023-03-08,8,2,10,3,2023,Summer,Holi,Electronics,USB Cable,45,89,97.78,0,98,50,4,0.9,0.71,6345,12549.0,6204.0,141
2023-03-08,8,2,10,3,2023,Summer,Holi,Agriculture,Pesticide 500ml,180,245,36.11,0,43,20,5,3.6,0.95,8280,11270.0,2990.0,46
2023-03-08,8,2,10,3,2023,Summer,Holi,FMCG,Toothpaste Colgate,55,75,36.36,15,331,100,3,1.1,0.99,3575,4143.75,568.75,65
2023-03-08,8,2,10,3,2023,Summer,Holi,Electronics,Smartphone Redmi,8500,10999,29.4,5,10,10,7,170.0,0.91,816000,1003108.8,187108.8,96
2023-03-08,8,2,10,3,2023,Summer,Holi,Grocery,Basmati Rice 5kg,180,225,25.0,0,103,50,3,3.6,0.79,17280,21600.0,4320.0,96
2023-03-08,8,2,10,3,2023,Summer,Holi,Grocery,Christmas Cake,180,320,77.78,10,111,30,2,3.6,0.88,35280,56448.0,21168.0,196
2023-03-08,8,2,10,3,2023,Summer,Holi,Electronics,Power Bank 10000mAh,650,1099,69.08,0,46,15,6,13.0,0.8,93600,158256.0,64656.0,144
2023-03-09,9,3,10,3,2023,Summer,None,Electronics,LED Bulb 9W,48,85,77.08,20,190,40,4,0.96,0.89,1152,1632.0,480.0,24
2023-03-09,9,3,10,3,2023,Summer,None,FMCG,Gulal Colors Set,35,75,114.29,0,589,200,2,0.7,0.71,4550,9750.0,5200.0,130
2023-03-09,9,3,10,3,2023,Summer,None,Stationery,Pen Blue Pack 10,25,40,60.0,5,756,200,2,0.5,0.73,425,646.0,221.0,17
2023-03-10,10,4,10,3,2023,Summer,Holi,FMCG,Biscuit Parle-G,8,12,50.0,0,995,200,2,0.16,0.91,1920,2880.0,960.0,240
2023-03-10,10,4,10,3,2023,Summer,Holi,Agriculture,Pesticide 500ml,180,245,36.11,5,32,20,5,3.6,0.7,7740,10008.25,2268.25,43
2023-03-10,10,4,10,3,2023,Summer,Holi,Stationery,Pen Blue Pack 10,25,40,60.0,0,999,200,2,0.5,0.71,2450,3920.0,1470.0,98
2023-03-10,10,4,10,3,2023,Summer,Holi,Fashion,Kurta Women,280,549,96.07,10,43,20,5,5.6,0.84,36400,64233.0,27833.0,130
2023-03-11,11,5,10,3,2023,Summer,None,Grocery,Eid Special Dates,280,450,60.71,0,193,40,4,5.6,0.8,10360,16650.0,6290.0,37
2023-03-11,11,5,10,3,2023,Summer,None,Stationery,Pen Blue Pack 10,25,40,60.0,0,278,200,2,0.5,0.76,1000,1600.0,600.0,40
2023-03-11,11,5,10,3,2023,Summer,None,FMCG,Kite + String,25,55,120.0,5,661,300,2,0.5,0.93,1500,3135.0,1635.0,60
2023-03-11,11,5,10,3,2023,Summer,None,Grocery,Sugar 1kg,42,54,28.57,0,274,100,2,0.84,0.96,2856,3672.0,816.0,68
2023-03-11,11,5,10,3,2023,Summer,None,Electronics,LED Bulb 9W,48,85,77.08,10,153,40,4,0.96,0.94,5712,9103.5,3391.5,119
2023-03-11,11,5,10,3,2023,Summer,None,FMCG,Soap Lux,22,32,45.45,0,285,150,3,0.44,0.92,660,960.0,300.0,30
2023-03-11,11,5,10,3,2023,Summer,None,FMCG,Puja Thali Set,125,245,96.0,10,177,50,3,2.5,0.81,16375,28885.5,12510.5,131
2023-03-11,11,5,10,3,2023,Summer,None,Grocery,Dal Toor 1kg,95,118,24.21,15,348,80,3,1.9,0.97,8360,8826.4,466.4,88
2023-03-12,12,6,10,3,2023,Summer,Holi,FMCG,Kite + String,25,55,120.0,0,1032,300,2,0.5,0.84,2000,4400.0,2400.0,80
2023-03-12,12,6,10,3,2023,Summer,Holi,FMCG,Biscuit Parle-G,8,12,50.0,10,340,200,2,0.16,0.74,2464,3326.4,862.4,308
2023-03-12,12,6,10,3,2023,Summer,Holi,Stationery,Eraser Pack,12,20,66.67,0,351,150,2,0.24,0.83,276,460.0,184.0,23
2023-03-12,12,6,10,3,2023,Summer,Holi,FMCG,Gulal Colors Set,35,75,114.29,10,689,200,2,0.7,0.72,13720,26460.0,12740.0,392
2023-03-12,12,6,10,3,2023,Summer,Holi,Grocery,Sunflower Oil 1L,120,148,23.33,20,89,60,4,2.4,0.87,9480,9353.6,-126.4,79
2023-03-13,13,0,11,3,2023,Summer,None,Electronics,Smartphone Redmi,8500,10999,29.4,5,42,10,7,170.0,0.94,68000,83592.4,15592.4,8
2023-03-13,13,0,11,3,2023,Summer,None,FMCG,Toothpaste Colgate,55,75,36.36,0,399,100,3,1.1,0.86,6820,9300.0,2480.0,124
2023-03-13,13,0,11,3,2023,Summer,None,Fashion,Jeans Men,450,899,99.78,0,51,20,6,9.0,0.96,11700,23374.0,11674.0,26
2023-03-13,13,0,11,3,2023,Summer,None,FMCG,Shampoo Head&Shoulders,85,115,35.29,20,323,80,4,1.7,0.84,3825,4140.0,315.0,45
2023-03-14,14,1,11,3,2023,Summer,None,FMCG,Biscuit Parle-G,8,12,50.0,10,330,200,2,0.16,0.96,152,205.2,53.2,19
2023-03-14,14,1,11,3,2023,Summer,None,FMCG,Cold Drink 500ml,20,30,50.0,0,274,200,2,0.4,0.87,400,600.0,200.0,20
2023-03-14,14,1,11,3,2023,Summer,None,Stationery,Pen Blue Pack 10,25,40,60.0,0,570,200,2,0.5,0.98,1725,2760.0,1035.0,69
2023-03-14,14,1,11,3,2023,Summer,None,FMCG,Dandiya Sticks,40,85,112.5,20,970,200,2,0.8,0.83,2360,4012.0,1652.0,59
2023-03-15,15,2,11,3,2023,Summer,None,Stationery,Pencil Box,35,55,57.14,20,145,80,3,0.7,0.84,1365,1716.0,351.0,39
2023-03-15,15,2,11,3,2023,Summer,None,Grocery,Wheat Flour 10kg,320,385,20.31,20,80,40,3,6.4,0.77,36160,34804.0,-1356.0,113
2023-03-15,15,2,11,3,2023,Summer,None,Electronics,Smartphone Redmi,8500,10999,29.4,10,14,10,7,170.0,0.83,518500,603845.1,85345.1,61
2023-03-15,15,2,11,3,2023,Summer,None,Stationery,Notebook A4,28,45,60.71,0,143,100,3,0.56,0.91,1428,2295.0,867.0,51
2023-03-15,15,2,11,3,2023,Summer,None,Agriculture,Fertilizer NPK 1kg,125,168,34.4,20,30,25,6,2.5,0.81,4125,4435.2,310.2,33
2023-03-16,16,3,11,3,2023,Summer,None,Electronics,Fan Table,850,1350,58.82,5,16,8,7,17.0,0.84,89250,134662.5,45412.5,105
2023-03-16,16,3,11,3,2023,Summer,None,Agriculture,Pesticide 500ml,180,245,36.11,0,88,20,5,3.6,0.86,18540,25235.0,6695.0,103
2023-03-16,16,3,11,3,2023,Summer,None,Fashion,Kurta Women,280,549,96.07,15,54,20,5,5.6,0.98,4200,6999.75,2799.75,15
2023-03-16,16,3,11,3,2023,Summer,None,Fashion,Jeans Men,450,899,99.78,20,49,20,6,9.0,0.79,24750,39556.0,14806.0,55
2023-03-16,16,3,11,3,2023,Summer,None,Fashion,Saree Cotton,350,699,99.71,0,37,15,7,7.0,0.99,16100,32154.0,16054.0,46
2023-03-16,16,3,11,3,2023,Summer,None,FMCG,Kite + String,25,55,120.0,0,1142,300,2,0.5,0.78,1900,4180.0,2280.0,76
2023-03-17,17,4,11,3,2023,Summer,Holi,Agriculture,Wheat Seeds 1kg,65,95,46.15,10,122,30,5,1.3,0.92,5135,6754.5,1619.5,79
2023-03-17,17,4,11,3,2023,Summer,Holi,Electronics,Smartphone Redmi,8500,10999,29.4,0,50,10,7,170.0,0.95,484500,626943.0,142443.0,57
2023-03-17,17,4,11,3,2023,Summer,Holi,FMCG,Shampoo Head&Shoulders,85,115,35.29,0,280,80,4,1.7,0.85,31110,42090.0,10980.0,366
2023-03-17,17,4,11,3,2023,Summer,Holi,Fashion,T-Shirt Men,180,349,93.89,0,73,30,5,3.6,0.74,35280,68404.0,33124.0,196
2023-03-17,17,4,11,3,2023,Summer,Holi,Grocery,Eid Special Dates,280,450,60.71,10,136,40,4,5.6,0.94,7280,10530.0,3250.0,26
2023-03-17,17,4,11,3,2023,Summer,Holi,Stationery,Notebook A4,28,45,60.71,5,230,100,3,0.56,0.98,112,171.0,59.0,4
2023-03-17,17,4,11,3,2023,Summer,Holi,Fashion,Saree Cotton,350,699,99.71,5,32,15,7,7.0,0.85,70000,132810.0,62810.0,200
2023-03-18,18,5,11,3,2023,Summer,None,Electronics,Smartphone Redmi,8500,10999,29.4,5,21,10,7,170.0,0.74,629000,773229.7,144229.7,74
2023-03-18,18,5,11,3,2023,Summer,None,Electronics,Fan Table,850,1350,58.82,20,12,8,7,17.0,0.78,14450,18360.0,3910.0,17
2023-03-18,18,5,11,3,2023,Summer,None,Grocery,Sugar 1kg,42,54,28.57,10,149,100,2,0.84,0.98,5040,5832.0,792.0,120
2023-03-18,18,5,11,3,2023,Summer,None,Agriculture,Wheat Seeds 1kg,65,95,46.15,15,144,30,5,1.3,0.9,5655,7025.25,1370.25,87
2023-03-18,18,5,11,3,2023,Summer,None,FMCG,Puja Thali Set,125,245,96.0,0,209,50,3,2.5,0.92,1250,2450.0,1200.0,10
2023-03-18,18,5,11,3,2023,Summer,None,FMCG,Biscuit Parle-G,8,12,50.0,0,425,200,2,0.16,0.89,904,1356.0,452.0,113
2023-03-19,19,6,11,3,2023,Summer,None,Electronics,Fan Table,850,1350,58.82,0,9,8,7,17.0,0.99,79050,125550.0,46500.0,93
2023-03-19,19,6,11,3,2023,Summer,None,FMCG,Dandiya Sticks,40,85,112.5,0,476,200,2,0.8,0.94,7200,15300.0,8100.0,180
2023-03-19,19,6,11,3,2023,Summer,None,Fashion,Shoes Casual,350,699,99.71,0,77,25,6,7.0,0.77,8750,17475.0,8725.0,25
2023-03-19,19,6,11,3,2023,Summer,None,Electronics,Power Bank 10000mAh,650,1099,69.08,5,73,15,6,13.0,0.77,38350,61598.95,23248.95,59
2023-03-19,19,6,11,3,2023,Summer,None,FMCG,Toothpaste Colgate,55,75,36.36,0,257,100,3,1.1,0.83,495,675.0,180.0,9
2023-03-19,19,6,11,3,2023,Summer,None,Grocery,Wheat Flour 10kg,320,385,20.31,20,99,40,3,6.4,0.73,30720,29568.0,-1152.0,96
2023-03-19,19,6,11,3,2023,Summer,None,Fashion,Saree Cotton,350,699,99.71,0,43,15,7,7.0,0.75,36400,72696.0,36296.0,104
2023-03-20,20,0,12,3,2023,Summer,None,Stationery,Pen Blue Pack 10,25,40,60.0,10,711,200,2,0.5,0.85,1200,1728.0,528.0,48
2023-03-20,20,0,12,3,2023,Summer,None,Grocery,Wheat Flour 10kg,320,385,20.31,5,135,40,3,6.4,0.74,28480,32551.75,4071.75,89
2023-03-20,20,0,12,3,2023,Summer,None,FMCG,Kite + String,25,55,120.0,0,1127,300,2,0.5,0.76,1850,4070.0,2220.0,74
2023-03-20,20,0,12,3,2023,Summer,None,Electronics,Fan Table,850,1350,58.82,0,23,8,7,17.0,0.91,61200,97200.0,36000.0,72
2023-03-20,20,0,12,3,2023,Summer,None,Electronics,Earphones Boat,350,599,71.14,0,80,20,5,7.0,0.99,29050,49717.0,20667.0,83
2023-03-20,20,0,12,3,2023,Summer,None,FMCG,Puja Thali Set,125,245,96.0,15,228,50,3,2.5,0.72,13875,23115.75,9240.75,111
2023-03-21,21,1,12,3,2023,Summer,None,Grocery,Wheat Flour 10kg,320,385,20.31,5,129,40,3,6.4,0.77,6720,7680.75,960.75,21
2023-03-21,21,1,12,3,2023,Summer,None,Stationery,Pen Blue Pack 10,25,40,60.0,0,372,200,2,0.5,0.77,1000,1600.0,600.0,40
2023-03-21,21,1,12,3,2023,Summer,None,Fashion,Shoes Casual,350,699,99.71,10,50,25,6,7.0,0.95,33250,59764.5,26514.5,95
2023-03-21,21,1,12,3,2023,Summer,None,Stationery,Notebook A4,28,45,60.71,5,217,100,3,0.56,0.73,1260,1923.75,663.75,45
2023-03-21,21,1,12,3,2023,Summer,None,Grocery,Eid Special Dates,280,450,60.71,0,181,40,4,5.6,0.72,6440,10350.0,3910.0,23
2023-03-21,21,1,12,3,2023,Summer,None,Grocery,Christmas Cake,180,320,77.78,0,87,30,2,3.6,0.74,21240,37760.0,16520.0,118
2023-03-21,21,1,12,3,2023,Summer,None,FMCG,Puja Thali Set,125,245,96.0,0,97,50,3,2.5,0.77,11000,21560.0,10560.0,88
2023-03-21,21,1,12,3,2023,Summer,None,Electronics,Earphones Boat,350,599,71.14,0,49,20,5,7.0,0.96,13650,23361.0,9711.0,39
2023-03-22,22,2,12,3,2023,Summer,Holi,Grocery,Sugar 1kg,42,54,28.57,10,151,100,2,0.84,0.78,1008,1166.4,158.4,24
2023-03-22,22,2,12,3,2023,Summer,Holi,Grocery,Eid Special Dates,280,450,60.71,20,158,40,4,5.6,0.87,15960,20520.0,4560.0,57
2023-03-22,22,2,12,3,2023,Summer,Holi,FMCG,Cold Drink 500ml,20,30,50.0,0,391,200,2,0.4,0.77,2620,3930.0,1310.0,131
2023-03-22,22,2,12,3,2023,Summer,Holi,Fashion,T-Shirt Men,180,349,93.89,0,128,30,5,3.6,0.78,24480,47464.0,22984.0,136
2023-03-22,22,2,12,3,2023,Summer,Holi,FMCG,Gulal Colors Set,35,75,114.29,20,258,200,2,0.7,0.82,1365,2340.0,975.0,39
2023-03-22,22,2,12,3,2023,Summer,Holi,Agriculture,Wheat Seeds 1kg,65,95,46.15,0,138,30,5,1.3,0.74,910,1330.0,420.0,14
2023-03-22,22,2,12,3,2023,Summer,Holi,FMCG,Detergent Surf 1kg,95,125,31.58,20,232,90,3,1.9,0.84,28785,30300.0,1515.0,303
2023-03-23,23,3,12,3,2023,Summer,None,FMCG,Cold Drink 500ml,20,30,50.0,0,741,200,2,0.4,0.94,140,210.0,70.0,7
2023-03-23,23,3,12,3,2023,Summer,None,FMCG,Soap Lux,22,32,45.45,15,563,150,3,0.44,0.97,1980,2448.0,468.0,90
2023-03-23,23,3,12,3,2023,Summer,None,Electronics,Power Bank 10000mAh,650,1099,69.08,5,53,15,6,13.0,0.87,65650,105449.05,39799.05,101
2023-03-23,23,3,12,3,2023,Summer,None,FMCG,Detergent Surf 1kg,95,125,31.58,20,358,90,3,1.9,0.98,9405,9900.0,495.0,99
2023-03-23,23,3,12,3,2023,Summer,None,Grocery,Sunflower Oil 1L,120,148,23.33,0,92,60,4,2.4,0.94,13200,16280.0,3080.0,110
2023-03-23,23,3,12,3,2023,Summer,None,Grocery,Salt 1kg,18,25,38.89,0,308,120,2,0.36,0.95,360,500.0,140.0,20
2023-03-24,24,4,12,3,2023,Summer,None,Stationery,Eraser Pack,12,20,66.67,0,166,150,2,0.24,0.76,756,1260.0,504.0,63
2023-03-24,24,4,12,3,2023,Summer,None,Stationery,Pen Blue Pack 10,25,40,60.0,20,804,200,2,0.5,0.94,600,768.0,168.0,24
2023-03-24,24,4,12,3,2023,Summer,None,Fashion,Jeans Men,450,899,99.78,15,58,20,6,9.0,0.82,13500,22924.5,9424.5,30
2023-03-25,25,5,12,3,2023,Summer,None,Grocery,Wheat Flour 10kg,320,385,20.31,5,92,40,3,6.4,0.84,35200,40232.5,5032.5,110
2023-03-25,25,5,12,3,2023,Summer,None,Electronics,USB Cable,45,89,97.78,5,87,50,4,0.9,0.97,855,1606.45,751.45,19
2023-03-25,25,5,12,3,2023,Summer,None,Agriculture,Fertilizer NPK 1kg,125,168,34.4,0,69,25,6,2.5,0.84,8375,11256.0,2881.0,67
2023-03-25,25,5,12,3,2023,Summer,None,Electronics,LED Bulb 9W,48,85,77.08,5,115,40,4,0.96,0.81,4704,7913.5,3209.5,98
2023-03-26,26,6,12,3,2023,Summer,Holi,FMCG,Dandiya Sticks,40,85,112.5,0,928,200,2,0.8,0.87,4280,9095.0,4815.0,107
2023-03-26,26,6,12,3,2023,Summer,Holi,FMCG,Gulal Colors Set,35,75,114.29,0,845,200,2,0.7,0.86,2065,4425.0,2360.0,59
2023-03-26,26,6,12,3,2023,Summer,Holi,Grocery,Sunflower Oil 1L,120,148,23.33,0,264,60,4,2.4,0.88,19560,24124.0,4564.0,163
2023-03-26,26,6,12,3,2023,Summer,Holi,Grocery,Eid Special Dates,280,450,60.71,0,53,40,4,5.6,0.94,32200,51750.0,19550.0,115
2023-03-26,26,6,12,3,2023,Summer,Holi,Grocery,Salt 1kg,18,25,38.89,10,508,120,2,0.36,0.85,1134,1417.5,283.5,63
2023-03-26,26,6,12,3,2023,Summer,Holi,Fashion,Shoes Casual,350,699,99.71,20,124,25,6,7.0,0.86,67200,107366.4,40166.4,192
2023-03-26,26,6,12,3,2023,Summer,Holi,Fashion,Kurta Women,280,549,96.07,15,39,20,5,5.6,0.98,72800,121329.0,48529.0,260
2023-03-27,27,0,13,3,2023,Summer,Holi,Fashion,Kurta Women,280,549,96.07,0,25,20,5,5.6,0.79,35280,69174.0,33894.0,126
2023-03-27,27,0,13,3,2023,Summer,Holi,Agriculture,Fertilizer NPK 1kg,125,168,34.4,0,49,25,6,2.5,0.83,4500,6048.0,1548.0,36
2023-03-27,27,0,13,3,2023,Summer,Holi,Electronics,Fan Table,850,1350,58.82,20,24,8,7,17.0,1.0,35700,45360.0,9660.0,42
2023-03-27,27,0,13,3,2023,Summer,Holi,FMCG,Toothpaste Colgate,55,75,36.36,0,183,100,3,1.1,0.96,1815,2475.0,660.0,33
2023-03-27,27,0,13,3,2023,Summer,Holi,FMCG,Kite + String,25,55,120.0,0,748,300,2,0.5,0.84,10425,22935.0,12510.0,417
2023-03-27,27,0,13,3,2023,Summer,Holi,Electronics,Smartphone Redmi,8500,10999,29.4,0,39,10,7,170.0,0.94,884000,1143896.0,259896.0,104
2023-03-28,28,1,13,3,2023,Summer,None,Stationery,Notebook A4,28,45,60.71,20,267,100,3,0.56,0.86,1484,1908.0,424.0,53
2023-03-28,28,1,13,3,2023,Summer,None,FMCG,Gulal Colors Set,35,75,114.29,15,485,200,2,0.7,0.94,4550,8287.5,3737.5,130
2023-03-28,28,1,13,3,2023,Summer,None,Electronics,LED Bulb 9W,48,85,77.08,20,45,40,4,0.96,0.83,2304,3264.0,960.0,48
2023-03-28,28,1,13,3,2023,Summer,None,Grocery,Eid Special Dates,280,450,60.71,0,116,40,4,5.6,0.85,21560,34650.0,13090.0,77
2023-03-28,28,1,13,3,2023,Summer,None,FMCG,Dandiya Sticks,40,85,112.5,15,805,200,2,0.8,0.79,2960,5346.5,2386.5,74
2023-03-29,29,2,13,3,2023,Summer,None,FMCG,Biscuit Parle-G,8,12,50.0,0,717,200,2,0.16,0.81,232,348.0,116.0,29
2023-03-29,29,2,13,3,2023,Summer,None,FMCG,Toothpaste Colgate,55,75,36.36,15,269,100,3,1.1,0.79,4785,5546.25,761.25,87
2023-03-29,29,2,13,3,2023,Summer,None,FMCG,Dandiya Sticks,40,85,112.5,0,878,200,2,0.8,0.72,1680,3570.0,1890.0,42
2023-03-29,29,2,13,3,2023,Summer,None,Electronics,USB Cable,45,89,97.78,0,160,50,4,0.9,0.75,765,1513.0,748.0,17
2023-03-29,29,2,13,3,2023,Summer,None,Electronics,Power Bank 10000mAh,650,1099,69.08,5,38,15,6,13.0,0.74,7150,11484.55,4334.55,11
2023-03-30,30,3,13,3,2023,Summer,None,FMCG,Puja Thali Set,125,245,96.0,20,206,50,3,2.5,0.94,6375,9996.0,3621.0,51
2023-03-30,30,3,13,3,2023,Summer,None,Stationery,Pencil Box,35,55,57.14,0,383,80,3,0.7,0.81,980,1540.0,560.0,28
2023-03-30,30,3,13,3,2023,Summer,None,Grocery,Christmas Cake,180,320,77.78,0,131,30,2,3.6,0.92,3420,6080.0,2660.0,19
2023-03-30,30,3,13,3,2023,Summer,None,Electronics,Earphones Boat,350,599,71.14,0,31,20,5,7.0,0.98,37800,64692.0,26892.0,108
2023-03-31,31,4,13,3,2023,Summer,None,FMCG,Toothpaste Colgate,55,75,36.36,0,144,100,3,1.1,0.71,4730,6450.0,1720.0,86
2023-03-31,31,4,13,3,2023,Summer,None,Grocery,Sugar 1kg,42,54,28.57,0,398,100,2,0.84,0.72,2310,2970.0,660.0,55
2023-03-31,31,4,13,3,2023,Summer,None,Grocery,Basmati Rice 5kg,180,225,25.0,0,99,50,3,3.6,0.94,1260,1575.0,315.0,7
2023-03-31,31,4,13,3,2023,Summer,None,FMCG,Gulal Colors Set,35,75,114.29,5,807,200,2,0.7,0.79,3185,6483.75,3298.75,91
2023-03-31,31,4,13,3,2023,Summer,None,FMCG,Cold Drink 500ml,20,30,50.0,20,827,200,2,0.4,0.79,1920,2304.0,384.0,96
2023-03-31,31,4,13,3,2023,Summer,None,Grocery,Sunflower Oil 1L,120,148,23.33,0,126,60,4,2.4,0.75,11160,13764.0,2604.0,93
2023-03-31,31,4,13,3,2023,Summer,None,FMCG,Shampoo Head&Shoulders,85,115,35.29,20,390,80,4,1.7,0.77,8075,8740.0,665.0,95
2023-03-31,31,4,13,3,2023,Summer,None,Grocery,Christmas Cake,180,320,77.78,0,73,30,2,3.6,0.9,2160,3840.0,1680.0,12
2023-04-01,1,5,13,4,2023,Summer,None,FMCG,Gulal Colors Set,35,75,114.29,0,415,200,2,0.7,0.77,3430,7350.0,3920.0,98
2023-04-01,1,5,13,4,2023,Summer,None,Agriculture,Fertilizer NPK 1kg,125,168,34.4,0,32,25,6,2.5,0.88,4000,5376.0,1376.0,32
2023-04-01,1,5,13,4,2023,Summer,None,Fashion,Shoes Casual,350,699,99.71,0,82,25,6,7.0,0.74,11200,22368.0,11168.0,32
2023-04-01,1,5,13,4,2023,Summer,None,FMCG,Diya Set 12pc,48,95,97.92,15,490,150,2,0.96,0.91,1248,2099.5,851.5,26
2023-04-01,1,5,13,4,2023,Summer,None,Fashion,Jeans Men,450,899,99.78,10,75,20,6,9.0,0.82,28800,51782.4,22982.4,64
2023-04-01,1,5,13,4,2023,Summer,None,Fashion,T-Shirt Men,180,349,93.89,15,68,30,5,3.6,0.98,24660,40641.05,15981.05,137
2023-04-01,1,5,13,4,2023,Summer,None,Stationery,Pencil Box,35,55,57.14,0,266,80,3,0.7,0.75,3360,5280.0,1920.0,96
2023-04-01,1,5,13,4,2023,Summer,None,Electronics,Earphones Boat,350,599,71.14,0,24,20,5,7.0,0.95,27650,47321.0,19671.0,79
2023-04-02,2,6,13,4,2023,Summer,None,Stationery,Pen Blue Pack 10,25,40,60.0,20,534,200,2,0.5,0.92,1575,2016.0,441.0,63
2023-04-02,2,6,13,4,2023,Summer,None,FMCG,Cold Drink 500ml,20,30,50.0,15,969,200,2,0.4,0.87,2640,3366.0,726.0,132
2023-04-02,2,6,13,4,2023,Summer,None,FMCG,Puja Thali Set,125,245,96.0,15,250,50,3,2.5,0.75,5875,9787.75,3912.75,47
2023-04-02,2,6,13,4,2023,Summer,None,Agriculture,Pesticide 500ml,180,245,36.11,0,62,20,5,3.6,0.74,14580,19845.0,5265.0,81
2023-04-02,2,6,13,4,2023,Summer,None,Stationery,Pencil Box,35,55,57.14,0,333,80,3,0.7,0.99,1715,2695.0,980.0,49
2023-04-03,3,0,14,4,2023,Summer,None,FMCG,Cold Drink 500ml,20,30,50.0,15,581,200,2,0.4,0.8,1740,2218.5,478.5,87
2023-04-03,3,0,14,4,2023,Summer,None,Stationery,Eraser Pack,12,20,66.67,0,663,150,2,0.24,0.76,948,1580.0,632.0,79
2023-04-03,3,0,14,4,2023,Summer,None,Grocery,Sunflower Oil 1L,120,148,23.33,0,279,60,4,2.4,0.92,8400,10360.0,1960.0,70
2023-04-03,3,0,14,4,2023,Summer,None,Grocery,Basmati Rice 5kg,180,225,25.0,10,185,50,3,3.6,1.0,10080,11340.0,1260.0,56
2023-04-04,4,1,14,4,2023,Summer,Eid,Electronics,Smartphone Redmi,8500,10999,29.4,5,14,10,7,170.0,0.84,1615000,1985319.5,370319.5,190
2023-04-04,4,1,14,4,2023,Summer,Eid,Agriculture,Wheat Seeds 1kg,65,95,46.15,5,107,30,5,1.3,0.87,6240,8664.0,2424.0,96
2023-04-04,4,1,14,4,2023,Summer,Eid,Grocery,Sunflower Oil 1L,120,148,23.33,0,127,60,4,2.4,0.79,26280,32412.0,6132.0,219
2023-04-04,4,1,14,4,2023,Summer,Eid,Agriculture,Pesticide 500ml,180,245,36.11,15,94,20,5,3.6,0.78,2340,2707.25,367.25,13
2023-04-04,4,1,14,4,2023,Summer,Eid,Fashion,T-Shirt Men,180,349,93.89,0,35,30,5,3.6,0.77,3240,6282.0,3042.0,18
2023-04-04,4,1,14,4,2023,Summer,Eid,FMCG,Kite + String,25,55,120.0,20,304,300,2,0.5,0.83,4475,7876.0,3401.0,179
2023-04-04,4,1,14,4,2023,Summer,Eid,FMCG,Dandiya Sticks,40,85,112.5,0,759,200,2,0.8,0.98,5240,11135.0,5895.0,131
2023-04-05,5,2,14,4,2023,Summer,None,FMCG,Diya Set 12pc,48,95,97.92,10,715,150,2,0.96,0.79,2496,4446.0,1950.0,52
2023-04-05,5,2,14,4,2023,Summer,None,Fashion,Jeans Men,450,899,99.78,0,69,20,6,9.0,0.87,23850,47647.0,23797.0,53
2023-04-05,5,2,14,4,2023,Summer,None,Grocery,Sugar 1kg,42,54,28.57,0,202,100,2,0.84,0.7,1596,2052.0,456.0,38
2023-04-06,6,3,14,4,2023,Summer,Ram Navami,Grocery,Dal Toor 1kg,95,118,24.21,0,292,80,3,1.9,0.75,8360,10384.0,2024.0,88
2023-04-06,6,3,14,4,2023,Summer,Ram Navami,Fashion,Kurta Women,280,549,96.07,5,66,20,5,5.6,0.73,17080,31814.55,14734.55,61
2023-04-06,6,3,14,4,2023,Summer,Ram Navami,Electronics,Power Bank 10000mAh,650,1099,69.08,0,59,15,6,13.0,0.86,72150,121989.0,49839.0,111
2023-04-06,6,3,14,4,2023,Summer,Ram Navami,FMCG,Gulal Colors Set,35,75,114.29,0,324,200,2,0.7,0.96,1295,2775.0,1480.0,37
2023-04-06,6,3,14,4,2023,Summer,Ram Navami,Grocery,Wheat Flour 10kg,320,385,20.31,0,109,40,3,6.4,0.99,17920,21560.0,3640.0,56
2023-04-06,6,3,14,4,2023,Summer,Ram Navami,FMCG,Biscuit Parle-G,8,12,50.0,0,712,200,2,0.16,0.93,1048,1572.0,524.0,131
2023-04-07,7,4,14,4,2023,Summer,None,Agriculture,Pesticide 500ml,180,245,36.11,0,44,20,5,3.6,0.86,5940,8085.0,2145.0,33
2023-04-07,7,4,14,4,2023,Summer,None,FMCG,Diya Set 12pc,48,95,97.92,0,238,150,2,0.96,1.0,624,1235.0,611.0,13
2023-04-07,7,4,14,4,2023,Summer,None,FMCG,Soap Lux,22,32,45.45,0,684,150,3,0.44,0.94,748,1088.0,340.0,34
2023-04-07,7,4,14,4,2023,Summer,None,FMCG,Gulal Colors Set,35,75,114.29,10,975,200,2,0.7,0.89,1610,3105.0,1495.0,46
2023-04-07,7,4,14,4,2023,Summer,None,Electronics,Fan Table,850,1350,58.82,0,35,8,7,17.0,0.73,69700,110700.0,41000.0,82
2023-04-07,7,4,14,4,2023,Summer,None,Grocery,Dal Toor 1kg,95,118,24.21,10,177,80,3,1.9,0.89,6555,7327.8,772.8,69
2023-04-07,7,4,14,4,2023,Summer,None,Fashion,Shoes Casual,350,699,99.71,5,33,25,6,7.0,0.99,39550,75037.65,35487.65,113
2023-04-08,8,5,14,4,2023,Summer,None,Electronics,USB Cable,45,89,97.78,0,196,50,4,0.9,0.81,4770,9434.0,4664.0,106
2023-04-08,8,5,14,4,2023,Summer,None,FMCG,Puja Thali Set,125,245,96.0,15,156,50,3,2.5,0.92,14500,24157.0,9657.0,116
2023-04-08,8,5,14,4,2023,Summer,None,FMCG,Dandiya Sticks,40,85,112.5,0,287,200,2,0.8,0.74,4320,9180.0,4860.0,108
2023-04-08,8,5,14,4,2023,Summer,None,Agriculture,Pesticide 500ml,180,245,36.11,0,34,20,5,3.6,0.88,21960,29890.0,7930.0,122
2023-04-08,8,5,14,4,2023,Summer,None,Stationery,Pen Blue Pack 10,25,40,60.0,5,764,200,2,0.5,0.92,2425,3686.0,1261.0,97
2023-04-08,8,5,14,4,2023,Summer,None,Fashion,Saree Cotton,350,699,99.71,0,17,15,7,7.0,0.94,12250,24465.0,12215.0,35
2023-04-08,8,5,14,4,2023,Summer,None,Stationery,Notebook A4,28,45,60.71,15,374,100,3,0.56,0.95,1568,2142.0,574.0,56
2023-04-08,8,5,14,4,2023,Summer,None,FMCG,Biscuit Parle-G,8,12,50.0,0,256,200,2,0.16,0.98,168,252.0,84.0,21
2023-04-09,9,6,14,4,2023,Summer,None,FMCG,Shampoo Head&Shoulders,85,115,35.29,0,233,80,4,1.7,0.82,2465,3335.0,870.0,29
2023-04-09,9,6,14,4,2023,Summer,None,Electronics,LED Bulb 9W,48,85,77.08,0,63,40,4,0.96,0.96,3600,6375.0,2775.0,75
2023-04-09,9,6,14,4,2023,Summer,None,Stationery,Pen Blue Pack 10,25,40,60.0,10,297,200,2,0.5,0.99,550,792.0,242.0,22
2023-04-09,9,6,14,4,2023,Summer,None,FMCG,Toothpaste Colgate,55,75,36.36,20,163,100,3,1.1,0.75,5005,5460.0,455.0,91
2023-04-09,9,6,14,4,2023,Summer,None,Electronics,Fan Table,850,1350,58.82,0,22,8,7,17.0,0.71,147050,233550.0,86500.0,173
2023-04-09,9,6,14,4,2023,Summer,None,Fashion,Kurta Women,280,549,96.07,0,30,20,5,5.6,0.94,38920,76311.0,37391.0,139
2023-04-09,9,6,14,4,2023,Summer,None,Stationery,Eraser Pack,12,20,66.67,10,709,150,2,0.24,0.79,1500,2250.0,750.0,125
2023-04-09,9,6,14,4,2023,Summer,None,Grocery,Sunflower Oil 1L,120,148,23.33,10,163,60,4,2.4,0.93,7800,8658.0,858.0,65
2023-04-10,10,0,15,4,2023,Summer,None,Fashion,Jeans Men,450,899,99.78,0,32,20,6,9.0,0.98,5400,10788.0,5388.0,12
2023-04-10,10,0,15,4,2023,Summer,None,Stationery,Eraser Pack,12,20,66.67,10,638,150,2,0.24,0.71,48,72.0,24.0,4
2023-04-10,10,0,15,4,2023,Summer,None,Grocery,Dal Toor 1kg,95,118,24.21,20,134,80,3,1.9,0.78,6460,6419.2,-40.8,68
2023-04-11,11,1,15,4,2023,Summer,None,FMCG,Dandiya Sticks,40,85,112.5,0,925,200,2,0.8,0.74,3720,7905.0,4185.0,93
2023-04-11,11,1,15,4,2023,Summer,None,Electronics,Power Bank 10000mAh,650,1099,69.08,15,41,15,6,13.0,0.7,61100,87810.1,26710.1,94
2023-04-11,11,1,15,4,2023,Summer,None,Grocery,Dal Toor 1kg,95,118,24.21,10,176,80,3,1.9,0.85,5320,5947.2,627.2,56
2023-04-11,11,1,15,4,2023,Summer,None,Fashion,Kurta Women,280,549,96.07,0,98,20,5,5.6,0.9,4200,8235.0,4035.0,15
2023-04-11,11,1,15,4,2023,Summer,None,FMCG,Detergent Surf 1kg,95,125,31.58,0,159,90,3,1.9,0.82,10070,13250.0,3180.0,106
2023-04-11,11,1,15,4,2023,Summer,None,FMCG,Cold Drink 500ml,20,30,50.0,10,494,200,2,0.4,0.78,2140,2889.0,749.0,107
2023-04-11,11,1,15,4,2023,Summer,None,FMCG,Biscuit Parle-G,8,12,50.0,10,461,200,2,0.16,0.89,280,378.0,98.0,35
2023-04-12,12,2,15,4,2023,Summer,None,Grocery,Basmati Rice 5kg,180,225,25.0,20,221,50,3,3.6,0.77,16920,16920.0,0.0,94
2023-04-12,12,2,15,4,2023,Summer,None,FMCG,Soap Lux,22,32,45.45,15,405,150,3,0.44,0.92,308,380.8,72.8,14
2023-04-12,12,2,15,4,2023,Summer,None,Stationery,Pencil Box,35,55,57.14,15,148,80,3,0.7,0.99,560,748.0,188.0,16
2023-04-12,12,2,15,4,2023,Summer,None,Electronics,Smartphone Redmi,8500,10999,29.4,0,23,10,7,170.0,0.92,246500,318971.0,72471.0,29
2023-04-12,12,2,15,4,2023,Summer,None,Electronics,LED Bulb 9W,48,85,77.08,20,127,40,4,0.96,0.76,384,544.0,160.0,8
2023-04-12,12,2,15,4,2023,Summer,None,FMCG,Shampoo Head&Shoulders,85,115,35.29,0,143,80,4,1.7,0.96,3400,4600.0,1200.0,40
2023-04-13,13,3,15,4,2023,Summer,None,Stationery,Eraser Pack,12,20,66.67,20,511,150,2,0.24,0.76,252,336.0,84.0,21
2023-04-13,13,3,15,4,2023,Summer,None,Stationery,Pen Blue Pack 10,25,40,60.0,15,480,200,2,0.5,0.83,950,1292.0,342.0,38
2023-04-13,13,3,15,4,2023,Summer,None,FMCG,Crackers Box,200,380,90.0,0,181,100,3,4.0,0.72,1400,2660.0,1260.0,7
2023-04-13,13,3,15,4,2023,Summer,None,Electronics,Fan Table,850,1350,58.82,20,26,8,7,17.0,0.76,16150,20520.0,4370.0,19
2023-04-13,13,3,15,4,2023,Summer,None,Agriculture,Fertilizer NPK 1kg,125,168,34.4,0,60,25,6,2.5,0.75,5625,7560.0,1935.0,45
2023-04-14,14,4,15,4,2023,Summer,None,FMCG,Gulal Colors Set,35,75,114.29,0,660,200,2,0.7,0.76,2555,5475.0,2920.0,73
2023-04-14,14,4,15,4,2023,Summer,None,FMCG,Crackers Box,200,380,90.0,20,299,100,3,4.0,0.78,14600,22192.0,7592.0,73
2023-04-14,14,4,15,4,2023,Summer,None,Grocery,Salt 1kg,18,25,38.89,5,188,120,2,0.36,0.71,810,1068.75,258.75,45
2023-04-15,15,5,15,4,2023,Summer,None,FMCG,Puja Thali Set,125,245,96.0,0,144,50,3,2.5,0.86,4500,8820.0,4320.0,36
2023-04-15,15,5,15,4,2023,Summer,None,Stationery,Pen Blue Pack 10,25,40,60.0,15,874,200,2,0.5,0.85,525,714.0,189.0,21
2023-04-15,15,5,15,4,2023,Summer,None,Electronics,USB Cable,45,89,97.78,0,195,50,4,0.9,0.99,3960,7832.0,3872.0,88
2023-04-15,15,5,15,4,2023,Summer,None,FMCG,Dandiya Sticks,40,85,112.5,0,458,200,2,0.8,0.94,3400,7225.0,3825.0,85
2023-04-16,16,6,15,4,2023,Summer,Ram Navami,FMCG,Dandiya Sticks,40,85,112.5,10,398,200,2,0.8,0.76,4520,8644.5,4124.5,113
2023-04-16,16,6,15,4,2023,Summer,Ram Navami,Grocery,Eid Special Dates,280,450,60.71,15,148,40,4,5.6,0.78,34160,46665.0,12505.0,122
2023-04-16,16,6,15,4,2023,Summer,Ram Navami,FMCG,Crackers Box,200,380,90.0,20,421,100,3,4.0,0.82,23600,35872.0,12272.0,118
2023-04-16,16,6,15,4,2023,Summer,Ram Navami,FMCG,Cold Drink 500ml,20,30,50.0,20,298,200,2,0.4,0.81,4640,5568.0,928.0,232
2023-04-16,16,6,15,4,2023,Summer,Ram Navami,FMCG,Puja Thali Set,125,245,96.0,10,133,50,3,2.5,0.71,12750,22491.0,9741.0,102
2023-04-16,16,6,15,4,2023,Summer,Ram Navami,Grocery,Basmati Rice 5kg,180,225,25.0,0,111,50,3,3.6,0.86,22680,28350.0,5670.0,126
2023-04-16,16,6,15,4,2023,Summer,Ram Navami,FMCG,Toothpaste Colgate,55,75,36.36,5,387,100,3,1.1,0.7,5335,6911.25,1576.25,97
2023-04-16,16,6,15,4,2023,Summer,Ram Navami,FMCG,Gulal Colors Set,35,75,114.29,0,340,200,2,0.7,0.77,1890,4050.0,2160.0,54
2023-04-17,17,0,16,4,2023,Summer,None,Electronics,Earphones Boat,350,599,71.14,15,90,20,5,7.0,0.83,5950,8655.55,2705.55,17
2023-04-17,17,0,16,4,2023,Summer,None,Agriculture,Pesticide 500ml,180,245,36.11,0,47,20,5,3.6,0.81,8280,11270.0,2990.0,46
2023-04-17,17,0,16,4,2023,Summer,None,Stationery,Eraser Pack,12,20,66.67,0,568,150,2,0.24,0.74,384,640.0,256.0,32
2023-04-18,18,1,16,4,2023,Summer,None,Grocery,Christmas Cake,180,320,77.78,10,62,30,2,3.6,0.94,4140,6624.0,2484.0,23
2023-04-18,18,1,16,4,2023,Summer,None,Agriculture,Fertilizer NPK 1kg,125,168,34.4,10,113,25,6,2.5,0.78,4625,5594.4,969.4,37
2023-04-18,18,1,16,4,2023,Summer,None,Electronics,Earphones Boat,350,599,71.14,0,82,20,5,7.0,0.95,2800,4792.0,1992.0,8
2023-04-18,18,1,16,4,2023,Summer,None,Grocery,Dal Toor 1kg,95,118,24.21,0,131,80,3,1.9,0.73,8740,10856.0,2116.0,92
2023-04-18,18,1,16,4,2023,Summer,None,Fashion,Kurta Women,280,549,96.07,10,55,20,5,5.6,0.7,14280,25199.1,10919.1,51
2023-04-19,19,2,16,4,2023,Summer,Eid,Fashion,Shoes Casual,350,699,99.71,20,30,25,6,7.0,0.92,28350,45295.2,16945.2,81
2023-04-19,19,2,16,4,2023,Summer,Eid,Grocery,Christmas Cake,180,320,77.78,0,67,30,2,3.6,0.84,15120,26880.0,11760.0,84
2023-04-19,19,2,16,4,2023,Summer,Eid,Agriculture,Fertilizer NPK 1kg,125,168,34.4,15,42,25,6,2.5,0.71,8875,10138.8,1263.8,71
2023-04-19,19,2,16,4,2023,Summer,Eid,FMCG,Detergent Surf 1kg,95,125,31.58,15,243,90,3,1.9,0.95,9025,10093.75,1068.75,95
2023-04-19,19,2,16,4,2023,Summer,Eid,Grocery,Wheat Flour 10kg,320,385,20.31,5,80,40,3,6.4,0.84,25280,28894.25,3614.25,79
2023-04-19,19,2,16,4,2023,Summer,Eid,FMCG,Biscuit Parle-G,8,12,50.0,0,745,200,2,0.16,0.75,640,960.0,320.0,80
2023-04-19,19,2,16,4,2023,Summer,Eid,FMCG,Crackers Box,200,380,90.0,20,491,100,3,4.0,0.75,31600,48032.0,16432.0,158
2023-04-19,19,2,16,4,2023,Summer,Eid,Fashion,Kurta Women,280,549,96.07,0,75,20,5,5.6,0.77,23520,46116.0,22596.0,84
2023-04-20,20,3,16,4,2023,Summer,None,Electronics,Fan Table,850,1350,58.82,10,18,8,7,17.0,0.95,69700,99630.0,29930.0,82
2023-04-20,20,3,16,4,2023,Summer,None,FMCG,Crackers Box,200,380,90.0,10,210,100,3,4.0,0.99,25000,42750.0,17750.0,125
2023-04-20,20,3,16,4,2023,Summer,None,FMCG,Dandiya Sticks,40,85,112.5,5,655,200,2,0.8,0.78,1800,3633.75,1833.75,45
2023-04-20,20,3,16,4,2023,Summer,None,Grocery,Christmas Cake,180,320,77.78,0,132,30,2,3.6,0.93,9360,16640.0,7280.0,52
2023-04-21,21,4,16,4,2023,Summer,None,Electronics,Smartphone Redmi,8500,10999,29.4,10,47,10,7,170.0,0.73,960500,1118598.3,158098.3,113
2023-04-21,21,4,16,4,2023,Summer,None,Stationery,Pencil Box,35,55,57.14,15,197,80,3,0.7,0.92,910,1215.5,305.5,26
2023-04-21,21,4,16,4,2023,Summer,None,Fashion,T-Shirt Men,180,349,93.89,10,80,30,5,3.6,0.97,4500,7852.5,3352.5,25
2023-04-22,22,5,16,4,2023,Summer,None,FMCG,Shampoo Head&Shoulders,85,115,35.29,10,203,80,4,1.7,0.86,15215,18526.5,3311.5,179
2023-04-22,22,5,16,4,2023,Summer,None,Grocery,Sugar 1kg,42,54,28.57,0,147,100,2,0.84,0.78,3696,4752.0,1056.0,88
2023-04-22,22,5,16,4,2023,Summer,None,FMCG,Crackers Box,200,380,90.0,0,191,100,3,4.0,0.71,26800,50920.0,24120.0,134
2023-04-22,22,5,16,4,2023,Summer,None,FMCG,Cold Drink 500ml,20,30,50.0,5,425,200,2,0.4,0.91,1100,1567.5,467.5,55
2023-04-22,22,5,16,4,2023,Summer,None,Electronics,USB Cable,45,89,97.78,0,163,50,4,0.9,0.72,5355,10591.0,5236.0,119
2023-04-22,22,5,16,4,2023,Summer,None,Grocery,Christmas Cake,180,320,77.78,15,127,30,2,3.6,0.8,20160,30464.0,10304.0,112
2023-04-22,22,5,16,4,2023,Summer,None,Electronics,Power Bank 10000mAh,650,1099,69.08,0,36,15,6,13.0,0.71,61100,103306.0,42206.0,94
2023-04-23,23,6,16,4,2023,Summer,Eid,Grocery,Wheat Flour 10kg,320,385,20.31,0,65,40,3,6.4,0.83,36800,44275.0,7475.0,115
2023-04-23,23,6,16,4,2023,Summer,Eid,Grocery,Dal Toor 1kg,95,118,24.21,10,389,80,3,1.9,0.71,16245,18160.2,1915.2,171
2023-04-23,23,6,16,4,2023,Summer,Eid,Fashion,Saree Cotton,350,699,99.71,0,58,15,7,7.0,0.73,76300,152382.0,76082.0,218
2023-04-24,24,0,17,4,2023,Summer,Eid,Fashion,T-Shirt Men,180,349,93.89,0,66,30,5,3.6,0.85,19800,38390.0,18590.0,110
2023-04-24,24,0,17,4,2023,Summer,Eid,Grocery,Christmas Cake,180,320,77.78,20,90,30,2,3.6,0.71,5040,7168.0,2128.0,28
2023-04-24,24,0,17,4,2023,Summer,Eid,Electronics,LED Bulb 9W,48,85,77.08,5,193,40,4,0.96,0.71,5616,9447.75,3831.75,117
2023-04-24,24,0,17,4,2023,Summer,Eid,FMCG,Detergent Surf 1kg,95,125,31.58,15,283,90,3,1.9,0.8,13490,15087.5,1597.5,142
2023-04-24,24,0,17,4,2023,Summer,Eid,Grocery,Dal Toor 1kg,95,118,24.21,0,344,80,3,1.9,0.78,4370,5428.0,1058.0,46
2023-04-24,24,0,17,4,2023,Summer,Eid,FMCG,Toothpaste Colgate,55,75,36.36,0,162,100,3,1.1,0.77,9460,12900.0,3440.0,172
2023-04-24,24,0,17,4,2023,Summer,Eid,FMCG,Gulal Colors Set,35,75,114.29,0,529,200,2,0.7,0.81,4410,9450.0,5040.0,126
2023-04-25,25,1,17,4,2023,Summer,None,Stationery,Notebook A4,28,45,60.71,5,120,100,3,0.56,0.89,308,470.25,162.25,11
2023-04-25,25,1,17,4,2023,Summer,None,Fashion,Jeans Men,450,899,99.78,0,72,20,6,9.0,0.88,29250,58435.0,29185.0,65
2023-04-25,25,1,17,4,2023,Summer,None,FMCG,Detergent Surf 1kg,95,125,31.58,10,271,90,3,1.9,0.94,11495,13612.5,2117.5,121
2023-04-26,26,2,17,4,2023,Summer,Ram Navami,FMCG,Crackers Box,200,380,90.0,20,300,100,3,4.0,0.78,5800,8816.0,3016.0,29
2023-04-26,26,2,17,4,2023,Summer,Ram Navami,FMCG,Cold Drink 500ml,20,30,50.0,10,741,200,2,0.4,0.92,1040,1404.0,364.0,52
2023-04-26,26,2,17,4,2023,Summer,Ram Navami,FMCG,Shampoo Head&Shoulders,85,115,35.29,0,170,80,4,1.7,0.86,8670,11730.0,3060.0,102
2023-04-27,27,3,17,4,2023,Summer,None,FMCG,Puja Thali Set,125,245,96.0,0,89,50,3,2.5,0.9,10250,20090.0,9840.0,82
2023-04-27,27,3,17,4,2023,Summer,None,Electronics,Power Bank 10000mAh,650,1099,69.08,0,33,15,6,13.0,0.92,57200,96712.0,39512.0,88
2023-04-27,27,3,17,4,2023,Summer,None,FMCG,Crackers Box,200,380,90.0,10,441,100,3,4.0,0.92,26600,45486.0,18886.0,133
2023-04-27,27,3,17,4,2023,Summer,None,Electronics,Smartphone Redmi,8500,10999,29.4,5,25,10,7,170.0,0.96,476000,585146.8,109146.8,56
2023-04-27,27,3,17,4,2023,Summer,None,Stationery,Pen Blue Pack 10,25,40,60.0,20,942,200,2,0.5,0.95,525,672.0,147.0,21
2023-04-27,27,3,17,4,2023,Summer,None,FMCG,Kite + String,25,55,120.0,5,815,300,2,0.5,0.72,1075,2246.75,1171.75,43
2023-04-28,28,4,17,4,2023,Summer,None,Stationery,Pen Blue Pack 10,25,40,60.0,20,243,200,2,0.5,0.76,1525,1952.0,427.0,61
2023-04-28,28,4,17,4,2023,Summer,None,Fashion,T-Shirt Men,180,349,93.89,20,77,30,5,3.6,0.8,8460,13122.4,4662.4,47
2023-04-28,28,4,17,4,2023,Summer,None,FMCG,Detergent Surf 1kg,95,125,31.58,15,101,90,3,1.9,0.9,3895,4356.25,461.25,41
2023-04-29,29,5,17,4,2023,Summer,None,Stationery,Pen Blue Pack 10,25,40,60.0,20,223,200,2,0.5,0.93,2525,3232.0,707.0,101
2023-04-29,29,5,17,4,2023,Summer,None,Fashion,Jeans Men,450,899,99.78,15,91,20,6,9.0,0.91,12600,21396.2,8796.2,28
2023-04-29,29,5,17,4,2023,Summer,None,Stationery,Eraser Pack,12,20,66.67,10,432,150,2,0.24,0.8,504,756.0,252.0,42
2023-04-29,29,5,17,4,2023,Summer,None,Electronics,Fan Table,850,1350,58.82,0,11,8,7,17.0,0.9,111350,176850.0,65500.0,131
2023-04-29,29,5,17,4,2023,Summer,None,Fashion,T-Shirt Men,180,349,93.89,0,111,30,5,3.6,0.72,2340,4537.0,2197.0,13
2023-04-29,29,5,17,4,2023,Summer,None,FMCG,Diya Set 12pc,48,95,97.92,20,371,150,2,0.96,0.76,3792,6004.0,2212.0,79
2023-04-30,30,6,17,4,2023,Summer,None,Electronics,Smartphone Redmi,8500,10999,29.4,0,19,10,7,170.0,0.94,994500,1286883.0,292383.0,117
2023-04-30,30,6,17,4,2023,Summer,None,FMCG,Crackers Box,200,380,90.0,0,332,100,3,4.0,0.86,7600,14440.0,6840.0,38
2023-04-30,30,6,17,4,2023,Summer,None,Electronics,LED Bulb 9W,48,85,77.08,15,195,40,4,0.96,0.99,1920,2890.0,970.0,40
2023-04-30,30,6,17,4,2023,Summer,None,Grocery,Christmas Cake,180,320,77.78,0,116,30,2,3.6,0.76,21960,39040.0,17080.0,122
2023-04-30,30,6,17,4,2023,Summer,None,Fashion,Saree Cotton,350,699,99.71,0,35,15,7,7.0,1.0,12250,24465.0,12215.0,35
2023-05-01,1,0,18,5,2023,Summer,None,Stationery,Eraser Pack,12,20,66.67,20,485,150,2,0.24,1.0,888,1184.0,296.0,74
2023-05-01,1,0,18,5,2023,Summer,None,Grocery,Sunflower Oil 1L,120,148,23.33,0,279,60,4,2.4,0.82,12720,15688.0,2968.0,106
2023-05-01,1,0,18,5,2023,Summer,None,Grocery,Salt 1kg,18,25,38.89,10,125,120,2,0.36,0.97,2088,2610.0,522.0,116
2023-05-02,2,1,18,5,2023,Summer,None,Grocery,Wheat Flour 10kg,320,385,20.31,0,192,40,3,6.4,0.86,28480,34265.0,5785.0,89
2023-05-02,2,1,18,5,2023,Summer,None,Grocery,Christmas Cake,180,320,77.78,0,72,30,2,3.6,0.84,9720,17280.0,7560.0,54
2023-05-02,2,1,18,5,2023,Summer,None,FMCG,Biscuit Parle-G,8,12,50.0,15,490,200,2,0.16,0.95,792,1009.8,217.8,99
2023-05-02,2,1,18,5,2023,Summer,None,Fashion,Kurta Women,280,549,96.07,10,73,20,5,5.6,0.98,8400,14823.0,6423.0,30
2023-05-03,3,2,18,5,2023,Summer,None,Electronics,Earphones Boat,350,599,71.14,0,93,20,5,7.0,0.79,11900,20366.0,8466.0,34
2023-05-03,3,2,18,5,2023,Summer,None,Stationery,Pencil Box,35,55,57.14,10,283,80,3,0.7,0.86,1400,1980.0,580.0,40
2023-05-03,3,2,18,5,2023,Summer,None,Stationery,Notebook A4,28,45,60.71,0,487,100,3,0.56,1.0,224,360.0,136.0,8
2023-05-03,3,2,18,5,2023,Summer,None,Fashion,Shoes Casual,350,699,99.71,0,45,25,6,7.0,0.98,12950,25863.0,12913.0,37
2023-05-03,3,2,18,5,2023,Summer,None,FMCG,Shampoo Head&Shoulders,85,115,35.29,10,202,80,4,1.7,0.84,8160,9936.0,1776.0,96
2023-05-03,3,2,18,5,2023,Summer,None,Grocery,Sugar 1kg,42,54,28.57,0,147,100,2,0.84,0.78,2730,3510.0,780.0,65
2023-05-03,3,2,18,5,2023,Summer,None,Grocery,Salt 1kg,18,25,38.89,0,394,120,2,0.36,0.82,900,1250.0,350.0,50
2023-05-04,4,3,18,5,2023,Summer,None,Grocery,Sunflower Oil 1L,120,148,23.33,20,84,60,4,2.4,0.73,1680,1657.6,-22.4,14
2023-05-04,4,3,18,5,2023,Summer,None,Stationery,Notebook A4,28,45,60.71,0,109,100,3,0.56,0.98,1960,3150.0,1190.0,70
2023-05-04,4,3,18,5,2023,Summer,None,Grocery,Wheat Flour 10kg,320,385,20.31,0,92,40,3,6.4,0.81,5120,6160.0,1040.0,16
2023-05-04,4,3,18,5,2023,Summer,None,Fashion,Kurta Women,280,549,96.07,5,23,20,5,5.6,0.82,6440,11995.65,5555.65,23
2023-05-04,4,3,18,5,2023,Summer,None,Electronics,Power Bank 10000mAh,650,1099,69.08,15,75,15,6,13.0,0.92,50700,72863.7,22163.7,78
2023-05-04,4,3,18,5,2023,Summer,None,FMCG,Puja Thali Set,125,245,96.0,0,115,50,3,2.5,0.97,6000,11760.0,5760.0,48
2023-05-04,4,3,18,5,2023,Summer,None,Stationery,Pencil Box,35,55,57.14,0,340,80,3,0.7,0.87,455,715.0,260.0,13
2023-05-04,4,3,18,5,2023,Summer,None,Electronics,Earphones Boat,350,599,71.14,5,100,20,5,7.0,0.95,34650,56335.95,21685.95,99
2023-05-05,5,4,18,5,2023,Summer,None,FMCG,Dandiya Sticks,40,85,112.5,0,767,200,2,0.8,0.7,1080,2295.0,1215.0,27
2023-05-05,5,4,18,5,2023,Summer,None,FMCG,Toothpaste Colgate,55,75,36.36,10,275,100,3,1.1,0.79,6105,7492.5,1387.5,111
2023-05-05,5,4,18,5,2023,Summer,None,Electronics,Earphones Boat,350,599,71.14,5,87,20,5,7.0,0.74,43400,70562.2,27162.2,124
2023-05-05,5,4,18,5,2023,Summer,None,FMCG,Crackers Box,200,380,90.0,0,291,100,3,4.0,0.88,9200,17480.0,8280.0,46
2023-05-05,5,4,18,5,2023,Summer,None,Electronics,LED Bulb 9W,48,85,77.08,0,134,40,4,0.96,0.84,624,1105.0,481.0,13
2023-05-05,5,4,18,5,2023,Summer,None,Fashion,T-Shirt Men,180,349,93.89,15,36,30,5,3.6,0.85,1620,2669.85,1049.85,9
2023-05-06,6,5,18,5,2023,Summer,None,Grocery,Christmas Cake,180,320,77.78,10,106,30,2,3.6,0.91,8100,12960.0,4860.0,45
2023-05-06,6,5,18,5,2023,Summer,None,Grocery,Salt 1kg,18,25,38.89,10,413,120,2,0.36,0.94,2106,2632.5,526.5,117
2023-05-06,6,5,18,5,2023,Summer,None,Fashion,T-Shirt Men,180,349,93.89,20,112,30,5,3.6,0.88,14400,22336.0,7936.0,80
2023-05-06,6,5,18,5,2023,Summer,None,FMCG,Dandiya Sticks,40,85,112.5,10,734,200,2,0.8,0.79,4400,8415.0,4015.0,110
2023-05-06,6,5,18,5,2023,Summer,None,FMCG,Cold Drink 500ml,20,30,50.0,10,852,200,2,0.4,0.99,2200,2970.0,770.0,110
2023-05-06,6,5,18,5,2023,Summer,None,Grocery,Wheat Flour 10kg,320,385,20.31,0,66,40,3,6.4,0.79,12480,15015.0,2535.0,39
2023-05-06,6,5,18,5,2023,Summer,None,Agriculture,Fertilizer NPK 1kg,125,168,34.4,20,97,25,6,2.5,0.89,16750,18009.6,1259.6,134
2023-05-07,7,6,18,5,2023,Summer,Labour Day,FMCG,Cold Drink 500ml,20,30,50.0,20,773,200,2,0.4,0.99,2900,3480.0,580.0,145
2023-05-07,7,6,18,5,2023,Summer,Labour Day,Electronics,Smartphone Redmi,8500,10999,29.4,0,11,10,7,170.0,1.0,1198500,1550859.0,352359.0,141
2023-05-07,7,6,18,5,2023,Summer,Labour Day,FMCG,Biscuit Parle-G,8,12,50.0,5,320,200,2,0.16,0.84,464,661.2,197.2,58
2023-05-07,7,6,18,5,2023,Summer,Labour Day,Electronics,USB Cable,45,89,97.78,5,94,50,4,0.9,0.92,855,1606.45,751.45,19
2023-05-08,8,0,19,5,2023,Summer,None,FMCG,Dandiya Sticks,40,85,112.5,10,774,200,2,0.8,0.93,1480,2830.5,1350.5,37
2023-05-08,8,0,19,5,2023,Summer,None,Electronics,USB Cable,45,89,97.78,20,138,50,4,0.9,0.99,3150,4984.0,1834.0,70
2023-05-08,8,0,19,5,2023,Summer,None,FMCG,Crackers Box,200,380,90.0,15,455,100,3,4.0,0.87,7600,12274.0,4674.0,38
2023-05-08,8,0,19,5,2023,Summer,None,Fashion,Saree Cotton,350,699,99.71,5,66,15,7,7.0,0.95,17500,33202.5,15702.5,50
2023-05-08,8,0,19,5,2023,Summer,None,Stationery,Notebook A4,28,45,60.71,0,283,100,3,0.56,0.86,1736,2790.0,1054.0,62
2023-05-09,9,1,19,5,2023,Summer,None,Agriculture,Wheat Seeds 1kg,65,95,46.15,5,39,30,5,1.3,0.98,3965,5505.25,1540.25,61
2023-05-09,9,1,19,5,2023,Summer,None,Electronics,Fan Table,850,1350,58.82,0,35,8,7,17.0,0.73,7650,12150.0,4500.0,9
2023-05-09,9,1,19,5,2023,Summer,None,Grocery,Dal Toor 1kg,95,118,24.21,20,350,80,3,1.9,0.79,3325,3304.0,-21.0,35
2023-05-09,9,1,19,5,2023,Summer,None,FMCG,Dandiya Sticks,40,85,112.5,0,396,200,2,0.8,0.93,1160,2465.0,1305.0,29
2023-05-10,10,2,19,5,2023,Summer,None,FMCG,Kite + String,25,55,120.0,0,636,300,2,0.5,0.84,350,770.0,420.0,14
2023-05-10,10,2,19,5,2023,Summer,None,FMCG,Toothpaste Colgate,55,75,36.36,0,363,100,3,1.1,0.83,330,450.0,120.0,6
2023-05-10,10,2,19,5,2023,Summer,None,Electronics,Power Bank 10000mAh,650,1099,69.08,5,18,15,6,13.0,0.74,43550,69951.35,26401.35,67
2023-05-10,10,2,19,5,2023,Summer,None,Fashion,Jeans Men,450,899,99.78,20,29,20,6,9.0,0.72,31500,50344.0,18844.0,70
2023-05-10,10,2,19,5,2023,Summer,None,FMCG,Diya Set 12pc,48,95,97.92,0,176,150,2,0.96,0.71,4080,8075.0,3995.0,85
2023-05-10,10,2,19,5,2023,Summer,None,Electronics,Fan Table,850,1350,58.82,0,25,8,7,17.0,0.72,68850,109350.0,40500.0,81
2023-05-11,11,3,19,5,2023,Summer,None,Grocery,Salt 1kg,18,25,38.89,5,145,120,2,0.36,0.92,1512,1995.0,483.0,84
2023-05-11,11,3,19,5,2023,Summer,None,Fashion,Saree Cotton,350,699,99.71,0,72,15,7,7.0,0.85,16450,32853.0,16403.0,47
2023-05-11,11,3,19,5,2023,Summer,None,Grocery,Sugar 1kg,42,54,28.57,5,129,100,2,0.84,0.91,2310,2821.5,511.5,55
2023-05-11,11,3,19,5,2023,Summer,None,Agriculture,Pesticide 500ml,180,245,36.11,5,72,20,5,3.6,0.9,5580,7215.25,1635.25,31
2023-05-11,11,3,19,5,2023,Summer,None,Stationery,Eraser Pack,12,20,66.67,10,718,150,2,0.24,0.94,264,396.0,132.0,22
2023-05-11,11,3,19,5,2023,Summer,None,FMCG,Cold Drink 500ml,20,30,50.0,15,685,200,2,0.4,0.98,2360,3009.0,649.0,118
2023-05-11,11,3,19,5,2023,Summer,None,Electronics,Smartphone Redmi,8500,10999,29.4,0,48,10,7,170.0,0.72,323000,417962.0,94962.0,38
2023-05-11,11,3,19,5,2023,Summer,None,Agriculture,Wheat Seeds 1kg,65,95,46.15,20,149,30,5,1.3,0.86,2535,2964.0,429.0,39
2023-05-12,12,4,19,5,2023,Summer,Labour Day,Electronics,LED Bulb 9W,48,85,77.08,0,83,40,4,0.96,0.76,4704,8330.0,3626.0,98
2023-05-12,12,4,19,5,2023,Summer,Labour Day,Grocery,Salt 1kg,18,25,38.89,5,594,120,2,0.36,0.72,522,688.75,166.75,29
2023-05-12,12,4,19,5,2023,Summer,Labour Day,Electronics,Smartphone Redmi,8500,10999,29.4,0,20,10,7,170.0,0.9,544000,703936.0,159936.0,64
2023-05-12,12,4,19,5,2023,Summer,Labour Day,FMCG,Dandiya Sticks,40,85,112.5,0,315,200,2,0.8,0.77,1520,3230.0,1710.0,38
2023-05-12,12,4,19,5,2023,Summer,Labour Day,FMCG,Kite + String,25,55,120.0,5,950,300,2,0.5,0.74,1900,3971.0,2071.0,76
2023-05-12,12,4,19,5,2023,Summer,Labour Day,Agriculture,Pesticide 500ml,180,245,36.11,5,64,20,5,3.6,0.81,21240,27464.5,6224.5,118
2023-05-12,12,4,19,5,2023,Summer,Labour Day,Electronics,USB Cable,45,89,97.78,0,220,50,4,0.9,0.86,2520,4984.0,2464.0,56
2023-05-13,13,5,19,5,2023,Summer,Labour Day,Electronics,LED Bulb 9W,48,85,77.08,0,64,40,4,0.96,0.83,6432,11390.0,4958.0,134
2023-05-13,13,5,19,5,2023,Summer,Labour Day,Grocery,Christmas Cake,180,320,77.78,0,56,30,2,3.6,0.9,3780,6720.0,2940.0,21
2023-05-13,13,5,19,5,2023,Summer,Labour Day,Grocery,Sugar 1kg,42,54,28.57,20,373,100,2,0.84,0.73,1554,1598.4,44.4,37
2023-05-13,13,5,19,5,2023,Summer,Labour Day,FMCG,Detergent Surf 1kg,95,125,31.58,0,345,90,3,1.9,0.9,16815,22125.0,5310.0,177
2023-05-13,13,5,19,5,2023,Summer,Labour Day,Fashion,Saree Cotton,350,699,99.71,0,68,15,7,7.0,0.75,16100,32154.0,16054.0,46
2023-05-14,14,6,19,5,2023,Summer,None,FMCG,Puja Thali Set,125,245,96.0,0,157,50,3,2.5,0.75,6875,13475.0,6600.0,55
2023-05-14,14,6,19,5,2023,Summer,None,Grocery,Christmas Cake,180,320,77.78,10,92,30,2,3.6,0.94,17100,27360.0,10260.0,95
2023-05-14,14,6,19,5,2023,Summer,None,FMCG,Kite + String,25,55,120.0,15,1172,300,2,0.5,0.96,2850,5329.5,2479.5,114
2023-05-15,15,0,20,5,2023,Summer,Labour Day,FMCG,Kite + String,25,55,120.0,5,1472,300,2,0.5,0.93,350,731.5,381.5,14
2023-05-15,15,0,20,5,2023,Summer,Labour Day,Electronics,Power Bank 10000mAh,650,1099,69.08,15,59,15,6,13.0,0.88,7800,11209.8,3409.8,12
2023-05-15,15,0,20,5,2023,Summer,Labour Day,FMCG,Soap Lux,22,32,45.45,15,271,150,3,0.44,0.84,2420,2992.0,572.0,110
2023-05-15,15,0,20,5,2023,Summer,Labour Day,FMCG,Diya Set 12pc,48,95,97.92,15,658,150,2,0.96,0.77,1056,1776.5,720.5,22
2023-05-16,16,1,20,5,2023,Summer,None,FMCG,Crackers Box,200,380,90.0,0,422,100,3,4.0,0.8,7200,13680.0,6480.0,36
2023-05-16,16,1,20,5,2023,Summer,None,FMCG,Toothpaste Colgate,55,75,36.36,15,301,100,3,1.1,0.9,1815,2103.75,288.75,33
2023-05-16,16,1,20,5,2023,Summer,None,Grocery,Basmati Rice 5kg,180,225,25.0,15,135,50,3,3.6,0.86,10260,10901.25,641.25,57
2023-05-16,16,1,20,5,2023,Summer,None,Stationery,Notebook A4,28,45,60.71,5,307,100,3,0.56,0.87,560,855.0,295.0,20
2023-05-16,16,1,20,5,2023,Summer,None,FMCG,Dandiya Sticks,40,85,112.5,15,988,200,2,0.8,0.98,880,1589.5,709.5,22
2023-05-16,16,1,20,5,2023,Summer,None,Stationery,Pen Blue Pack 10,25,40,60.0,0,781,200,2,0.5,0.82,1800,2880.0,1080.0,72
2023-05-17,17,2,20,5,2023,Summer,None,Grocery,Sunflower Oil 1L,120,148,23.33,10,282,60,4,2.4,0.7,7680,8524.8,844.8,64
2023-05-17,17,2,20,5,2023,Summer,None,FMCG,Dandiya Sticks,40,85,112.5,0,238,200,2,0.8,0.96,1560,3315.0,1755.0,39
2023-05-17,17,2,20,5,2023,Summer,None,FMCG,Kite + String,25,55,120.0,20,770,300,2,0.5,0.9,425,748.0,323.0,17
2023-05-17,17,2,20,5,2023,Summer,None,Electronics,Fan Table,850,1350,58.82,10,24,8,7,17.0,0.85,90950,130005.0,39055.0,107
2023-05-17,17,2,20,5,2023,Summer,None,Electronics,Power Bank 10000mAh,650,1099,69.08,0,53,15,6,13.0,0.8,18850,31871.0,13021.0,29
2023-05-17,17,2,20,5,2023,Summer,None,Agriculture,Wheat Seeds 1kg,65,95,46.15,15,38,30,5,1.3,0.89,5980,7429.0,1449.0,92
2023-05-18,18,3,20,5,2023,Summer,None,Fashion,Shoes Casual,350,699,99.71,20,81,25,6,7.0,0.73,4200,6710.4,2510.4,12
2023-05-18,18,3,20,5,2023,Summer,None,Agriculture,Fertilizer NPK 1kg,125,168,34.4,0,76,25,6,2.5,0.83,6500,8736.0,2236.0,52
2023-05-18,18,3,20,5,2023,Summer,None,FMCG,Kite + String,25,55,120.0,5,682,300,2,0.5,0.71,1225,2560.25,1335.25,49
2023-05-18,18,3,20,5,2023,Summer,None,FMCG,Diya Set 12pc,48,95,97.92,10,229,150,2,0.96,0.99,4368,7780.5,3412.5,91
2023-05-18,18,3,20,5,2023,Summer,None,Agriculture,Pesticide 500ml,180,245,36.11,0,88,20,5,3.6,0.85,14760,20090.0,5330.0,82
2023-05-19,19,4,20,5,2023,Summer,None,FMCG,Toothpaste Colgate,55,75,36.36,10,483,100,3,1.1,0.71,2640,3240.0,600.0,48
2023-05-19,19,4,20,5,2023,Summer,None,Grocery,Eid Special Dates,280,450,60.71,15,174,40,4,5.6,0.7,26600,36337.5,9737.5,95
2023-05-19,19,4,20,5,2023,Summer,None,Agriculture,Wheat Seeds 1kg,65,95,46.15,15,131,30,5,1.3,0.77,2470,3068.5,598.5,38
2023-05-19,19,4,20,5,2023,Summer,None,FMCG,Diya Set 12pc,48,95,97.92,0,519,150,2,0.96,0.93,3456,6840.0,3384.0,72
2023-05-19,19,4,20,5,2023,Summer,None,FMCG,Puja Thali Set,125,245,96.0,5,134,50,3,2.5,0.91,11625,21645.75,10020.75,93
2023-05-19,19,4,20,5,2023,Summer,None,Grocery,Christmas Cake,180,320,77.78,10,45,30,2,3.6,0.75,1800,2880.0,1080.0,10
2023-05-19,19,4,20,5,2023,Summer,None,FMCG,Shampoo Head&Shoulders,85,115,35.29,10,255,80,4,1.7,0.96,4080,4968.0,888.0,48
2023-05-20,20,5,20,5,2023,Summer,None,Electronics,LED Bulb 9W,48,85,77.08,0,196,40,4,0.96,0.79,1920,3400.0,1480.0,40
2023-05-20,20,5,20,5,2023,Summer,None,FMCG,Cold Drink 500ml,20,30,50.0,15,336,200,2,0.4,0.91,1580,2014.5,434.5,79
2023-05-20,20,5,20,5,2023,Summer,None,FMCG,Crackers Box,200,380,90.0,15,300,100,3,4.0,0.95,37400,60401.0,23001.0,187
2023-05-20,20,5,20,5,2023,Summer,None,Stationery,Pencil Box,35,55,57.14,0,373,80,3,0.7,0.98,1435,2255.0,820.0,41
2023-05-20,20,5,20,5,2023,Summer,None,Agriculture,Pesticide 500ml,180,245,36.11,0,30,20,5,3.6,0.91,14580,19845.0,5265.0,81
2023-05-21,21,6,20,5,2023,Summer,Labour Day,FMCG,Cold Drink 500ml,20,30,50.0,5,911,200,2,0.4,0.77,3580,5101.5,1521.5,179
2023-05-21,21,6,20,5,2023,Summer,Labour Day,FMCG,Kite + String,25,55,120.0,10,1333,300,2,0.5,0.73,2750,5445.0,2695.0,110
2023-05-21,21,6,20,5,2023,Summer,Labour Day,Fashion,Kurta Women,280,549,96.07,15,23,20,5,5.6,0.99,29400,48998.25,19598.25,105
2023-05-21,21,6,20,5,2023,Summer,Labour Day,FMCG,Gulal Colors Set,35,75,114.29,5,595,200,2,0.7,0.98,5670,11542.5,5872.5,162
2023-05-21,21,6,20,5,2023,Summer,Labour Day,Stationery,Pen Blue Pack 10,25,40,60.0,10,528,200,2,0.5,0.93,1550,2232.0,682.0,62
2023-05-22,22,0,21,5,2023,Summer,None,Fashion,T-Shirt Men,180,349,93.89,10,136,30,5,3.6,0.73,14940,26070.3,11130.3,83
2023-05-22,22,0,21,5,2023,Summer,None,Electronics,LED Bulb 9W,48,85,77.08,5,90,40,4,0.96,0.86,4128,6944.5,2816.5,86
2023-05-22,22,0,21,5,2023,Summer,None,Electronics,USB Cable,45,89,97.78,15,118,50,4,0.9,0.94,3285,5522.45,2237.45,73
2023-05-22,22,0,21,5,2023,Summer,None,Grocery,Basmati Rice 5kg,180,225,25.0,0,128,50,3,3.6,0.73,11340,14175.0,2835.0,63
2023-05-22,22,0,21,5,2023,Summer,None,Electronics,Smartphone Redmi,8500,10999,29.4,0,30,10,7,170.0,0.76,680000,879920.0,199920.0,80
2023-05-22,22,0,21,5,2023,Summer,None,Fashion,Jeans Men,450,899,99.78,0,47,20,6,9.0,0.95,14850,29667.0,14817.0,33
2023-05-22,22,0,21,5,2023,Summer,None,FMCG,Soap Lux,22,32,45.45,5,586,150,3,0.44,0.83,2134,2948.8,814.8,97
2023-05-22,22,0,21,5,2023,Summer,None,Agriculture,Fertilizer NPK 1kg,125,168,34.4,0,104,25,6,2.5,0.78,1250,1680.0,430.0,10
2023-05-23,23,1,21,5,2023,Summer,None,FMCG,Biscuit Parle-G,8,12,50.0,0,741,200,2,0.16,0.98,776,1164.0,388.0,97
2023-05-23,23,1,21,5,2023,Summer,None,Fashion,T-Shirt Men,180,349,93.89,0,101,30,5,3.6,0.72,18720,36296.0,17576.0,104
2023-05-23,23,1,21,5,2023,Summer,None,Grocery,Dal Toor 1kg,95,118,24.21,15,83,80,3,1.9,0.78,3040,3209.6,169.6,32
2023-05-23,23,1,21,5,2023,Summer,None,Grocery,Sunflower Oil 1L,120,148,23.33,0,194,60,4,2.4,0.87,6600,8140.0,1540.0,55
2023-05-24,24,2,21,5,2023,Summer,None,Stationery,Pencil Box,35,55,57.14,20,246,80,3,0.7,0.96,2135,2684.0,549.0,61
2023-05-24,24,2,21,5,2023,Summer,None,FMCG,Detergent Surf 1kg,95,125,31.58,10,320,90,3,1.9,0.86,10260,12150.0,1890.0,108
2023-05-24,24,2,21,5,2023,Summer,None,FMCG,Shampoo Head&Shoulders,85,115,35.29,0,150,80,4,1.7,0.85,6715,9085.0,2370.0,79
2023-05-24,24,2,21,5,2023,Summer,None,Fashion,Kurta Women,280,549,96.07,0,55,20,5,5.6,0.86,23520,46116.0,22596.0,84
2023-05-24,24,2,21,5,2023,Summer,None,FMCG,Dandiya Sticks,40,85,112.5,0,572,200,2,0.8,0.94,5000,10625.0,5625.0,125
2023-05-25,25,3,21,5,2023,Summer,None,Fashion,T-Shirt Men,180,349,93.89,0,84,30,5,3.6,1.0,3780,7329.0,3549.0,21
2023-05-25,25,3,21,5,2023,Summer,None,FMCG,Cold Drink 500ml,20,30,50.0,0,206,200,2,0.4,0.96,820,1230.0,410.0,41
2023-05-25,25,3,21,5,2023,Summer,None,FMCG,Diya Set 12pc,48,95,97.92,0,531,150,2,0.96,0.89,2064,4085.0,2021.0,43
2023-05-25,25,3,21,5,2023,Summer,None,FMCG,Shampoo Head&Shoulders,85,115,35.29,10,201,80,4,1.7,0.74,3825,4657.5,832.5,45
2023-05-25,25,3,21,5,2023,Summer,None,Fashion,Jeans Men,450,899,99.78,20,60,20,6,9.0,0.72,12150,19418.4,7268.4,27
2023-05-26,26,4,21,5,2023,Summer,Labour Day,Fashion,Saree Cotton,350,699,99.71,15,26,15,7,7.0,0.9,32550,55255.95,22705.95,93
2023-05-26,26,4,21,5,2023,Summer,Labour Day,Fashion,Kurta Women,280,549,96.07,0,86,20,5,5.6,0.86,17080,33489.0,16409.0,61
2023-05-26,26,4,21,5,2023,Summer,Labour Day,FMCG,Gulal Colors Set,35,75,114.29,5,933,200,2,0.7,0.85,3780,7695.0,3915.0,108
2023-05-27,27,5,21,5,2023,Summer,Labour Day,Electronics,USB Cable,45,89,97.78,0,239,50,4,0.9,0.91,6120,12104.0,5984.0,136
2023-05-27,27,5,21,5,2023,Summer,Labour Day,Agriculture,Wheat Seeds 1kg,65,95,46.15,0,38,30,5,1.3,0.86,4745,6935.0,2190.0,73
2023-05-27,27,5,21,5,2023,Summer,Labour Day,Agriculture,Fertilizer NPK 1kg,125,168,34.4,20,38,25,6,2.5,0.92,7375,7929.6,554.6,59
2023-05-27,27,5,21,5,2023,Summer,Labour Day,FMCG,Dandiya Sticks,40,85,112.5,0,821,200,2,0.8,0.74,1080,2295.0,1215.0,27
2023-05-27,27,5,21,5,2023,Summer,Labour Day,Fashion,T-Shirt Men,180,349,93.89,20,109,30,5,3.6,0.73,1800,2792.0,992.0,10
2023-05-27,27,5,21,5,2023,Summer,Labour Day,Stationery,Eraser Pack,12,20,66.67,5,682,150,2,0.24,0.77,132,209.0,77.0,11
2023-05-28,28,6,21,5,2023,Summer,None,FMCG,Puja Thali Set,125,245,96.0,10,153,50,3,2.5,0.86,7500,13230.0,5730.0,60
2023-05-28,28,6,21,5,2023,Summer,None,FMCG,Detergent Surf 1kg,95,125,31.58,0,182,90,3,1.9,0.97,10925,14375.0,3450.0,115
2023-05-28,28,6,21,5,2023,Summer,None,Electronics,Earphones Boat,350,599,71.14,5,66,20,5,7.0,0.87,40600,66009.8,25409.8,116
2023-05-28,28,6,21,5,2023,Summer,None,FMCG,Dandiya Sticks,40,85,112.5,0,358,200,2,0.8,0.96,4720,10030.0,5310.0,118
2023-05-28,28,6,21,5,2023,Summer,None,Agriculture,Pesticide 500ml,180,245,36.11,0,31,20,5,3.6,0.85,11880,16170.0,4290.0,66
2023-05-29,29,0,22,5,2023,Summer,None,Agriculture,Pesticide 500ml,180,245,36.11,15,80,20,5,3.6,0.75,16740,19367.25,2627.25,93
2023-05-29,29,0,22,5,2023,Summer,None,Stationery,Pen Blue Pack 10,25,40,60.0,5,934,200,2,0.5,0.92,750,1140.0,390.0,30
2023-05-29,29,0,22,5,2023,Summer,None,FMCG,Dandiya Sticks,40,85,112.5,10,229,200,2,0.8,0.8,6040,11551.5,5511.5,151
2023-05-29,29,0,22,5,2023,Summer,None,Electronics,Power Bank 10000mAh,650,1099,69.08,0,51,15,6,13.0,0.97,24050,40663.0,16613.0,37
2023-05-29,29,0,22,5,2023,Summer,None,FMCG,Biscuit Parle-G,8,12,50.0,0,303,200,2,0.16,0.92,848,1272.0,424.0,106
2023-05-29,29,0,22,5,2023,Summer,None,Stationery,Pencil Box,35,55,57.14,20,379,80,3,0.7,0.72,1820,2288.0,468.0,52
2023-05-29,29,0,22,5,2023,Summer,None,Grocery,Sugar 1kg,42,54,28.57,0,173,100,2,0.84,0.77,2100,2700.0,600.0,50
2023-05-29,29,0,22,5,2023,Summer,None,Electronics,Fan Table,850,1350,58.82,0,23,8,7,17.0,0.94,62050,98550.0,36500.0,73
2023-05-30,30,1,22,5,2023,Summer,None,Electronics,Earphones Boat,350,599,71.14,15,83,20,5,7.0,0.77,36750,53460.75,16710.75,105
2023-05-30,30,1,22,5,2023,Summer,None,Fashion,Saree Cotton,350,699,99.71,20,75,15,7,7.0,0.71,22750,36348.0,13598.0,65
2023-05-30,30,1,22,5,2023,Summer,None,FMCG,Dandiya Sticks,40,85,112.5,0,791,200,2,0.8,0.94,2800,5950.0,3150.0,70
2023-05-30,30,1,22,5,2023,Summer,None,Fashion,Jeans Men,450,899,99.78,20,34,20,6,9.0,0.75,41400,66166.4,24766.4,92
2023-05-30,30,1,22,5,2023,Summer,None,Electronics,Fan Table,850,1350,58.82,5,19,8,7,17.0,0.87,98600,148770.0,50170.0,116
2023-05-30,30,1,22,5,2023,Summer,None,Stationery,Eraser Pack,12,20,66.67,5,489,150,2,0.24,0.77,144,228.0,84.0,12
2023-05-30,30,1,22,5,2023,Summer,None,FMCG,Soap Lux,22,32,45.45,10,659,150,3,0.44,0.92,2508,3283.2,775.2,114
2023-05-31,31,2,22,5,2023,Summer,None,FMCG,Puja Thali Set,125,245,96.0,10,57,50,3,2.5,0.94,6125,10804.5,4679.5,49
2023-05-31,31,2,22,5,2023,Summer,None,Fashion,Saree Cotton,350,699,99.71,20,38,15,7,7.0,0.82,6300,10065.6,3765.6,18
2023-05-31,31,2,22,5,2023,Summer,None,FMCG,Shampoo Head&Shoulders,85,115,35.29,20,168,80,4,1.7,0.71,1530,1656.0,126.0,18
2023-05-31,31,2,22,5,2023,Summer,None,Grocery,Christmas Cake,180,320,77.78,0,92,30,2,3.6,0.88,10440,18560.0,8120.0,58
2023-06-01,1,3,22,6,2023,Rainy,None,Agriculture,Pesticide 500ml,180,245,36.11,15,65,20,5,3.6,0.76,14940,17284.75,2344.75,83
2023-06-01,1,3,22,6,2023,Rainy,None,FMCG,Crackers Box,200,380,90.0,15,131,100,3,4.0,0.94,19600,31654.0,12054.0,98
2023-06-01,1,3,22,6,2023,Rainy,None,FMCG,Diya Set 12pc,48,95,97.92,20,434,150,2,0.96,0.99,576,912.0,336.0,12
2023-06-01,1,3,22,6,2023,Rainy,None,FMCG,Dandiya Sticks,40,85,112.5,0,786,200,2,0.8,0.96,3200,6800.0,3600.0,80
2023-06-01,1,3,22,6,2023,Rainy,None,Agriculture,Fertilizer NPK 1kg,125,168,34.4,10,33,25,6,2.5,0.8,7250,8769.6,1519.6,58
2023-06-01,1,3,22,6,2023,Rainy,None,Fashion,Shoes Casual,350,699,99.71,20,118,25,6,7.0,0.87,9800,15657.6,5857.6,28
2023-06-01,1,3,22,6,2023,Rainy,None,Electronics,Earphones Boat,350,599,71.14,20,39,20,5,7.0,0.89,5250,7188.0,1938.0,15
2023-06-01,1,3,22,6,2023,Rainy,None,FMCG,Kite + String,25,55,120.0,0,349,300,2,0.5,0.73,3075,6765.0,3690.0,123
2023-06-02,2,4,22,6,2023,Rainy,None,FMCG,Gulal Colors Set,35,75,114.29,20,790,200,2,0.7,0.82,1715,2940.0,1225.0,49
2023-06-02,2,4,22,6,2023,Rainy,None,Electronics,Fan Table,850,1350,58.82,5,39,8,7,17.0,0.73,12750,19237.5,6487.5,15
2023-06-02,2,4,22,6,2023,Rainy,None,FMCG,Diya Set 12pc,48,95,97.92,0,304,150,2,0.96,0.92,1440,2850.0,1410.0,30
2023-06-02,2,4,22,6,2023,Rainy,None,Electronics,Smartphone Redmi,8500,10999,29.4,0,39,10,7,170.0,0.82,263500,340969.0,77469.0,31
2023-06-03,3,5,22,6,2023,Rainy,None,FMCG,Shampoo Head&Shoulders,85,115,35.29,0,96,80,4,1.7,0.83,1275,1725.0,450.0,15
2023-06-03,3,5,22,6,2023,Rainy,None,Grocery,Sugar 1kg,42,54,28.57,15,370,100,2,0.84,0.93,4494,4911.3,417.3,107
2023-06-03,3,5,22,6,2023,Rainy,None,FMCG,Soap Lux,22,32,45.45,0,369,150,3,0.44,0.71,1408,2048.0,640.0,64
2023-06-03,3,5,22,6,2023,Rainy,None,Grocery,Dal Toor 1kg,95,118,24.21,10,252,80,3,1.9,0.76,5605,6265.8,660.8,59
2023-06-03,3,5,22,6,2023,Rainy,None,FMCG,Dandiya Sticks,40,85,112.5,0,881,200,2,0.8,0.94,1920,4080.0,2160.0,48
2023-06-03,3,5,22,6,2023,Rainy,None,FMCG,Crackers Box,200,380,90.0,20,491,100,3,4.0,0.94,21800,33136.0,11336.0,109
2023-06-03,3,5,22,6,2023,Rainy,None,Stationery,Pen Blue Pack 10,25,40,60.0,0,223,200,2,0.5,0.94,575,920.0,345.0,23
2023-06-03,3,5,22,6,2023,Rainy,None,Electronics,Smartphone Redmi,8500,10999,29.4,15,18,10,7,170.0,0.98,756500,832074.35,75574.35,89
2023-06-04,4,6,22,6,2023,Rainy,None,Grocery,Eid Special Dates,280,450,60.71,0,191,40,4,5.6,0.76,26600,42750.0,16150.0,95
2023-06-04,4,6,22,6,2023,Rainy,None,Fashion,Saree Cotton,350,699,99.71,20,37,15,7,7.0,0.92,26950,43058.4,16108.4,77
2023-06-04,4,6,22,6,2023,Rainy,None,FMCG,Shampoo Head&Shoulders,85,115,35.29,20,80,80,4,1.7,0.94,2210,2392.0,182.0,26
2023-06-05,5,0,23,6,2023,Rainy,None,Grocery,Eid Special Dates,280,450,60.71,0,156,40,4,5.6,0.74,6720,10800.0,4080.0,24
2023-06-05,5,0,23,6,2023,Rainy,None,Fashion,Shoes Casual,350,699,99.71,0,70,25,6,7.0,0.86,9450,18873.0,9423.0,27
2023-06-05,5,0,23,6,2023,Rainy,None,FMCG,Shampoo Head&Shoulders,85,115,35.29,10,146,80,4,1.7,0.76,5780,7038.0,1258.0,68
2023-06-05,5,0,23,6,2023,Rainy,None,Grocery,Christmas Cake,180,320,77.78,0,143,30,2,3.6,0.92,12960,23040.0,10080.0,72
2023-06-06,6,1,23,6,2023,Rainy,None,Grocery,Wheat Flour 10kg,320,385,20.31,0,182,40,3,6.4,0.85,12800,15400.0,2600.0,40
2023-06-06,6,1,23,6,2023,Rainy,None,FMCG,Toothpaste Colgate,55,75,36.36,0,131,100,3,1.1,0.83,2035,2775.0,740.0,37
2023-06-06,6,1,23,6,2023,Rainy,None,FMCG,Gulal Colors Set,35,75,114.29,15,804,200,2,0.7,0.71,700,1275.0,575.0,20
2023-06-06,6,1,23,6,2023,Rainy,None,Grocery,Sugar 1kg,42,54,28.57,0,244,100,2,0.84,0.86,1176,1512.0,336.0,28
2023-06-07,7,2,23,6,2023,Rainy,None,Fashion,Kurta Women,280,549,96.07,0,56,20,5,5.6,0.71,1120,2196.0,1076.0,4
2023-06-07,7,2,23,6,2023,Rainy,None,Fashion,Saree Cotton,350,699,99.71,0,38,15,7,7.0,0.97,5250,10485.0,5235.0,15
2023-06-07,7,2,23,6,2023,Rainy,None,Electronics,LED Bulb 9W,48,85,77.08,5,155,40,4,0.96,0.81,3936,6621.5,2685.5,82
2023-06-08,8,3,23,6,2023,Rainy,None,Grocery,Salt 1kg,18,25,38.89,5,248,120,2,0.36,0.84,918,1211.25,293.25,51
2023-06-08,8,3,23,6,2023,Rainy,None,Stationery,Notebook A4,28,45,60.71,0,228,100,3,0.56,0.84,896,1440.0,544.0,32
2023-06-08,8,3,23,6,2023,Rainy,None,Agriculture,Fertilizer NPK 1kg,125,168,34.4,0,32,25,6,2.5,0.93,2875,3864.0,989.0,23
2023-06-08,8,3,23,6,2023,Rainy,None,Grocery,Christmas Cake,180,320,77.78,20,56,30,2,3.6,0.71,17280,24576.0,7296.0,96
2023-06-08,8,3,23,6,2023,Rainy,None,Fashion,Shoes Casual,350,699,99.71,15,37,25,6,7.0,0.83,19600,33272.4,13672.4,56
2023-06-09,9,4,23,6,2023,Rainy,None,Grocery,Dal Toor 1kg,95,118,24.21,0,267,80,3,1.9,0.83,9120,11328.0,2208.0,96
2023-06-09,9,4,23,6,2023,Rainy,None,FMCG,Puja Thali Set,125,245,96.0,0,234,50,3,2.5,0.73,11375,22295.0,10920.0,91
2023-06-09,9,4,23,6,2023,Rainy,None,FMCG,Detergent Surf 1kg,95,125,31.58,0,190,90,3,1.9,0.85,1520,2000.0,480.0,16
2023-06-09,9,4,23,6,2023,Rainy,None,Agriculture,Wheat Seeds 1kg,65,95,46.15,5,36,30,5,1.3,0.84,5070,7039.5,1969.5,78
2023-06-09,9,4,23,6,2023,Rainy,None,FMCG,Crackers Box,200,380,90.0,0,124,100,3,4.0,0.94,10800,20520.0,9720.0,54
2023-06-10,10,5,23,6,2023,Rainy,None,Stationery,Notebook A4,28,45,60.71,5,200,100,3,0.56,0.71,1064,1624.5,560.5,38
2023-06-10,10,5,23,6,2023,Rainy,None,FMCG,Crackers Box,200,380,90.0,10,372,100,3,4.0,0.96,19000,32490.0,13490.0,95
2023-06-10,10,5,23,6,2023,Rainy,None,Electronics,Fan Table,850,1350,58.82,15,35,8,7,17.0,0.88,63750,86062.5,22312.5,75
2023-06-10,10,5,23,6,2023,Rainy,None,FMCG,Puja Thali Set,125,245,96.0,5,193,50,3,2.5,0.7,1500,2793.0,1293.0,12
2023-06-10,10,5,23,6,2023,Rainy,None,Fashion,Jeans Men,450,899,99.78,0,40,20,6,9.0,0.95,17550,35061.0,17511.0,39
2023-06-11,11,6,23,6,2023,Rainy,None,Electronics,LED Bulb 9W,48,85,77.08,0,75,40,4,0.96,0.91,4752,8415.0,3663.0,99
2023-06-11,11,6,23,6,2023,Rainy,None,Agriculture,Wheat Seeds 1kg,65,95,46.15,5,64,30,5,1.3,0.82,715,992.75,277.75,11
2023-06-11,11,6,23,6,2023,Rainy,None,Stationery,Pencil Box,35,55,57.14,5,249,80,3,0.7,0.89,910,1358.5,448.5,26
2023-06-11,11,6,23,6,2023,Rainy,None,Grocery,Eid Special Dates,280,450,60.71,0,52,40,4,5.6,0.83,8400,13500.0,5100.0,30
2023-06-11,11,6,23,6,2023,Rainy,None,FMCG,Toothpaste Colgate,55,75,36.36,5,229,100,3,1.1,0.71,5445,7053.75,1608.75,99
2023-06-11,11,6,23,6,2023,Rainy,None,Grocery,Dal Toor 1kg,95,118,24.21,15,358,80,3,1.9,0.93,7790,8224.6,434.6,82
2023-06-12,12,0,24,6,2023,Rainy,None,Grocery,Salt 1kg,18,25,38.89,0,431,120,2,0.36,0.85,252,350.0,98.0,14
2023-06-12,12,0,24,6,2023,Rainy,None,Grocery,Eid Special Dates,280,450,60.71,20,193,40,4,5.6,0.95,33320,42840.0,9520.0,119
2023-06-12,12,0,24,6,2023,Rainy,None,Electronics,Fan Table,850,1350,58.82,5,22,8,7,17.0,0.89,86700,130815.0,44115.0,102
2023-06-12,12,0,24,6,2023,Rainy,None,Grocery,Basmati Rice 5kg,180,225,25.0,0,225,50,3,3.6,0.74,19260,24075.0,4815.0,107
2023-06-12,12,0,24,6,2023,Rainy,None,Fashion,Saree Cotton,350,699,99.71,5,62,15,7,7.0,0.79,18550,35194.65,16644.65,53
2023-06-12,12,0,24,6,2023,Rainy,None,Electronics,Power Bank 10000mAh,650,1099,69.08,5,24,15,6,13.0,0.76,48100,77259.7,29159.7,74
2023-06-12,12,0,24,6,2023,Rainy,None,Grocery,Christmas Cake,180,320,77.78,0,103,30,2,3.6,0.78,3060,5440.0,2380.0,17
2023-06-13,13,1,24,6,2023,Rainy,None,FMCG,Cold Drink 500ml,20,30,50.0,10,796,200,2,0.4,0.87,2320,3132.0,812.0,116
2023-06-13,13,1,24,6,2023,Rainy,None,Fashion,Saree Cotton,350,699,99.71,0,19,15,7,7.0,0.91,23450,46833.0,23383.0,67
2023-06-13,13,1,24,6,2023,Rainy,None,Agriculture,Wheat Seeds 1kg,65,95,46.15,0,138,30,5,1.3,1.0,2925,4275.0,1350.0,45
2023-06-13,13,1,24,6,2023,Rainy,None,Electronics,Earphones Boat,350,599,71.14,15,79,20,5,7.0,0.72,7350,10692.15,3342.15,21
2023-06-14,14,2,24,6,2023,Rainy,None,FMCG,Kite + String,25,55,120.0,15,831,300,2,0.5,0.73,275,514.25,239.25,11
2023-06-14,14,2,24,6,2023,Rainy,None,FMCG,Detergent Surf 1kg,95,125,31.58,10,440,90,3,1.9,0.91,1710,2025.0,315.0,18
2023-06-14,14,2,24,6,2023,Rainy,None,FMCG,Biscuit Parle-G,8,12,50.0,10,716,200,2,0.16,0.97,880,1188.0,308.0,110
2023-06-14,14,2,24,6,2023,Rainy,None,Grocery,Dal Toor 1kg,95,118,24.21,20,155,80,3,1.9,0.97,11875,11800.0,-75.0,125
2023-06-14,14,2,24,6,2023,Rainy,None,Stationery,Eraser Pack,12,20,66.67,0,700,150,2,0.24,0.85,1116,1860.0,744.0,93
2023-06-14,14,2,24,6,2023,Rainy,None,Grocery,Sugar 1kg,42,54,28.57,10,360,100,2,0.84,0.71,3318,3839.4,521.4,79
2023-06-15,15,3,24,6,2023,Rainy,None,FMCG,Kite + String,25,55,120.0,0,1224,300,2,0.5,0.98,950,2090.0,1140.0,38
2023-06-15,15,3,24,6,2023,Rainy,None,Stationery,Pencil Box,35,55,57.14,0,199,80,3,0.7,0.87,3220,5060.0,1840.0,92
2023-06-15,15,3,24,6,2023,Rainy,None,Electronics,LED Bulb 9W,48,85,77.08,5,42,40,4,0.96,0.86,3696,6217.75,2521.75,77
2023-06-16,16,4,24,6,2023,Rainy,None,Grocery,Wheat Flour 10kg,320,385,20.31,5,63,40,3,6.4,0.95,23040,26334.0,3294.0,72
2023-06-16,16,4,24,6,2023,Rainy,None,Electronics,LED Bulb 9W,48,85,77.08,0,61,40,4,0.96,0.79,1536,2720.0,1184.0,32
2023-06-16,16,4,24,6,2023,Rainy,None,FMCG,Kite + String,25,55,120.0,5,472,300,2,0.5,0.98,600,1254.0,654.0,24
2023-06-17,17,5,24,6,2023,Rainy,None,FMCG,Puja Thali Set,125,245,96.0,5,221,50,3,2.5,0.98,21125,39334.75,18209.75,169
2023-06-17,17,5,24,6,2023,Rainy,None,Electronics,Fan Table,850,1350,58.82,5,30,8,7,17.0,0.77,12750,19237.5,6487.5,15
2023-06-17,17,5,24,6,2023,Rainy,None,FMCG,Detergent Surf 1kg,95,125,31.58,0,135,90,3,1.9,0.94,7600,10000.0,2400.0,80
2023-06-17,17,5,24,6,2023,Rainy,None,Agriculture,Wheat Seeds 1kg,65,95,46.15,5,35,30,5,1.3,0.85,2275,3158.75,883.75,35
2023-06-17,17,5,24,6,2023,Rainy,None,FMCG,Diya Set 12pc,48,95,97.92,10,440,150,2,0.96,0.9,2736,4873.5,2137.5,57
2023-06-17,17,5,24,6,2023,Rainy,None,FMCG,Toothpaste Colgate,55,75,36.36,20,270,100,3,1.1,0.92,7700,8400.0,700.0,140
2023-06-17,17,5,24,6,2023,Rainy,None,Agriculture,Pesticide 500ml,180,245,36.11,0,78,20,5,3.6,0.87,7020,9555.0,2535.0,39
2023-06-18,18,6,24,6,2023,Rainy,None,Stationery,Pencil Box,35,55,57.14,15,299,80,3,0.7,0.71,2625,3506.25,881.25,75
2023-06-18,18,6,24,6,2023,Rainy,None,FMCG,Cold Drink 500ml,20,30,50.0,5,266,200,2,0.4,0.83,2360,3363.0,1003.0,118
2023-06-18,18,6,24,6,2023,Rainy,None,Fashion,T-Shirt Men,180,349,93.89,0,79,30,5,3.6,0.74,16020,31061.0,15041.0,89
2023-06-18,18,6,24,6,2023,Rainy,None,Grocery,Sunflower Oil 1L,120,148,23.33,0,271,60,4,2.4,0.89,21960,27084.0,5124.0,183
2023-06-18,18,6,24,6,2023,Rainy,None,Stationery,Eraser Pack,12,20,66.67,0,150,150,2,0.24,0.85,1524,2540.0,1016.0,127
2023-06-18,18,6,24,6,2023,Rainy,None,FMCG,Dandiya Sticks,40,85,112.5,10,609,200,2,0.8,0.86,2160,4131.0,1971.0,54
2023-06-18,18,6,24,6,2023,Rainy,None,Stationery,Pen Blue Pack 10,25,40,60.0,10,646,200,2,0.5,0.74,1475,2124.0,649.0,59
2023-06-18,18,6,24,6,2023,Rainy,None,Electronics,Smartphone Redmi,8500,10999,29.4,0,43,10,7,170.0,0.83,714000,923916.0,209916.0,84
2023-06-19,19,0,25,6,2023,Rainy,None,Grocery,Salt 1kg,18,25,38.89,20,507,120,2,0.36,1.0,558,620.0,62.0,31
2023-06-19,19,0,25,6,2023,Rainy,None,Agriculture,Wheat Seeds 1kg,65,95,46.15,0,106,30,5,1.3,0.89,5200,7600.0,2400.0,80
2023-06-19,19,0,25,6,2023,Rainy,None,Grocery,Wheat Flour 10kg,320,385,20.31,0,67,40,3,6.4,0.77,17280,20790.0,3510.0,54
2023-06-19,19,0,25,6,2023,Rainy,None,Grocery,Christmas Cake,180,320,77.78,5,73,30,2,3.6,0.76,19080,32224.0,13144.0,106
2023-06-19,19,0,25,6,2023,Rainy,None,Grocery,Dal Toor 1kg,95,118,24.21,0,244,80,3,1.9,0.87,1710,2124.0,414.0,18
2023-06-19,19,0,25,6,2023,Rainy,None,Fashion,Jeans Men,450,899,99.78,0,22,20,6,9.0,0.97,22500,44950.0,22450.0,50
2023-06-19,19,0,25,6,2023,Rainy,None,FMCG,Kite + String,25,55,120.0,0,1314,300,2,0.5,0.74,1525,3355.0,1830.0,61
2023-06-20,20,1,25,6,2023,Rainy,None,FMCG,Biscuit Parle-G,8,12,50.0,20,480,200,2,0.16,0.71,344,412.8,68.8,43
2023-06-20,20,1,25,6,2023,Rainy,None,Agriculture,Wheat Seeds 1kg,65,95,46.15,10,38,30,5,1.3,0.84,5460,7182.0,1722.0,84
2023-06-20,20,1,25,6,2023,Rainy,None,Fashion,Saree Cotton,350,699,99.71,15,74,15,7,7.0,0.92,25900,43967.1,18067.1,74
2023-06-21,21,2,25,6,2023,Rainy,None,FMCG,Shampoo Head&Shoulders,85,115,35.29,10,120,80,4,1.7,0.83,2295,2794.5,499.5,27
2023-06-21,21,2,25,6,2023,Rainy,None,Electronics,LED Bulb 9W,48,85,77.08,5,66,40,4,0.96,0.94,4608,7752.0,3144.0,96
2023-06-21,21,2,25,6,2023,Rainy,None,FMCG,Kite + String,25,55,120.0,20,1107,300,2,0.5,0.89,1675,2948.0,1273.0,67
2023-06-21,21,2,25,6,2023,Rainy,None,FMCG,Dandiya Sticks,40,85,112.5,0,879,200,2,0.8,0.86,4000,8500.0,4500.0,100
2023-06-21,21,2,25,6,2023,Rainy,None,Grocery,Sunflower Oil 1L,120,148,23.33,20,208,60,4,2.4,0.82,7440,7340.8,-99.2,62
2023-06-21,21,2,25,6,2023,Rainy,None,Grocery,Basmati Rice 5kg,180,225,25.0,10,179,50,3,3.6,0.81,21240,23895.0,2655.0,118
2023-06-21,21,2,25,6,2023,Rainy,None,Stationery,Pencil Box,35,55,57.14,0,381,80,3,0.7,0.78,665,1045.0,380.0,19
2023-06-22,22,3,25,6,2023,Rainy,None,Grocery,Sugar 1kg,42,54,28.57,0,122,100,2,0.84,0.81,4158,5346.0,1188.0,99
2023-06-22,22,3,25,6,2023,Rainy,None,FMCG,Soap Lux,22,32,45.45,0,213,150,3,0.44,0.77,1650,2400.0,750.0,75
2023-06-22,22,3,25,6,2023,Rainy,None,FMCG,Shampoo Head&Shoulders,85,115,35.29,10,364,80,4,1.7,0.94,9520,11592.0,2072.0,112
2023-06-22,22,3,25,6,2023,Rainy,None,FMCG,Cold Drink 500ml,20,30,50.0,0,620,200,2,0.4,0.99,1500,2250.0,750.0,75
2023-06-22,22,3,25,6,2023,Rainy,None,FMCG,Gulal Colors Set,35,75,114.29,15,793,200,2,0.7,0.78,840,1530.0,690.0,24
2023-06-23,23,4,25,6,2023,Rainy,None,Grocery,Sugar 1kg,42,54,28.57,15,169,100,2,0.84,0.79,4872,5324.4,452.4,116
2023-06-23,23,4,25,6,2023,Rainy,None,Stationery,Pen Blue Pack 10,25,40,60.0,10,500,200,2,0.5,0.98,1025,1476.0,451.0,41
2023-06-23,23,4,25,6,2023,Rainy,None,FMCG,Puja Thali Set,125,245,96.0,5,239,50,3,2.5,0.96,7750,14430.5,6680.5,62
2023-06-23,23,4,25,6,2023,Rainy,None,Grocery,Basmati Rice 5kg,180,225,25.0,10,155,50,3,3.6,0.72,16920,19035.0,2115.0,94
2023-06-23,23,4,25,6,2023,Rainy,None,Grocery,Wheat Flour 10kg,320,385,20.31,20,43,40,3,6.4,0.95,27840,26796.0,-1044.0,87
2023-06-24,24,5,25,6,2023,Rainy,None,Fashion,Saree Cotton,350,699,99.71,0,75,15,7,7.0,0.79,33600,67104.0,33504.0,96
2023-06-24,24,5,25,6,2023,Rainy,None,Agriculture,Wheat Seeds 1kg,65,95,46.15,0,94,30,5,1.3,0.94,3640,5320.0,1680.0,56
2023-06-24,24,5,25,6,2023,Rainy,None,Stationery,Notebook A4,28,45,60.71,0,500,100,3,0.56,0.81,2352,3780.0,1428.0,84
2023-06-24,24,5,25,6,2023,Rainy,None,FMCG,Puja Thali Set,125,245,96.0,20,250,50,3,2.5,0.74,14625,22932.0,8307.0,117
2023-06-24,24,5,25,6,2023,Rainy,None,Agriculture,Fertilizer NPK 1kg,125,168,34.4,15,68,25,6,2.5,0.91,7500,8568.0,1068.0,60
2023-06-25,25,6,25,6,2023,Rainy,None,FMCG,Biscuit Parle-G,8,12,50.0,0,209,200,2,0.16,0.91,576,864.0,288.0,72
2023-06-25,25,6,25,6,2023,Rainy,None,Stationery,Pencil Box,35,55,57.14,15,175,80,3,0.7,0.74,2975,3973.75,998.75,85
2023-06-25,25,6,25,6,2023,Rainy,None,Fashion,Kurta Women,280,549,96.07,0,77,20,5,5.6,0.83,12880,25254.0,12374.0,46
2023-06-26,26,0,26,6,2023,Rainy,None,FMCG,Gulal Colors Set,35,75,114.29,0,926,200,2,0.7,1.0,630,1350.0,720.0,18
2023-06-26,26,0,26,6,2023,Rainy,None,Fashion,Jeans Men,450,899,99.78,0,84,20,6,9.0,0.94,26100,52142.0,26042.0,58
2023-06-26,26,0,26,6,2023,Rainy,None,Stationery,Pencil Box,35,55,57.14,0,278,80,3,0.7,1.0,3675,5775.0,2100.0,105
2023-06-26,26,0,26,6,2023,Rainy,None,FMCG,Shampoo Head&Shoulders,85,115,35.29,0,322,80,4,1.7,0.88,6970,9430.0,2460.0,82
2023-06-26,26,0,26,6,2023,Rainy,None,Fashion,Saree Cotton,350,699,99.71,5,50,15,7,7.0,0.74,24150,45819.45,21669.45,69
2023-06-26,26,0,26,6,2023,Rainy,None,Grocery,Salt 1kg,18,25,38.89,20,424,120,2,0.36,0.96,378,420.0,42.0,21
2023-06-27,27,1,26,6,2023,Rainy,None,Agriculture,Fertilizer NPK 1kg,125,168,34.4,20,79,25,6,2.5,0.72,5125,5510.4,385.4,41
2023-06-27,27,1,26,6,2023,Rainy,None,Grocery,Basmati Rice 5kg,180,225,25.0,15,63,50,3,3.6,0.76,6300,6693.75,393.75,35
2023-06-27,27,1,26,6,2023,Rainy,None,Electronics,Fan Table,850,1350,58.82,0,38,8,7,17.0,0.8,37400,59400.0,22000.0,44
2023-06-27,27,1,26,6,2023,Rainy,None,FMCG,Shampoo Head&Shoulders,85,115,35.29,5,277,80,4,1.7,0.96,6290,8084.5,1794.5,74
2023-06-27,27,1,26,6,2023,Rainy,None,Stationery,Eraser Pack,12,20,66.67,10,508,150,2,0.24,0.99,168,252.0,84.0,14
2023-06-28,28,2,26,6,2023,Rainy,None,FMCG,Detergent Surf 1kg,95,125,31.58,15,219,90,3,1.9,0.81,4465,4993.75,528.75,47
2023-06-28,28,2,26,6,2023,Rainy,None,Stationery,Notebook A4,28,45,60.71,20,446,100,3,0.56,0.98,1148,1476.0,328.0,41
2023-06-28,28,2,26,6,2023,Rainy,None,Electronics,LED Bulb 9W,48,85,77.08,0,113,40,4,0.96,0.9,2640,4675.0,2035.0,55
2023-06-28,28,2,26,6,2023,Rainy,None,FMCG,Diya Set 12pc,48,95,97.92,0,228,150,2,0.96,0.73,1776,3515.0,1739.0,37
2023-06-28,28,2,26,6,2023,Rainy,None,FMCG,Cold Drink 500ml,20,30,50.0,0,658,200,2,0.4,0.79,780,1170.0,390.0,39
2023-06-28,28,2,26,6,2023,Rainy,None,Fashion,Jeans Men,450,899,99.78,10,99,20,6,9.0,0.92,31050,55827.9,24777.9,69
2023-06-28,28,2,26,6,2023,Rainy,None,FMCG,Shampoo Head&Shoulders,85,115,35.29,0,283,80,4,1.7,0.93,7140,9660.0,2520.0,84
2023-06-28,28,2,26,6,2023,Rainy,None,Grocery,Sugar 1kg,42,54,28.57,0,447,100,2,0.84,0.92,2982,3834.0,852.0,71
2023-06-29,29,3,26,6,2023,Rainy,None,FMCG,Detergent Surf 1kg,95,125,31.58,5,425,90,3,1.9,0.86,7220,9025.0,1805.0,76
2023-06-29,29,3,26,6,2023,Rainy,None,Grocery,Wheat Flour 10kg,320,385,20.31,20,139,40,3,6.4,0.99,6720,6468.0,-252.0,21
2023-06-29,29,3,26,6,2023,Rainy,None,Electronics,Smartphone Redmi,8500,10999,29.4,20,50,10,7,170.0,0.76,85000,87992.0,2992.0,10
2023-06-29,29,3,26,6,2023,Rainy,None,FMCG,Kite + String,25,55,120.0,5,1416,300,2,0.5,0.85,1100,2299.0,1199.0,44
2023-06-29,29,3,26,6,2023,Rainy,None,Stationery,Pen Blue Pack 10,25,40,60.0,0,434,200,2,0.5,0.8,1325,2120.0,795.0,53
2023-06-29,29,3,26,6,2023,Rainy,None,Grocery,Christmas Cake,180,320,77.78,0,139,30,2,3.6,0.98,10260,18240.0,7980.0,57
2023-06-30,30,4,26,6,2023,Rainy,None,FMCG,Biscuit Parle-G,8,12,50.0,20,376,200,2,0.16,0.78,616,739.2,123.2,77
2023-06-30,30,4,26,6,2023,Rainy,None,FMCG,Diya Set 12pc,48,95,97.92,0,587,150,2,0.96,0.72,3072,6080.0,3008.0,64
2023-06-30,30,4,26,6,2023,Rainy,None,Grocery,Salt 1kg,18,25,38.89,10,570,120,2,0.36,0.81,1008,1260.0,252.0,56
2023-06-30,30,4,26,6,2023,Rainy,None,Stationery,Pencil Box,35,55,57.14,0,191,80,3,0.7,0.84,3045,4785.0,1740.0,87
2023-06-30,30,4,26,6,2023,Rainy,None,Agriculture,Fertilizer NPK 1kg,125,168,34.4,20,107,25,6,2.5,0.91,11875,12768.0,893.0,95
2023-06-30,30,4,26,6,2023,Rainy,None,FMCG,Gulal Colors Set,35,75,114.29,20,810,200,2,0.7,0.74,1995,3420.0,1425.0,57
2023-06-30,30,4,26,6,2023,Rainy,None,Fashion,T-Shirt Men,180,349,93.89,10,95,30,5,3.6,0.9,12960,22615.2,9655.2,72
2023-06-30,30,4,26,6,2023,Rainy,None,Electronics,LED Bulb 9W,48,85,77.08,20,199,40,4,0.96,0.87,4512,6392.0,1880.0,94
2023-07-01,1,5,26,7,2023,Rainy,None,Grocery,Christmas Cake,180,320,77.78,0,47,30,2,3.6,0.95,25740,45760.0,20020.0,143
2023-07-01,1,5,26,7,2023,Rainy,None,FMCG,Crackers Box,200,380,90.0,0,448,100,3,4.0,0.74,16400,31160.0,14760.0,82
2023-07-01,1,5,26,7,2023,Rainy,None,FMCG,Diya Set 12pc,48,95,97.92,5,241,150,2,0.96,0.96,2400,4512.5,2112.5,50
2023-07-01,1,5,26,7,2023,Rainy,None,FMCG,Toothpaste Colgate,55,75,36.36,10,295,100,3,1.1,0.91,8140,9990.0,1850.0,148
2023-07-01,1,5,26,7,2023,Rainy,None,Grocery,Sugar 1kg,42,54,28.57,0,204,100,2,0.84,0.95,2940,3780.0,840.0,70
2023-07-01,1,5,26,7,2023,Rainy,None,Fashion,Jeans Men,450,899,99.78,15,40,20,6,9.0,0.86,19350,32858.45,13508.45,43
2023-07-02,2,6,26,7,2023,Rainy,None,Grocery,Eid Special Dates,280,450,60.71,15,140,40,4,5.6,0.98,43960,60052.5,16092.5,157
2023-07-02,2,6,26,7,2023,Rainy,None,FMCG,Biscuit Parle-G,8,12,50.0,0,376,200,2,0.16,0.86,992,1488.0,496.0,124
2023-07-02,2,6,26,7,2023,Rainy,None,FMCG,Toothpaste Colgate,55,75,36.36,10,385,100,3,1.1,0.98,1155,1417.5,262.5,21
2023-07-02,2,6,26,7,2023,Rainy,None,FMCG,Soap Lux,22,32,45.45,0,269,150,3,0.44,0.7,770,1120.0,350.0,35
2023-07-03,3,0,27,7,2023,Rainy,None,FMCG,Cold Drink 500ml,20,30,50.0,5,317,200,2,0.4,0.71,1740,2479.5,739.5,87
2023-07-03,3,0,27,7,2023,Rainy,None,Grocery,Basmati Rice 5kg,180,225,25.0,0,202,50,3,3.6,0.9,23040,28800.0,5760.0,128
2023-07-03,3,0,27,7,2023,Rainy,None,Grocery,Wheat Flour 10kg,320,385,20.31,10,71,40,3,6.4,0.7,37120,40194.0,3074.0,116
2023-07-03,3,0,27,7,2023,Rainy,None,Grocery,Salt 1kg,18,25,38.89,0,316,120,2,0.36,0.94,1062,1475.0,413.0,59
2023-07-04,4,1,27,7,2023,Rainy,None,Grocery,Sugar 1kg,42,54,28.57,15,486,100,2,0.84,0.71,1050,1147.5,97.5,25
2023-07-04,4,1,27,7,2023,Rainy,None,Electronics,Power Bank 10000mAh,650,1099,69.08,5,63,15,6,13.0,0.93,29900,48026.3,18126.3,46
2023-07-04,4,1,27,7,2023,Rainy,None,FMCG,Dandiya Sticks,40,85,112.5,10,516,200,2,0.8,0.82,1080,2065.5,985.5,27
2023-07-04,4,1,27,7,2023,Rainy,None,Fashion,T-Shirt Men,180,349,93.89,10,131,30,5,3.6,0.73,8820,15390.9,6570.9,49
2023-07-04,4,1,27,7,2023,Rainy,None,Fashion,Saree Cotton,350,699,99.71,0,16,15,7,7.0,0.84,10850,21669.0,10819.0,31
2023-07-05,5,2,27,7,2023,Rainy,None,FMCG,Cold Drink 500ml,20,30,50.0,0,905,200,2,0.4,0.71,1060,1590.0,530.0,53
2023-07-05,5,2,27,7,2023,Rainy,None,Grocery,Basmati Rice 5kg,180,225,25.0,5,73,50,3,3.6,0.72,15120,17955.0,2835.0,84
2023-07-05,5,2,27,7,2023,Rainy,None,Stationery,Notebook A4,28,45,60.71,15,253,100,3,0.56,0.96,2324,3174.75,850.75,83
2023-07-05,5,2,27,7,2023,Rainy,None,Electronics,Fan Table,850,1350,58.82,15,22,8,7,17.0,1.0,17000,22950.0,5950.0,20
2023-07-05,5,2,27,7,2023,Rainy,None,Fashion,Kurta Women,280,549,96.07,0,32,20,5,5.6,0.82,17080,33489.0,16409.0,61
2023-07-05,5,2,27,7,2023,Rainy,None,Stationery,Pen Blue Pack 10,25,40,60.0,20,833,200,2,0.5,0.84,2350,3008.0,658.0,94
2023-07-06,6,3,27,7,2023,Rainy,Muharram,Grocery,Basmati Rice 5kg,180,225,25.0,5,194,50,3,3.6,0.89,30060,35696.25,5636.25,167
2023-07-06,6,3,27,7,2023,Rainy,Muharram,Stationery,Notebook A4,28,45,60.71,0,107,100,3,0.56,0.86,2632,4230.0,1598.0,94
2023-07-06,6,3,27,7,2023,Rainy,Muharram,FMCG,Dandiya Sticks,40,85,112.5,10,732,200,2,0.8,0.97,4480,8568.0,4088.0,112
2023-07-06,6,3,27,7,2023,Rainy,Muharram,Electronics,Smartphone Redmi,8500,10999,29.4,10,41,10,7,170.0,0.93,255000,296973.0,41973.0,30
2023-07-06,6,3,27,7,2023,Rainy,Muharram,Agriculture,Wheat Seeds 1kg,65,95,46.15,0,132,30,5,1.3,0.88,5265,7695.0,2430.0,81
2023-07-06,6,3,27,7,2023,Rainy,Muharram,Stationery,Eraser Pack,12,20,66.67,0,229,150,2,0.24,0.87,1008,1680.0,672.0,84
2023-07-06,6,3,27,7,2023,Rainy,Muharram,FMCG,Kite + String,25,55,120.0,5,784,300,2,0.5,0.74,325,679.25,354.25,13
2023-07-07,7,4,27,7,2023,Rainy,None,FMCG,Shampoo Head&Shoulders,85,115,35.29,15,175,80,4,1.7,0.81,8670,9970.5,1300.5,102
2023-07-07,7,4,27,7,2023,Rainy,None,Agriculture,Wheat Seeds 1kg,65,95,46.15,0,30,30,5,1.3,0.93,1495,2185.0,690.0,23
2023-07-07,7,4,27,7,2023,Rainy,None,Fashion,Shoes Casual,350,699,99.71,10,34,25,6,7.0,0.94,20650,37116.9,16466.9,59
2023-07-08,8,5,27,7,2023,Rainy,None,Fashion,Kurta Women,280,549,96.07,0,37,20,5,5.6,0.85,5880,11529.0,5649.0,21
2023-07-08,8,5,27,7,2023,Rainy,None,FMCG,Diya Set 12pc,48,95,97.92,5,248,150,2,0.96,0.86,2688,5054.0,2366.0,56
2023-07-08,8,5,27,7,2023,Rainy,None,Fashion,Saree Cotton,350,699,99.71,20,20,15,7,7.0,0.88,28350,45295.2,16945.2,81
2023-07-08,8,5,27,7,2023,Rainy,None,FMCG,Soap Lux,22,32,45.45,10,596,150,3,0.44,0.78,2640,3456.0,816.0,120
2023-07-08,8,5,27,7,2023,Rainy,None,Agriculture,Pesticide 500ml,180,245,36.11,0,81,20,5,3.6,0.8,8460,11515.0,3055.0,47
2023-07-09,9,6,27,7,2023,Rainy,Muharram,Grocery,Salt 1kg,18,25,38.89,15,546,120,2,0.36,0.95,1962,2316.25,354.25,109
2023-07-09,9,6,27,7,2023,Rainy,Muharram,Agriculture,Fertilizer NPK 1kg,125,168,34.4,0,41,25,6,2.5,0.7,21250,28560.0,7310.0,170
2023-07-09,9,6,27,7,2023,Rainy,Muharram,Grocery,Sugar 1kg,42,54,28.57,10,287,100,2,0.84,0.85,2226,2575.8,349.8,53
2023-07-09,9,6,27,7,2023,Rainy,Muharram,Electronics,LED Bulb 9W,48,85,77.08,0,52,40,4,0.96,0.72,6048,10710.0,4662.0,126
2023-07-09,9,6,27,7,2023,Rainy,Muharram,Stationery,Notebook A4,28,45,60.71,5,275,100,3,0.56,0.82,2352,3591.0,1239.0,84
2023-07-09,9,6,27,7,2023,Rainy,Muharram,Electronics,Fan Table,850,1350,58.82,0,16,8,7,17.0,0.78,92650,147150.0,54500.0,109
2023-07-09,9,6,27,7,2023,Rainy,Muharram,FMCG,Shampoo Head&Shoulders,85,115,35.29,20,337,80,4,1.7,0.75,15640,16928.0,1288.0,184
2023-07-10,10,0,28,7,2023,Rainy,Muharram,Fashion,Saree Cotton,350,699,99.71,15,23,15,7,7.0,1.0,24500,41590.5,17090.5,70
2023-07-10,10,0,28,7,2023,Rainy,Muharram,Electronics,Fan Table,850,1350,58.82,0,31,8,7,17.0,0.7,83300,132300.0,49000.0,98
2023-07-10,10,0,28,7,2023,Rainy,Muharram,Grocery,Basmati Rice 5kg,180,225,25.0,0,193,50,3,3.6,0.89,5040,6300.0,1260.0,28
2023-07-10,10,0,28,7,2023,Rainy,Muharram,Grocery,Sugar 1kg,42,54,28.57,20,394,100,2,0.84,0.81,882,907.2,25.2,21
2023-07-10,10,0,28,7,2023,Rainy,Muharram,Grocery,Dal Toor 1kg,95,118,24.21,0,135,80,3,1.9,0.99,6080,7552.0,1472.0,64
2023-07-10,10,0,28,7,2023,Rainy,Muharram,FMCG,Puja Thali Set,125,245,96.0,15,159,50,3,2.5,0.72,3375,5622.75,2247.75,27
2023-07-10,10,0,28,7,2023,Rainy,Muharram,FMCG,Cold Drink 500ml,20,30,50.0,0,651,200,2,0.4,0.72,1640,2460.0,820.0,82
2023-07-11,11,1,28,7,2023,Rainy,None,FMCG,Shampoo Head&Shoulders,85,115,35.29,15,327,80,4,1.7,0.78,510,586.5,76.5,6
2023-07-11,11,1,28,7,2023,Rainy,None,Electronics,Smartphone Redmi,8500,10999,29.4,15,46,10,7,170.0,0.94,178500,196332.15,17832.15,21
2023-07-11,11,1,28,7,2023,Rainy,None,Grocery,Sunflower Oil 1L,120,148,23.33,10,118,60,4,2.4,0.94,9600,10656.0,1056.0,80
2023-07-11,11,1,28,7,2023,Rainy,None,FMCG,Dandiya Sticks,40,85,112.5,0,623,200,2,0.8,0.88,4360,9265.0,4905.0,109
2023-07-11,11,1,28,7,2023,Rainy,None,Agriculture,Pesticide 500ml,180,245,36.11,10,72,20,5,3.6,0.8,9900,12127.5,2227.5,55
2023-07-11,11,1,28,7,2023,Rainy,None,Grocery,Salt 1kg,18,25,38.89,10,361,120,2,0.36,0.93,972,1215.0,243.0,54
2023-07-11,11,1,28,7,2023,Rainy,None,Agriculture,Wheat Seeds 1kg,65,95,46.15,5,131,30,5,1.3,0.92,1820,2527.0,707.0,28
2023-07-12,12,2,28,7,2023,Rainy,Muharram,FMCG,Gulal Colors Set,35,75,114.29,0,357,200,2,0.7,0.81,2240,4800.0,2560.0,64
2023-07-12,12,2,28,7,2023,Rainy,Muharram,Electronics,Smartphone Redmi,8500,10999,29.4,10,21,10,7,170.0,0.72,646000,752331.6,106331.6,76
2023-07-12,12,2,28,7,2023,Rainy,Muharram,Fashion,Jeans Men,450,899,99.78,0,66,20,6,9.0,0.83,21600,43152.0,21552.0,48
2023-07-12,12,2,28,7,2023,Rainy,Muharram,FMCG,Kite + String,25,55,120.0,10,610,300,2,0.5,0.83,1475,2920.5,1445.5,59
2023-07-13,13,3,28,7,2023,Rainy,None,Stationery,Pencil Box,35,55,57.14,15,381,80,3,0.7,0.86,2590,3459.5,869.5,74
2023-07-13,13,3,28,7,2023,Rainy,None,Electronics,Fan Table,850,1350,58.82,15,40,8,7,17.0,0.76,42500,57375.0,14875.0,50
2023-07-13,13,3,28,7,2023,Rainy,None,FMCG,Kite + String,25,55,120.0,0,766,300,2,0.5,0.81,875,1925.0,1050.0,35
2023-07-14,14,4,28,7,2023,Rainy,None,Fashion,Jeans Men,450,899,99.78,5,70,20,6,9.0,0.81,18900,35870.1,16970.1,42
2023-07-14,14,4,28,7,2023,Rainy,None,Stationery,Pencil Box,35,55,57.14,10,266,80,3,0.7,0.99,1995,2821.5,826.5,57
2023-07-14,14,4,28,7,2023,Rainy,None,FMCG,Shampoo Head&Shoulders,85,115,35.29,0,84,80,4,1.7,0.88,3740,5060.0,1320.0,44
2023-07-14,14,4,28,7,2023,Rainy,None,FMCG,Kite + String,25,55,120.0,10,964,300,2,0.5,0.73,1900,3762.0,1862.0,76
2023-07-14,14,4,28,7,2023,Rainy,None,Grocery,Sugar 1kg,42,54,28.57,5,441,100,2,0.84,1.0,3234,3950.1,716.1,77
2023-07-14,14,4,28,7,2023,Rainy,None,Fashion,Kurta Women,280,549,96.07,0,30,20,5,5.6,1.0,7560,14823.0,7263.0,27
2023-07-14,14,4,28,7,2023,Rainy,None,FMCG,Diya Set 12pc,48,95,97.92,5,247,150,2,0.96,0.88,5424,10198.25,4774.25,113
2023-07-14,14,4,28,7,2023,Rainy,None,Grocery,Wheat Flour 10kg,320,385,20.31,15,115,40,3,6.4,0.91,2880,2945.25,65.25,9
2023-07-15,15,5,28,7,2023,Rainy,None,Stationery,Pen Blue Pack 10,25,40,60.0,0,474,200,2,0.5,0.91,1325,2120.0,795.0,53
2023-07-15,15,5,28,7,2023,Rainy,None,Grocery,Sugar 1kg,42,54,28.57,0,142,100,2,0.84,0.9,2856,3672.0,816.0,68
2023-07-15,15,5,28,7,2023,Rainy,None,FMCG,Cold Drink 500ml,20,30,50.0,0,779,200,2,0.4,0.81,2580,3870.0,1290.0,129
2023-07-15,15,5,28,7,2023,Rainy,None,FMCG,Detergent Surf 1kg,95,125,31.58,0,303,90,3,1.9,0.93,855,1125.0,270.0,9
2023-07-15,15,5,28,7,2023,Rainy,None,Grocery,Wheat Flour 10kg,320,385,20.31,15,68,40,3,6.4,0.8,6080,6217.75,137.75,19
2023-07-15,15,5,28,7,2023,Rainy,None,Stationery,Pencil Box,35,55,57.14,20,257,80,3,0.7,0.99,1890,2376.0,486.0,54
2023-07-16,16,6,28,7,2023,Rainy,None,Grocery,Christmas Cake,180,320,77.78,5,120,30,2,3.6,0.76,7020,11856.0,4836.0,39
2023-07-16,16,6,28,7,2023,Rainy,None,Electronics,LED Bulb 9W,48,85,77.08,0,52,40,4,0.96,0.98,4896,8670.0,3774.0,102
2023-07-16,16,6,28,7,2023,Rainy,None,Agriculture,Fertilizer NPK 1kg,125,168,34.4,15,107,25,6,2.5,0.71,21000,23990.4,2990.4,168
2023-07-16,16,6,28,7,2023,Rainy,None,Fashion,Kurta Women,280,549,96.07,0,70,20,5,5.6,0.79,3640,7137.0,3497.0,13
2023-07-16,16,6,28,7,2023,Rainy,None,Grocery,Sunflower Oil 1L,120,148,23.33,15,257,60,4,2.4,0.92,9600,10064.0,464.0,80
2023-07-16,16,6,28,7,2023,Rainy,None,FMCG,Dandiya Sticks,40,85,112.5,0,484,200,2,0.8,0.8,4880,10370.0,5490.0,122
2023-07-16,16,6,28,7,2023,Rainy,None,Fashion,T-Shirt Men,180,349,93.89,0,94,30,5,3.6,0.88,7020,13611.0,6591.0,39
2023-07-16,16,6,28,7,2023,Rainy,None,Grocery,Wheat Flour 10kg,320,385,20.31,20,178,40,3,6.4,0.79,22720,21868.0,-852.0,71
2023-07-17,17,0,29,7,2023,Rainy,None,FMCG,Biscuit Parle-G,8,12,50.0,15,246,200,2,0.16,0.81,808,1030.2,222.2,101
2023-07-17,17,0,29,7,2023,Rainy,None,Electronics,USB Cable,45,89,97.78,0,174,50,4,0.9,0.87,360,712.0,352.0,8
2023-07-17,17,0,29,7,2023,Rainy,None,Fashion,Kurta Women,280,549,96.07,10,70,20,5,5.6,0.87,1680,2964.6,1284.6,6
2023-07-17,17,0,29,7,2023,Rainy,None,FMCG,Cold Drink 500ml,20,30,50.0,20,759,200,2,0.4,0.82,1720,2064.0,344.0,86
2023-07-17,17,0,29,7,2023,Rainy,None,Fashion,Shoes Casual,350,699,99.71,5,124,25,6,7.0,0.91,20300,38514.9,18214.9,58
2023-07-17,17,0,29,7,2023,Rainy,None,FMCG,Crackers Box,200,380,90.0,0,455,100,3,4.0,0.9,18400,34960.0,16560.0,92
2023-07-17,17,0,29,7,2023,Rainy,None,Electronics,Power Bank 10000mAh,650,1099,69.08,15,51,15,6,13.0,0.95,26000,37366.0,11366.0,40
2023-07-18,18,1,29,7,2023,Rainy,None,Grocery,Christmas Cake,180,320,77.78,5,138,30,2,3.6,0.75,16920,28576.0,11656.0,94
2023-07-18,18,1,29,7,2023,Rainy,None,Stationery,Notebook A4,28,45,60.71,0,424,100,3,0.56,0.8,168,270.0,102.0,6
2023-07-18,18,1,29,7,2023,Rainy,None,Electronics,USB Cable,45,89,97.78,0,147,50,4,0.9,0.79,720,1424.0,704.0,16
2023-07-18,18,1,29,7,2023,Rainy,None,Grocery,Wheat Flour 10kg,320,385,20.31,0,67,40,3,6.4,0.84,24640,29645.0,5005.0,77
2023-07-18,18,1,29,7,2023,Rainy,None,Grocery,Basmati Rice 5kg,180,225,25.0,0,210,50,3,3.6,0.76,8280,10350.0,2070.0,46
2023-07-19,19,2,29,7,2023,Rainy,Muharram,FMCG,Toothpaste Colgate,55,75,36.36,10,315,100,3,1.1,0.95,1045,1282.5,237.5,19
2023-07-19,19,2,29,7,2023,Rainy,Muharram,Electronics,USB Cable,45,89,97.78,0,213,50,4,0.9,0.93,3105,6141.0,3036.0,69
2023-07-19,19,2,29,7,2023,Rainy,Muharram,Grocery,Eid Special Dates,280,450,60.71,10,170,40,4,5.6,0.78,52080,75330.0,23250.0,186
2023-07-19,19,2,29,7,2023,Rainy,Muharram,Fashion,Jeans Men,450,899,99.78,0,34,20,6,9.0,0.73,15750,31465.0,15715.0,35
2023-07-19,19,2,29,7,2023,Rainy,Muharram,Fashion,Kurta Women,280,549,96.07,5,37,20,5,5.6,0.88,19040,35465.4,16425.4,68
2023-07-19,19,2,29,7,2023,Rainy,Muharram,FMCG,Biscuit Parle-G,8,12,50.0,0,542,200,2,0.16,0.99,688,1032.0,344.0,86
2023-07-19,19,2,29,7,2023,Rainy,Muharram,Grocery,Salt 1kg,18,25,38.89,5,408,120,2,0.36,0.87,1962,2588.75,626.75,109
2023-07-20,20,3,29,7,2023,Rainy,Muharram,Agriculture,Fertilizer NPK 1kg,125,168,34.4,0,47,25,6,2.5,0.94,8250,11088.0,2838.0,66
2023-07-20,20,3,29,7,2023,Rainy,Muharram,Fashion,Saree Cotton,350,699,99.71,15,37,15,7,7.0,0.86,9800,16636.2,6836.2,28
2023-07-20,20,3,29,7,2023,Rainy,Muharram,FMCG,Cold Drink 500ml,20,30,50.0,0,674,200,2,0.4,0.97,1320,1980.0,660.0,66
2023-07-20,20,3,29,7,2023,Rainy,Muharram,Grocery,Dal Toor 1kg,95,118,24.21,15,307,80,3,1.9,0.73,3325,3510.5,185.5,35
2023-07-20,20,3,29,7,2023,Rainy,Muharram,FMCG,Detergent Surf 1kg,95,125,31.58,20,205,90,3,1.9,0.91,9595,10100.0,505.0,101
2023-07-20,20,3,29,7,2023,Rainy,Muharram,Agriculture,Wheat Seeds 1kg,65,95,46.15,10,85,30,5,1.3,0.91,520,684.0,164.0,8
2023-07-20,20,3,29,7,2023,Rainy,Muharram,Fashion,Jeans Men,450,899,99.78,0,97,20,6,9.0,0.92,9900,19778.0,9878.0,22
2023-07-21,21,4,29,7,2023,Rainy,None,Grocery,Salt 1kg,18,25,38.89,5,409,120,2,0.36,0.73,144,190.0,46.0,8
2023-07-21,21,4,29,7,2023,Rainy,None,Fashion,Shoes Casual,350,699,99.71,0,52,25,6,7.0,0.86,6300,12582.0,6282.0,18
2023-07-21,21,4,29,7,2023,Rainy,None,FMCG,Crackers Box,200,380,90.0,0,473,100,3,4.0,0.88,21400,40660.0,19260.0,107
2023-07-21,21,4,29,7,2023,Rainy,None,FMCG,Soap Lux,22,32,45.45,0,631,150,3,0.44,0.75,2596,3776.0,1180.0,118
2023-07-22,22,5,29,7,2023,Rainy,Muharram,FMCG,Biscuit Parle-G,8,12,50.0,0,823,200,2,0.16,0.98,1696,2544.0,848.0,212
2023-07-22,22,5,29,7,2023,Rainy,Muharram,Stationery,Pen Blue Pack 10,25,40,60.0,10,376,200,2,0.5,0.94,4275,6156.0,1881.0,171
2023-07-22,22,5,29,7,2023,Rainy,Muharram,FMCG,Dandiya Sticks,40,85,112.5,0,518,200,2,0.8,0.96,5280,11220.0,5940.0,132
2023-07-22,22,5,29,7,2023,Rainy,Muharram,FMCG,Crackers Box,200,380,90.0,15,170,100,3,4.0,0.75,9600,15504.0,5904.0,48
2023-07-22,22,5,29,7,2023,Rainy,Muharram,Grocery,Sunflower Oil 1L,120,148,23.33,20,73,60,4,2.4,0.75,18720,18470.4,-249.6,156
2023-07-22,22,5,29,7,2023,Rainy,Muharram,Grocery,Sugar 1kg,42,54,28.57,0,420,100,2,0.84,0.98,4872,6264.0,1392.0,116
2023-07-22,22,5,29,7,2023,Rainy,Muharram,Fashion,Kurta Women,280,549,96.07,0,39,20,5,5.6,0.72,10640,20862.0,10222.0,38
2023-07-22,22,5,29,7,2023,Rainy,Muharram,Agriculture,Pesticide 500ml,180,245,36.11,0,55,20,5,3.6,0.9,16740,22785.0,6045.0,93
2023-07-23,23,6,29,7,2023,Rainy,Muharram,FMCG,Shampoo Head&Shoulders,85,115,35.29,15,186,80,4,1.7,0.99,1020,1173.0,153.0,12
2023-07-23,23,6,29,7,2023,Rainy,Muharram,FMCG,Crackers Box,200,380,90.0,0,167,100,3,4.0,0.74,10000,19000.0,9000.0,50
2023-07-23,23,6,29,7,2023,Rainy,Muharram,FMCG,Soap Lux,22,32,45.45,5,280,150,3,0.44,0.91,3344,4620.8,1276.8,152
2023-07-23,23,6,29,7,2023,Rainy,Muharram,Grocery,Salt 1kg,18,25,38.89,0,219,120,2,0.36,0.71,1674,2325.0,651.0,93
2023-07-23,23,6,29,7,2023,Rainy,Muharram,Stationery,Eraser Pack,12,20,66.67,20,577,150,2,0.24,0.8,552,736.0,184.0,46
2023-07-23,23,6,29,7,2023,Rainy,Muharram,Stationery,Notebook A4,28,45,60.71,0,200,100,3,0.56,0.7,3136,5040.0,1904.0,112
2023-07-23,23,6,29,7,2023,Rainy,Muharram,Electronics,Smartphone Redmi,8500,10999,29.4,20,48,10,7,170.0,0.77,187000,193582.4,6582.4,22
2023-07-23,23,6,29,7,2023,Rainy,Muharram,Fashion,Shoes Casual,350,699,99.71,20,70,25,6,7.0,0.82,34300,54801.6,20501.6,98
2023-07-24,24,0,30,7,2023,Rainy,None,FMCG,Biscuit Parle-G,8,12,50.0,0,902,200,2,0.16,0.99,696,1044.0,348.0,87
2023-07-24,24,0,30,7,2023,Rainy,None,FMCG,Kite + String,25,55,120.0,0,383,300,2,0.5,0.96,2075,4565.0,2490.0,83
2023-07-24,24,0,30,7,2023,Rainy,None,Electronics,USB Cable,45,89,97.78,0,185,50,4,0.9,0.77,4635,9167.0,4532.0,103
2023-07-24,24,0,30,7,2023,Rainy,None,FMCG,Shampoo Head&Shoulders,85,115,35.29,20,357,80,4,1.7,0.95,850,920.0,70.0,10
2023-07-24,24,0,30,7,2023,Rainy,None,Grocery,Salt 1kg,18,25,38.89,0,197,120,2,0.36,0.87,1494,2075.0,581.0,83
2023-07-24,24,0,30,7,2023,Rainy,None,Grocery,Wheat Flour 10kg,320,385,20.31,20,147,40,3,6.4,0.85,18240,17556.0,-684.0,57
2023-07-24,24,0,30,7,2023,Rainy,None,FMCG,Detergent Surf 1kg,95,125,31.58,10,375,90,3,1.9,0.97,1425,1687.5,262.5,15
2023-07-25,25,1,30,7,2023,Rainy,None,Stationery,Pencil Box,35,55,57.14,0,281,80,3,0.7,0.81,3535,5555.0,2020.0,101
2023-07-25,25,1,30,7,2023,Rainy,None,Agriculture,Pesticide 500ml,180,245,36.11,0,52,20,5,3.6,0.79,12060,16415.0,4355.0,67
2023-07-25,25,1,30,7,2023,Rainy,None,Grocery,Sunflower Oil 1L,120,148,23.33,0,160,60,4,2.4,0.99,14040,17316.0,3276.0,117
2023-07-25,25,1,30,7,2023,Rainy,None,Stationery,Pen Blue Pack 10,25,40,60.0,15,393,200,2,0.5,0.92,1475,2006.0,531.0,59
2023-07-25,25,1,30,7,2023,Rainy,None,Electronics,USB Cable,45,89,97.78,10,127,50,4,0.9,0.89,2880,5126.4,2246.4,64
2023-07-25,25,1,30,7,2023,Rainy,None,Grocery,Christmas Cake,180,320,77.78,5,46,30,2,3.6,0.95,7380,12464.0,5084.0,41
2023-07-26,26,2,30,7,2023,Rainy,Muharram,FMCG,Shampoo Head&Shoulders,85,115,35.29,15,255,80,4,1.7,0.98,3910,4496.5,586.5,46
2023-07-26,26,2,30,7,2023,Rainy,Muharram,Agriculture,Wheat Seeds 1kg,65,95,46.15,10,49,30,5,1.3,0.73,5265,6925.5,1660.5,81
2023-07-26,26,2,30,7,2023,Rainy,Muharram,FMCG,Soap Lux,22,32,45.45,10,190,150,3,0.44,0.86,2948,3859.2,911.2,134
2023-07-26,26,2,30,7,2023,Rainy,Muharram,Grocery,Dal Toor 1kg,95,118,24.21,5,288,80,3,1.9,0.74,3705,4371.9,666.9,39
2023-07-26,26,2,30,7,2023,Rainy,Muharram,Fashion,T-Shirt Men,180,349,93.89,0,121,30,5,3.6,0.73,11520,22336.0,10816.0,64
2023-07-26,26,2,30,7,2023,Rainy,Muharram,FMCG,Toothpaste Colgate,55,75,36.36,10,234,100,3,1.1,0.77,8360,10260.0,1900.0,152
2023-07-27,27,3,30,7,2023,Rainy,None,Fashion,Kurta Women,280,549,96.07,0,51,20,5,5.6,0.78,17640,34587.0,16947.0,63
2023-07-27,27,3,30,7,2023,Rainy,None,Electronics,Power Bank 10000mAh,650,1099,69.08,0,30,15,6,13.0,0.72,7800,13188.0,5388.0,12
2023-07-27,27,3,30,7,2023,Rainy,None,FMCG,Shampoo Head&Shoulders,85,115,35.29,15,350,80,4,1.7,0.85,6885,7917.75,1032.75,81
2023-07-27,27,3,30,7,2023,Rainy,None,Fashion,T-Shirt Men,180,349,93.89,0,64,30,5,3.6,0.81,10800,20940.0,10140.0,60
2023-07-27,27,3,30,7,2023,Rainy,None,Agriculture,Pesticide 500ml,180,245,36.11,5,92,20,5,3.6,0.9,17100,22111.25,5011.25,95
2023-07-27,27,3,30,7,2023,Rainy,None,FMCG,Cold Drink 500ml,20,30,50.0,5,611,200,2,0.4,0.88,1460,2080.5,620.5,73
2023-07-27,27,3,30,7,2023,Rainy,None,Stationery,Notebook A4,28,45,60.71,15,425,100,3,0.56,0.8,1540,2103.75,563.75,55
2023-07-28,28,4,30,7,2023,Rainy,None,Stationery,Notebook A4,28,45,60.71,20,472,100,3,0.56,0.88,1344,1728.0,384.0,48
2023-07-28,28,4,30,7,2023,Rainy,None,Electronics,Power Bank 10000mAh,650,1099,69.08,10,19,15,6,13.0,0.83,48100,73193.4,25093.4,74
2023-07-28,28,4,30,7,2023,Rainy,None,Agriculture,Wheat Seeds 1kg,65,95,46.15,0,73,30,5,1.3,0.79,1690,2470.0,780.0,26
2023-07-28,28,4,30,7,2023,Rainy,None,Grocery,Eid Special Dates,280,450,60.71,0,42,40,4,5.6,0.87,35560,57150.0,21590.0,127
2023-07-29,29,5,30,7,2023,Rainy,None,Fashion,Jeans Men,450,899,99.78,0,58,20,6,9.0,0.95,41850,83607.0,41757.0,93
2023-07-29,29,5,30,7,2023,Rainy,None,FMCG,Diya Set 12pc,48,95,97.92,0,395,150,2,0.96,0.7,1872,3705.0,1833.0,39
2023-07-29,29,5,30,7,2023,Rainy,None,Grocery,Dal Toor 1kg,95,118,24.21,20,268,80,3,1.9,0.93,6745,6702.4,-42.6,71
2023-07-29,29,5,30,7,2023,Rainy,None,Fashion,Kurta Women,280,549,96.07,10,69,20,5,5.6,0.74,6160,10870.2,4710.2,22
2023-07-29,29,5,30,7,2023,Rainy,None,FMCG,Cold Drink 500ml,20,30,50.0,20,883,200,2,0.4,0.99,1220,1464.0,244.0,61
2023-07-29,29,5,30,7,2023,Rainy,None,Stationery,Pencil Box,35,55,57.14,15,206,80,3,0.7,0.94,4480,5984.0,1504.0,128
2023-07-29,29,5,30,7,2023,Rainy,None,FMCG,Toothpaste Colgate,55,75,36.36,0,254,100,3,1.1,0.93,6545,8925.0,2380.0,119
2023-07-30,30,6,30,7,2023,Rainy,Muharram,Electronics,Earphones Boat,350,599,71.14,0,22,20,5,7.0,0.71,14700,25158.0,10458.0,42
2023-07-30,30,6,30,7,2023,Rainy,Muharram,Grocery,Sugar 1kg,42,54,28.57,15,371,100,2,0.84,0.95,2268,2478.6,210.6,54
2023-07-30,30,6,30,7,2023,Rainy,Muharram,Agriculture,Fertilizer NPK 1kg,125,168,34.4,0,35,25,6,2.5,0.81,8500,11424.0,2924.0,68
2023-07-30,30,6,30,7,2023,Rainy,Muharram,Grocery,Eid Special Dates,280,450,60.71,10,182,40,4,5.6,0.78,39760,57510.0,17750.0,142
2023-07-30,30,6,30,7,2023,Rainy,Muharram,Stationery,Eraser Pack,12,20,66.67,0,436,150,2,0.24,0.92,768,1280.0,512.0,64
2023-07-31,31,0,31,7,2023,Rainy,Muharram,Agriculture,Wheat Seeds 1kg,65,95,46.15,0,112,30,5,1.3,0.99,2405,3515.0,1110.0,37
2023-07-31,31,0,31,7,2023,Rainy,Muharram,FMCG,Diya Set 12pc,48,95,97.92,20,570,150,2,0.96,0.94,720,1140.0,420.0,15
2023-07-31,31,0,31,7,2023,Rainy,Muharram,Agriculture,Pesticide 500ml,180,245,36.11,15,76,20,5,3.6,0.84,7200,8330.0,1130.0,40
2023-07-31,31,0,31,7,2023,Rainy,Muharram,Electronics,LED Bulb 9W,48,85,77.08,0,122,40,4,0.96,0.82,5616,9945.0,4329.0,117
2023-08-01,1,1,31,8,2023,Rainy,None,Agriculture,Pesticide 500ml,180,245,36.11,15,100,20,5,3.6,0.91,3060,3540.25,480.25,17
2023-08-01,1,1,31,8,2023,Rainy,None,Grocery,Basmati Rice 5kg,180,225,25.0,20,187,50,3,3.6,0.72,7740,7740.0,0.0,43
2023-08-01,1,1,31,8,2023,Rainy,None,FMCG,Soap Lux,22,32,45.45,0,196,150,3,0.44,0.71,1496,2176.0,680.0,68
2023-08-01,1,1,31,8,2023,Rainy,None,Electronics,Fan Table,850,1350,58.82,0,19,8,7,17.0,0.92,75650,120150.0,44500.0,89
2023-08-02,2,2,31,8,2023,Rainy,None,Fashion,Jeans Men,450,899,99.78,20,23,20,6,9.0,0.88,10350,16541.6,6191.6,23
2023-08-02,2,2,31,8,2023,Rainy,None,FMCG,Cold Drink 500ml,20,30,50.0,0,326,200,2,0.4,0.93,2340,3510.0,1170.0,117
2023-08-02,2,2,31,8,2023,Rainy,None,Fashion,Saree Cotton,350,699,99.71,0,55,15,7,7.0,0.91,18900,37746.0,18846.0,54
2023-08-03,3,3,31,8,2023,Rainy,None,FMCG,Detergent Surf 1kg,95,125,31.58,0,290,90,3,1.9,0.75,3135,4125.0,990.0,33
2023-08-03,3,3,31,8,2023,Rainy,None,Grocery,Sunflower Oil 1L,120,148,23.33,15,107,60,4,2.4,0.87,1560,1635.4,75.4,13
2023-08-03,3,3,31,8,2023,Rainy,None,Electronics,Smartphone Redmi,8500,10999,29.4,15,32,10,7,170.0,0.74,748000,822725.2,74725.2,88
2023-08-03,3,3,31,8,2023,Rainy,None,FMCG,Soap Lux,22,32,45.45,0,368,150,3,0.44,0.97,1738,2528.0,790.0,79
2023-08-03,3,3,31,8,2023,Rainy,None,FMCG,Dandiya Sticks,40,85,112.5,0,909,200,2,0.8,0.93,1240,2635.0,1395.0,31
2023-08-03,3,3,31,8,2023,Rainy,None,Stationery,Pen Blue Pack 10,25,40,60.0,5,394,200,2,0.5,0.97,1175,1786.0,611.0,47
2023-08-04,4,4,31,8,2023,Rainy,Independence Day,FMCG,Cold Drink 500ml,20,30,50.0,5,558,200,2,0.4,0.99,2060,2935.5,875.5,103
2023-08-04,4,4,31,8,2023,Rainy,Independence Day,Grocery,Basmati Rice 5kg,180,225,25.0,5,62,50,3,3.6,0.87,19980,23726.25,3746.25,111
2023-08-04,4,4,31,8,2023,Rainy,Independence Day,Fashion,T-Shirt Men,180,349,93.89,5,79,30,5,3.6,0.88,2520,4641.7,2121.7,14
2023-08-04,4,4,31,8,2023,Rainy,Independence Day,Stationery,Notebook A4,28,45,60.71,20,181,100,3,0.56,0.95,1176,1512.0,336.0,42
2023-08-04,4,4,31,8,2023,Rainy,Independence Day,FMCG,Gulal Colors Set,35,75,114.29,0,214,200,2,0.7,0.85,3185,6825.0,3640.0,91
2023-08-04,4,4,31,8,2023,Rainy,Independence Day,Electronics,USB Cable,45,89,97.78,0,215,50,4,0.9,0.95,3690,7298.0,3608.0,82
2023-08-04,4,4,31,8,2023,Rainy,Independence Day,Fashion,Shoes Casual,350,699,99.71,20,96,25,6,7.0,0.9,33950,54242.4,20292.4,97
2023-08-05,5,5,31,8,2023,Rainy,Raksha Bandhan,FMCG,Cold Drink 500ml,20,30,50.0,20,414,200,2,0.4,0.99,2360,2832.0,472.0,118
2023-08-05,5,5,31,8,2023,Rainy,Raksha Bandhan,Grocery,Dal Toor 1kg,95,118,24.21,0,162,80,3,1.9,0.98,6080,7552.0,1472.0,64
2023-08-05,5,5,31,8,2023,Rainy,Raksha Bandhan,FMCG,Puja Thali Set,125,245,96.0,10,243,50,3,2.5,0.88,3250,5733.0,2483.0,26
2023-08-05,5,5,31,8,2023,Rainy,Raksha Bandhan,Agriculture,Wheat Seeds 1kg,65,95,46.15,0,115,30,5,1.3,0.96,2860,4180.0,1320.0,44
2023-08-05,5,5,31,8,2023,Rainy,Raksha Bandhan,Electronics,LED Bulb 9W,48,85,77.08,10,87,40,4,0.96,0.75,3456,5508.0,2052.0,72
2023-08-05,5,5,31,8,2023,Rainy,Raksha Bandhan,FMCG,Crackers Box,200,380,90.0,0,193,100,3,4.0,0.95,33600,63840.0,30240.0,168
2023-08-05,5,5,31,8,2023,Rainy,Raksha Bandhan,Stationery,Pencil Box,35,55,57.14,10,105,80,3,0.7,0.97,2485,3514.5,1029.5,71
2023-08-05,5,5,31,8,2023,Rainy,Raksha Bandhan,Electronics,Power Bank 10000mAh,650,1099,69.08,0,30,15,6,13.0,0.72,136500,230790.0,94290.0,210
2023-08-06,6,6,31,8,2023,Rainy,None,FMCG,Soap Lux,22,32,45.45,0,384,150,3,0.44,0.96,2860,4160.0,1300.0,130
2023-08-06,6,6,31,8,2023,Rainy,None,FMCG,Kite + String,25,55,120.0,0,963,300,2,0.5,0.74,950,2090.0,1140.0,38
2023-08-06,6,6,31,8,2023,Rainy,None,Grocery,Sugar 1kg,42,54,28.57,15,297,100,2,0.84,0.75,1092,1193.4,101.4,26
2023-08-06,6,6,31,8,2023,Rainy,None,Electronics,Fan Table,850,1350,58.82,15,26,8,7,17.0,0.9,15300,20655.0,5355.0,18
2023-08-06,6,6,31,8,2023,Rainy,None,Stationery,Pencil Box,35,55,57.14,0,322,80,3,0.7,0.9,5180,8140.0,2960.0,148
2023-08-06,6,6,31,8,2023,Rainy,None,FMCG,Puja Thali Set,125,245,96.0,5,120,50,3,2.5,0.94,2625,4887.75,2262.75,21
2023-08-06,6,6,31,8,2023,Rainy,None,Grocery,Eid Special Dates,280,450,60.71,0,185,40,4,5.6,0.72,27720,44550.0,16830.0,99
2023-08-06,6,6,31,8,2023,Rainy,None,FMCG,Dandiya Sticks,40,85,112.5,0,638,200,2,0.8,0.99,880,1870.0,990.0,22
2023-08-07,7,0,32,8,2023,Rainy,Janmashtami,Grocery,Salt 1kg,18,25,38.89,0,423,120,2,0.36,1.0,3960,5500.0,1540.0,220
2023-08-07,7,0,32,8,2023,Rainy,Janmashtami,Grocery,Eid Special Dates,280,450,60.71,10,167,40,4,5.6,0.81,32480,46980.0,14500.0,116
2023-08-07,7,0,32,8,2023,Rainy,Janmashtami,Fashion,Kurta Women,280,549,96.07,0,20,20,5,5.6,0.94,5040,9882.0,4842.0,18
2023-08-07,7,0,32,8,2023,Rainy,Janmashtami,Agriculture,Wheat Seeds 1kg,65,95,46.15,0,50,30,5,1.3,0.9,5005,7315.0,2310.0,77
2023-08-07,7,0,32,8,2023,Rainy,Janmashtami,Electronics,Fan Table,850,1350,58.82,0,13,8,7,17.0,0.74,91800,145800.0,54000.0,108
2023-08-08,8,1,32,8,2023,Rainy,None,Electronics,Smartphone Redmi,8500,10999,29.4,5,46,10,7,170.0,0.89,552500,679188.25,126688.25,65
2023-08-08,8,1,32,8,2023,Rainy,None,Grocery,Eid Special Dates,280,450,60.71,5,173,40,4,5.6,0.84,3920,5985.0,2065.0,14
2023-08-08,8,1,32,8,2023,Rainy,None,Electronics,Power Bank 10000mAh,650,1099,69.08,0,72,15,6,13.0,0.85,18850,31871.0,13021.0,29
2023-08-09,9,2,32,8,2023,Rainy,None,FMCG,Cold Drink 500ml,20,30,50.0,15,547,200,2,0.4,0.91,220,280.5,60.5,11
2023-08-09,9,2,32,8,2023,Rainy,None,FMCG,Shampoo Head&Shoulders,85,115,35.29,10,358,80,4,1.7,0.83,9095,11074.5,1979.5,107
2023-08-09,9,2,32,8,2023,Rainy,None,Agriculture,Fertilizer NPK 1kg,125,168,34.4,0,112,25,6,2.5,0.87,6875,9240.0,2365.0,55
2023-08-10,10,3,32,8,2023,Rainy,Janmashtami,Fashion,Jeans Men,450,899,99.78,15,43,20,6,9.0,0.77,58050,98575.35,40525.35,129
2023-08-10,10,3,32,8,2023,Rainy,Janmashtami,Electronics,Smartphone Redmi,8500,10999,29.4,0,47,10,7,170.0,0.72,136000,175984.0,39984.0,16
2023-08-10,10,3,32,8,2023,Rainy,Janmashtami,FMCG,Soap Lux,22,32,45.45,20,647,150,3,0.44,0.94,418,486.4,68.4,19
2023-08-10,10,3,32,8,2023,Rainy,Janmashtami,Grocery,Dal Toor 1kg,95,118,24.21,0,313,80,3,1.9,0.94,10260,12744.0,2484.0,108
2023-08-10,10,3,32,8,2023,Rainy,Janmashtami,Stationery,Pen Blue Pack 10,25,40,60.0,0,251,200,2,0.5,0.7,2725,4360.0,1635.0,109
2023-08-10,10,3,32,8,2023,Rainy,Janmashtami,Fashion,Kurta Women,280,549,96.07,5,59,20,5,5.6,0.79,32480,60499.8,28019.8,116
2023-08-10,10,3,32,8,2023,Rainy,Janmashtami,Grocery,Christmas Cake,180,320,77.78,15,68,30,2,3.6,0.87,27900,42160.0,14260.0,155
2023-08-10,10,3,32,8,2023,Rainy,Janmashtami,FMCG,Biscuit Parle-G,8,12,50.0,10,291,200,2,0.16,0.83,1296,1749.6,453.6,162
2023-08-11,11,4,32,8,2023,Rainy,Raksha Bandhan,Stationery,Pen Blue Pack 10,25,40,60.0,0,561,200,2,0.5,0.79,200,320.0,120.0,8
2023-08-11,11,4,32,8,2023,Rainy,Raksha Bandhan,Fashion,Shoes Casual,350,699,99.71,0,100,25,6,7.0,0.92,48300,96462.0,48162.0,138
2023-08-11,11,4,32,8,2023,Rainy,Raksha Bandhan,Agriculture,Wheat Seeds 1kg,65,95,46.15,0,53,30,5,1.3,0.99,7345,10735.0,3390.0,113
2023-08-11,11,4,32,8,2023,Rainy,Raksha Bandhan,Grocery,Sunflower Oil 1L,120,148,23.33,5,222,60,4,2.4,0.87,3600,4218.0,618.0,30
2023-08-12,12,5,32,8,2023,Rainy,Janmashtami,FMCG,Shampoo Head&Shoulders,85,115,35.29,0,84,80,4,1.7,0.75,19550,26450.0,6900.0,230
2023-08-12,12,5,32,8,2023,Rainy,Janmashtami,Grocery,Eid Special Dates,280,450,60.71,0,81,40,4,5.6,0.84,15400,24750.0,9350.0,55
2023-08-12,12,5,32,8,2023,Rainy,Janmashtami,Stationery,Pen Blue Pack 10,25,40,60.0,15,440,200,2,0.5,1.0,2025,2754.0,729.0,81
2023-08-12,12,5,32,8,2023,Rainy,Janmashtami,Electronics,USB Cable,45,89,97.78,20,184,50,4,0.9,0.89,5220,8259.2,3039.2,116
2023-08-12,12,5,32,8,2023,Rainy,Janmashtami,Fashion,Saree Cotton,350,699,99.71,10,54,15,7,7.0,0.82,60200,108205.2,48005.2,172
2023-08-13,13,6,32,8,2023,Rainy,None,Stationery,Eraser Pack,12,20,66.67,20,464,150,2,0.24,0.91,924,1232.0,308.0,77
2023-08-13,13,6,32,8,2023,Rainy,None,Agriculture,Wheat Seeds 1kg,65,95,46.15,20,69,30,5,1.3,0.88,1950,2280.0,330.0,30
2023-08-13,13,6,32,8,2023,Rainy,None,Electronics,Power Bank 10000mAh,650,1099,69.08,5,52,15,6,13.0,0.77,90350,145122.95,54772.95,139
2023-08-13,13,6,32,8,2023,Rainy,None,Fashion,Jeans Men,450,899,99.78,10,53,20,6,9.0,0.78,22950,41264.1,18314.1,51
2023-08-13,13,6,32,8,2023,Rainy,None,Fashion,Kurta Women,280,549,96.07,5,54,20,5,5.6,0.96,12880,23991.3,11111.3,46
2023-08-14,14,0,33,8,2023,Rainy,Janmashtami,Grocery,Wheat Flour 10kg,320,385,20.31,0,194,40,3,6.4,0.92,55360,66605.0,11245.0,173
2023-08-14,14,0,33,8,2023,Rainy,Janmashtami,FMCG,Crackers Box,200,380,90.0,15,442,100,3,4.0,0.95,17000,27455.0,10455.0,85
2023-08-14,14,0,33,8,2023,Rainy,Janmashtami,FMCG,Dandiya Sticks,40,85,112.5,15,476,200,2,0.8,0.73,6560,11849.0,5289.0,164
2023-08-14,14,0,33,8,2023,Rainy,Janmashtami,FMCG,Detergent Surf 1kg,95,125,31.58,0,382,90,3,1.9,0.83,4465,5875.0,1410.0,47
2023-08-14,14,0,33,8,2023,Rainy,Janmashtami,FMCG,Toothpaste Colgate,55,75,36.36,0,345,100,3,1.1,0.93,2805,3825.0,1020.0,51
2023-08-15,15,1,33,8,2023,Rainy,None,Fashion,Saree Cotton,350,699,99.71,20,45,15,7,7.0,0.94,18200,29078.4,10878.4,52
2023-08-15,15,1,33,8,2023,Rainy,None,Fashion,Jeans Men,450,899,99.78,0,21,20,6,9.0,0.71,7200,14384.0,7184.0,16
2023-08-15,15,1,33,8,2023,Rainy,None,FMCG,Crackers Box,200,380,90.0,0,255,100,3,4.0,0.81,21000,39900.0,18900.0,105
2023-08-15,15,1,33,8,2023,Rainy,None,Fashion,Shoes Casual,350,699,99.71,0,53,25,6,7.0,0.87,8400,16776.0,8376.0,24
2023-08-15,15,1,33,8,2023,Rainy,None,Electronics,Smartphone Redmi,8500,10999,29.4,20,32,10,7,170.0,0.73,68000,70393.6,2393.6,8
2023-08-15,15,1,33,8,2023,Rainy,None,Fashion,T-Shirt Men,180,349,93.89,20,140,30,5,3.6,0.84,2880,4467.2,1587.2,16
2023-08-16,16,2,33,8,2023,Rainy,None,Fashion,Shoes Casual,350,699,99.71,20,96,25,6,7.0,0.98,25900,41380.8,15480.8,74
2023-08-16,16,2,33,8,2023,Rainy,None,FMCG,Crackers Box,200,380,90.0,20,412,100,3,4.0,0.77,4800,7296.0,2496.0,24
2023-08-16,16,2,33,8,2023,Rainy,None,Stationery,Pencil Box,35,55,57.14,0,362,80,3,0.7,0.79,1855,2915.0,1060.0,53
2023-08-16,16,2,33,8,2023,Rainy,None,Electronics,Smartphone Redmi,8500,10999,29.4,0,24,10,7,170.0,0.73,442000,571948.0,129948.0,52
2023-08-16,16,2,33,8,2023,Rainy,None,Fashion,Kurta Women,280,549,96.07,0,26,20,5,5.6,0.97,20440,40077.0,19637.0,73
2023-08-16,16,2,33,8,2023,Rainy,None,Grocery,Eid Special Dates,280,450,60.71,0,144,40,4,5.6,0.75,10920,17550.0,6630.0,39
2023-08-17,17,3,33,8,2023,Rainy,Independence Day,FMCG,Shampoo Head&Shoulders,85,115,35.29,15,198,80,4,1.7,0.9,2550,2932.5,382.5,30
2023-08-17,17,3,33,8,2023,Rainy,Independence Day,Grocery,Sunflower Oil 1L,120,148,23.33,15,249,60,4,2.4,0.91,22200,23273.0,1073.0,185
2023-08-17,17,3,33,8,2023,Rainy,Independence Day,Electronics,Power Bank 10000mAh,650,1099,69.08,20,49,15,6,13.0,0.95,70850,95832.8,24982.8,109
2023-08-17,17,3,33,8,2023,Rainy,Independence Day,Electronics,Smartphone Redmi,8500,10999,29.4,0,30,10,7,170.0,0.91,1266500,1638851.0,372351.0,149
2023-08-17,17,3,33,8,2023,Rainy,Independence Day,Fashion,Jeans Men,450,899,99.78,0,68,20,6,9.0,0.93,57600,115072.0,57472.0,128
2023-08-17,17,3,33,8,2023,Rainy,Independence Day,Agriculture,Pesticide 500ml,180,245,36.11,0,31,20,5,3.6,0.89,11160,15190.0,4030.0,62
2023-08-17,17,3,33,8,2023,Rainy,Independence Day,Fashion,T-Shirt Men,180,349,93.89,5,38,30,5,3.6,0.84,18360,33818.1,15458.1,102
2023-08-17,17,3,33,8,2023,Rainy,Independence Day,Grocery,Dal Toor 1kg,95,118,24.21,0,243,80,3,1.9,0.72,1900,2360.0,460.0,20
2023-08-18,18,4,33,8,2023,Rainy,Janmashtami,FMCG,Kite + String,25,55,120.0,10,992,300,2,0.5,0.75,2175,4306.5,2131.5,87
2023-08-18,18,4,33,8,2023,Rainy,Janmashtami,Stationery,Notebook A4,28,45,60.71,20,485,100,3,0.56,0.98,3024,3888.0,864.0,108
2023-08-18,18,4,33,8,2023,Rainy,Janmashtami,Grocery,Sugar 1kg,42,54,28.57,0,366,100,2,0.84,1.0,2856,3672.0,816.0,68
2023-08-18,18,4,33,8,2023,Rainy,Janmashtami,FMCG,Detergent Surf 1kg,95,125,31.58,10,98,90,3,1.9,0.74,5795,6862.5,1067.5,61
2023-08-19,19,5,33,8,2023,Rainy,Independence Day,Grocery,Eid Special Dates,280,450,60.71,0,57,40,4,5.6,0.92,49560,79650.0,30090.0,177
2023-08-19,19,5,33,8,2023,Rainy,Independence Day,FMCG,Biscuit Parle-G,8,12,50.0,0,573,200,2,0.16,0.98,1432,2148.0,716.0,179
2023-08-19,19,5,33,8,2023,Rainy,Independence Day,Electronics,Earphones Boat,350,599,71.14,0,38,20,5,7.0,0.93,56350,96439.0,40089.0,161
2023-08-19,19,5,33,8,2023,Rainy,Independence Day,FMCG,Dandiya Sticks,40,85,112.5,10,522,200,2,0.8,0.77,5880,11245.5,5365.5,147
2023-08-19,19,5,33,8,2023,Rainy,Independence Day,Grocery,Basmati Rice 5kg,180,225,25.0,15,214,50,3,3.6,0.81,5760,6120.0,360.0,32
2023-08-19,19,5,33,8,2023,Rainy,Independence Day,Electronics,USB Cable,45,89,97.78,0,94,50,4,0.9,0.97,1800,3560.0,1760.0,40
2023-08-20,20,6,33,8,2023,Rainy,Independence Day,Grocery,Christmas Cake,180,320,77.78,0,88,30,2,3.6,0.72,12060,21440.0,9380.0,67
2023-08-20,20,6,33,8,2023,Rainy,Independence Day,FMCG,Dandiya Sticks,40,85,112.5,20,989,200,2,0.8,0.7,9720,16524.0,6804.0,243
2023-08-20,20,6,33,8,2023,Rainy,Independence Day,Electronics,LED Bulb 9W,48,85,77.08,5,73,40,4,0.96,0.79,3264,5491.0,2227.0,68
2023-08-20,20,6,33,8,2023,Rainy,Independence Day,FMCG,Puja Thali Set,125,245,96.0,0,234,50,3,2.5,0.82,4000,7840.0,3840.0,32
2023-08-20,20,6,33,8,2023,Rainy,Independence Day,FMCG,Detergent Surf 1kg,95,125,31.58,20,369,90,3,1.9,0.84,10450,11000.0,550.0,110
2023-08-20,20,6,33,8,2023,Rainy,Independence Day,Electronics,Power Bank 10000mAh,650,1099,69.08,20,45,15,6,13.0,0.89,30550,41322.4,10772.4,47
2023-08-20,20,6,33,8,2023,Rainy,Independence Day,Grocery,Wheat Flour 10kg,320,385,20.31,15,106,40,3,6.4,0.82,63680,65122.75,1442.75,199
2023-08-20,20,6,33,8,2023,Rainy,Independence Day,FMCG,Biscuit Parle-G,8,12,50.0,10,251,200,2,0.16,0.82,712,961.2,249.2,89
2023-08-21,21,0,34,8,2023,Rainy,None,FMCG,Kite + String,25,55,120.0,0,382,300,2,0.5,0.94,825,1815.0,990.0,33
2023-08-21,21,0,34,8,2023,Rainy,None,Electronics,USB Cable,45,89,97.78,10,244,50,4,0.9,0.86,2430,4325.4,1895.4,54
2023-08-21,21,0,34,8,2023,Rainy,None,Grocery,Christmas Cake,180,320,77.78,15,122,30,2,3.6,0.92,12420,18768.0,6348.0,69
2023-08-21,21,0,34,8,2023,Rainy,None,Agriculture,Fertilizer NPK 1kg,125,168,34.4,0,49,25,6,2.5,0.84,11375,15288.0,3913.0,91
2023-08-21,21,0,34,8,2023,Rainy,None,FMCG,Toothpaste Colgate,55,75,36.36,20,151,100,3,1.1,0.74,1155,1260.0,105.0,21
2023-08-21,21,0,34,8,2023,Rainy,None,FMCG,Gulal Colors Set,35,75,114.29,0,668,200,2,0.7,0.99,455,975.0,520.0,13
2023-08-21,21,0,34,8,2023,Rainy,None,FMCG,Crackers Box,200,380,90.0,0,452,100,3,4.0,0.87,10600,20140.0,9540.0,53
2023-08-21,21,0,34,8,2023,Rainy,None,FMCG,Detergent Surf 1kg,95,125,31.58,20,127,90,3,1.9,0.84,1520,1600.0,80.0,16
2023-08-22,22,1,34,8,2023,Rainy,None,FMCG,Puja Thali Set,125,245,96.0,0,200,50,3,2.5,0.99,3875,7595.0,3720.0,31
2023-08-22,22,1,34,8,2023,Rainy,None,Fashion,T-Shirt Men,180,349,93.89,10,52,30,5,3.6,0.88,6840,11935.8,5095.8,38
2023-08-22,22,1,34,8,2023,Rainy,None,Grocery,Sunflower Oil 1L,120,148,23.33,15,104,60,4,2.4,0.75,3600,3774.0,174.0,30
2023-08-23,23,2,34,8,2023,Rainy,Raksha Bandhan,Stationery,Pen Blue Pack 10,25,40,60.0,20,315,200,2,0.5,0.81,1150,1472.0,322.0,46
2023-08-23,23,2,34,8,2023,Rainy,Raksha Bandhan,Electronics,LED Bulb 9W,48,85,77.08,5,106,40,4,0.96,0.88,5040,8478.75,3438.75,105
2023-08-23,23,2,34,8,2023,Rainy,Raksha Bandhan,Electronics,Power Bank 10000mAh,650,1099,69.08,15,27,15,6,13.0,0.97,83850,120505.35,36655.35,129
2023-08-23,23,2,34,8,2023,Rainy,Raksha Bandhan,Electronics,USB Cable,45,89,97.78,15,100,50,4,0.9,0.76,495,832.15,337.15,11
2023-08-23,23,2,34,8,2023,Rainy,Raksha Bandhan,Agriculture,Pesticide 500ml,180,245,36.11,0,22,20,5,3.6,0.79,10440,14210.0,3770.0,58
2023-08-23,23,2,34,8,2023,Rainy,Raksha Bandhan,FMCG,Cold Drink 500ml,20,30,50.0,20,813,200,2,0.4,0.87,3980,4776.0,796.0,199
2023-08-24,24,3,34,8,2023,Rainy,Raksha Bandhan,Grocery,Basmati Rice 5kg,180,225,25.0,10,225,50,3,3.6,0.8,25560,28755.0,3195.0,142
2023-08-24,24,3,34,8,2023,Rainy,Raksha Bandhan,Electronics,Fan Table,850,1350,58.82,10,36,8,7,17.0,0.85,71400,102060.0,30660.0,84
2023-08-24,24,3,34,8,2023,Rainy,Raksha Bandhan,Agriculture,Pesticide 500ml,180,245,36.11,10,46,20,5,3.6,0.75,7200,8820.0,1620.0,40
2023-08-24,24,3,34,8,2023,Rainy,Raksha Bandhan,Grocery,Wheat Flour 10kg,320,385,20.31,10,108,40,3,6.4,0.76,33600,36382.5,2782.5,105
2023-08-24,24,3,34,8,2023,Rainy,Raksha Bandhan,FMCG,Detergent Surf 1kg,95,125,31.58,5,177,90,3,1.9,0.75,16055,20068.75,4013.75,169
2023-08-25,25,4,34,8,2023,Rainy,None,Grocery,Eid Special Dates,280,450,60.71,0,194,40,4,5.6,0.74,27720,44550.0,16830.0,99
2023-08-25,25,4,34,8,2023,Rainy,None,FMCG,Toothpaste Colgate,55,75,36.36,15,180,100,3,1.1,0.75,4125,4781.25,656.25,75
2023-08-25,25,4,34,8,2023,Rainy,None,Grocery,Wheat Flour 10kg,320,385,20.31,0,145,40,3,6.4,0.77,8000,9625.0,1625.0,25
2023-08-25,25,4,34,8,2023,Rainy,None,Stationery,Eraser Pack,12,20,66.67,0,745,150,2,0.24,0.82,1152,1920.0,768.0,96
2023-08-25,25,4,34,8,2023,Rainy,None,Grocery,Dal Toor 1kg,95,118,24.21,5,158,80,3,1.9,0.89,5415,6389.7,974.7,57
2023-08-26,26,5,34,8,2023,Rainy,None,Fashion,T-Shirt Men,180,349,93.89,0,33,30,5,3.6,0.89,9000,17450.0,8450.0,50
2023-08-26,26,5,34,8,2023,Rainy,None,FMCG,Cold Drink 500ml,20,30,50.0,10,409,200,2,0.4,0.92,1460,1971.0,511.0,73
2023-08-26,26,5,34,8,2023,Rainy,None,Grocery,Sunflower Oil 1L,120,148,23.33,0,70,60,4,2.4,0.71,20280,25012.0,4732.0,169
2023-08-26,26,5,34,8,2023,Rainy,None,Agriculture,Wheat Seeds 1kg,65,95,46.15,10,58,30,5,1.3,0.91,10595,13936.5,3341.5,163
2023-08-27,27,6,34,8,2023,Rainy,Independence Day,Grocery,Salt 1kg,18,25,38.89,20,271,120,2,0.36,0.85,738,820.0,82.0,41
2023-08-27,27,6,34,8,2023,Rainy,Independence Day,Grocery,Dal Toor 1kg,95,118,24.21,0,302,80,3,1.9,0.86,15770,19588.0,3818.0,166
2023-08-27,27,6,34,8,2023,Rainy,Independence Day,FMCG,Cold Drink 500ml,20,30,50.0,10,505,200,2,0.4,0.97,4440,5994.0,1554.0,222
2023-08-27,27,6,34,8,2023,Rainy,Independence Day,FMCG,Toothpaste Colgate,55,75,36.36,0,267,100,3,1.1,0.78,10010,13650.0,3640.0,182
2023-08-28,28,0,35,8,2023,Rainy,None,Grocery,Sugar 1kg,42,54,28.57,0,354,100,2,0.84,0.83,6132,7884.0,1752.0,146
2023-08-28,28,0,35,8,2023,Rainy,None,Stationery,Pen Blue Pack 10,25,40,60.0,10,521,200,2,0.5,0.86,1900,2736.0,836.0,76
2023-08-28,28,0,35,8,2023,Rainy,None,Fashion,Jeans Men,450,899,99.78,20,56,20,6,9.0,0.98,24750,39556.0,14806.0,55
2023-08-28,28,0,35,8,2023,Rainy,None,FMCG,Dandiya Sticks,40,85,112.5,5,321,200,2,0.8,0.88,2720,5491.0,2771.0,68
2023-08-28,28,0,35,8,2023,Rainy,None,FMCG,Shampoo Head&Shoulders,85,115,35.29,15,172,80,4,1.7,0.73,2210,2541.5,331.5,26
2023-08-28,28,0,35,8,2023,Rainy,None,Grocery,Basmati Rice 5kg,180,225,25.0,0,95,50,3,3.6,0.72,19620,24525.0,4905.0,109
2023-08-28,28,0,35,8,2023,Rainy,None,Grocery,Sunflower Oil 1L,120,148,23.33,0,76,60,4,2.4,0.71,1200,1480.0,280.0,10
2023-08-29,29,1,35,8,2023,Rainy,Raksha Bandhan,Electronics,LED Bulb 9W,48,85,77.08,10,68,40,4,0.96,0.73,8736,13923.0,5187.0,182
2023-08-29,29,1,35,8,2023,Rainy,Raksha Bandhan,FMCG,Kite + String,25,55,120.0,20,1132,300,2,0.5,0.88,3725,6556.0,2831.0,149
2023-08-29,29,1,35,8,2023,Rainy,Raksha Bandhan,Electronics,Earphones Boat,350,599,71.14,10,87,20,5,7.0,0.73,30800,47440.8,16640.8,88
2023-08-29,29,1,35,8,2023,Rainy,Raksha Bandhan,FMCG,Soap Lux,22,32,45.45,0,263,150,3,0.44,0.92,4664,6784.0,2120.0,212
2023-08-30,30,2,35,8,2023,Rainy,None,Grocery,Sugar 1kg,42,54,28.57,0,131,100,2,0.84,0.7,1890,2430.0,540.0,45
2023-08-30,30,2,35,8,2023,Rainy,None,Electronics,USB Cable,45,89,97.78,0,99,50,4,0.9,0.86,1350,2670.0,1320.0,30
2023-08-30,30,2,35,8,2023,Rainy,None,Agriculture,Wheat Seeds 1kg,65,95,46.15,0,110,30,5,1.3,0.71,1300,1900.0,600.0,20
2023-08-31,31,3,35,8,2023,Rainy,None,Electronics,Fan Table,850,1350,58.82,0,34,8,7,17.0,0.95,80750,128250.0,47500.0,95
2023-08-31,31,3,35,8,2023,Rainy,None,Electronics,Power Bank 10000mAh,650,1099,69.08,10,51,15,6,13.0,0.93,20800,31651.2,10851.2,32
2023-08-31,31,3,35,8,2023,Rainy,None,FMCG,Crackers Box,200,380,90.0,0,373,100,3,4.0,0.91,3200,6080.0,2880.0,16
2023-08-31,31,3,35,8,2023,Rainy,None,FMCG,Dandiya Sticks,40,85,112.5,0,449,200,2,0.8,0.96,3880,8245.0,4365.0,97
2023-09-01,1,4,35,9,2023,Autumn,None,FMCG,Dandiya Sticks,40,85,112.5,0,617,200,2,0.8,0.97,2000,4250.0,2250.0,50
2023-09-01,1,4,35,9,2023,Autumn,None,Electronics,Earphones Boat,350,599,71.14,0,34,20,5,7.0,0.96,29050,49717.0,20667.0,83
2023-09-01,1,4,35,9,2023,Autumn,None,FMCG,Diya Set 12pc,48,95,97.92,10,615,150,2,0.96,0.73,3264,5814.0,2550.0,68
2023-09-01,1,4,35,9,2023,Autumn,None,Stationery,Pen Blue Pack 10,25,40,60.0,5,995,200,2,0.5,0.73,2425,3686.0,1261.0,97
2023-09-02,2,5,35,9,2023,Autumn,None,Electronics,Smartphone Redmi,8500,10999,29.4,0,19,10,7,170.0,0.73,510000,659940.0,149940.0,60
2023-09-02,2,5,35,9,2023,Autumn,None,FMCG,Toothpaste Colgate,55,75,36.36,10,214,100,3,1.1,0.8,7645,9382.5,1737.5,139
2023-09-02,2,5,35,9,2023,Autumn,None,FMCG,Diya Set 12pc,48,95,97.92,0,214,150,2,0.96,0.86,6096,12065.0,5969.0,127
2023-09-03,3,6,35,9,2023,Autumn,Navratri,Grocery,Wheat Flour 10kg,320,385,20.31,5,82,40,3,6.4,0.7,56960,65103.5,8143.5,178
2023-09-03,3,6,35,9,2023,Autumn,Navratri,Stationery,Pencil Box,35,55,57.14,10,216,80,3,0.7,0.77,3780,5346.0,1566.0,108
2023-09-03,3,6,35,9,2023,Autumn,Navratri,FMCG,Gulal Colors Set,35,75,114.29,0,655,200,2,0.7,0.99,3290,7050.0,3760.0,94
2023-09-03,3,6,35,9,2023,Autumn,Navratri,FMCG,Puja Thali Set,125,245,96.0,0,227,50,3,2.5,0.73,41875,82075.0,40200.0,335
2023-09-03,3,6,35,9,2023,Autumn,Navratri,Stationery,Pen Blue Pack 10,25,40,60.0,10,746,200,2,0.5,0.89,2725,3924.0,1199.0,109
2023-09-04,4,0,36,9,2023,Autumn,None,Fashion,Jeans Men,450,899,99.78,15,41,20,6,9.0,0.88,38250,64952.75,26702.75,85
2023-09-04,4,0,36,9,2023,Autumn,None,Fashion,Shoes Casual,350,699,99.71,0,42,25,6,7.0,0.8,46550,92967.0,46417.0,133
2023-09-04,4,0,36,9,2023,Autumn,None,FMCG,Puja Thali Set,125,245,96.0,0,201,50,3,2.5,0.87,8000,15680.0,7680.0,64
2023-09-04,4,0,36,9,2023,Autumn,None,FMCG,Cold Drink 500ml,20,30,50.0,0,816,200,2,0.4,0.78,1240,1860.0,620.0,62
2023-09-04,4,0,36,9,2023,Autumn,None,Grocery,Wheat Flour 10kg,320,385,20.31,5,116,40,3,6.4,0.97,2560,2926.0,366.0,8
2023-09-04,4,0,36,9,2023,Autumn,None,FMCG,Toothpaste Colgate,55,75,36.36,10,421,100,3,1.1,0.84,495,607.5,112.5,9
2023-09-04,4,0,36,9,2023,Autumn,None,Stationery,Pencil Box,35,55,57.14,20,235,80,3,0.7,0.72,2695,3388.0,693.0,77
2023-09-05,5,1,36,9,2023,Autumn,None,Grocery,Eid Special Dates,280,450,60.71,15,130,40,4,5.6,0.91,22120,30217.5,8097.5,79
2023-09-05,5,1,36,9,2023,Autumn,None,Stationery,Pencil Box,35,55,57.14,20,221,80,3,0.7,0.72,3500,4400.0,900.0,100
2023-09-05,5,1,36,9,2023,Autumn,None,FMCG,Puja Thali Set,125,245,96.0,10,179,50,3,2.5,0.95,5625,9922.5,4297.5,45
2023-09-05,5,1,36,9,2023,Autumn,None,Grocery,Wheat Flour 10kg,320,385,20.31,0,113,40,3,6.4,0.95,23040,27720.0,4680.0,72
2023-09-05,5,1,36,9,2023,Autumn,None,Grocery,Basmati Rice 5kg,180,225,25.0,10,237,50,3,3.6,0.87,9720,10935.0,1215.0,54
2023-09-05,5,1,36,9,2023,Autumn,None,Agriculture,Pesticide 500ml,180,245,36.11,20,68,20,5,3.6,0.79,13140,14308.0,1168.0,73
2023-09-06,6,2,36,9,2023,Autumn,None,FMCG,Kite + String,25,55,120.0,10,969,300,2,0.5,0.99,2200,4356.0,2156.0,88
2023-09-06,6,2,36,9,2023,Autumn,None,Grocery,Wheat Flour 10kg,320,385,20.31,0,75,40,3,6.4,0.99,3200,3850.0,650.0,10
2023-09-06,6,2,36,9,2023,Autumn,None,Electronics,LED Bulb 9W,48,85,77.08,0,181,40,4,0.96,0.88,3264,5780.0,2516.0,68
2023-09-06,6,2,36,9,2023,Autumn,None,Fashion,T-Shirt Men,180,349,93.89,0,52,30,5,3.6,0.78,2160,4188.0,2028.0,12
2023-09-06,6,2,36,9,2023,Autumn,None,Fashion,Saree Cotton,350,699,99.71,20,21,15,7,7.0,0.93,18200,29078.4,10878.4,52
2023-09-06,6,2,36,9,2023,Autumn,None,Grocery,Basmati Rice 5kg,180,225,25.0,0,196,50,3,3.6,0.87,20340,25425.0,5085.0,113
2023-09-06,6,2,36,9,2023,Autumn,None,FMCG,Detergent Surf 1kg,95,125,31.58,20,246,90,3,1.9,0.9,1235,1300.0,65.0,13
2023-09-07,7,3,36,9,2023,Autumn,None,FMCG,Dandiya Sticks,40,85,112.5,0,657,200,2,0.8,0.94,280,595.0,315.0,7
2023-09-07,7,3,36,9,2023,Autumn,None,Electronics,Power Bank 10000mAh,650,1099,69.08,0,17,15,6,13.0,0.9,7150,12089.0,4939.0,11
2023-09-07,7,3,36,9,2023,Autumn,None,FMCG,Gulal Colors Set,35,75,114.29,15,612,200,2,0.7,0.73,2905,5291.25,2386.25,83
2023-09-07,7,3,36,9,2023,Autumn,None,Electronics,LED Bulb 9W,48,85,77.08,20,44,40,4,0.96,0.97,3264,4624.0,1360.0,68
2023-09-07,7,3,36,9,2023,Autumn,None,FMCG,Biscuit Parle-G,8,12,50.0,0,771,200,2,0.16,0.78,552,828.0,276.0,69
2023-09-07,7,3,36,9,2023,Autumn,None,Fashion,Shoes Casual,350,699,99.71,10,94,25,6,7.0,0.9,17150,30825.9,13675.9,49
2023-09-07,7,3,36,9,2023,Autumn,None,Stationery,Eraser Pack,12,20,66.67,0,203,150,2,0.24,0.85,984,1640.0,656.0,82
2023-09-08,8,4,36,9,2023,Autumn,None,Grocery,Wheat Flour 10kg,320,385,20.31,20,92,40,3,6.4,0.83,2880,2772.0,-108.0,9
2023-09-08,8,4,36,9,2023,Autumn,None,FMCG,Soap Lux,22,32,45.45,15,427,150,3,0.44,0.98,484,598.4,114.4,22
2023-09-08,8,4,36,9,2023,Autumn,None,FMCG,Crackers Box,200,380,90.0,0,404,100,3,4.0,0.98,8800,16720.0,7920.0,44
2023-09-08,8,4,36,9,2023,Autumn,None,FMCG,Gulal Colors Set,35,75,114.29,5,551,200,2,0.7,0.99,2940,5985.0,3045.0,84
2023-09-08,8,4,36,9,2023,Autumn,None,FMCG,Detergent Surf 1kg,95,125,31.58,10,281,90,3,1.9,0.75,8360,9900.0,1540.0,88
2023-09-08,8,4,36,9,2023,Autumn,None,Stationery,Eraser Pack,12,20,66.67,0,279,150,2,0.24,0.74,756,1260.0,504.0,63
2023-09-09,9,5,36,9,2023,Autumn,Navratri,Agriculture,Wheat Seeds 1kg,65,95,46.15,0,57,30,5,1.3,0.98,520,760.0,240.0,8
2023-09-09,9,5,36,9,2023,Autumn,Navratri,FMCG,Gulal Colors Set,35,75,114.29,15,230,200,2,0.7,0.78,6545,11921.25,5376.25,187
2023-09-09,9,5,36,9,2023,Autumn,Navratri,FMCG,Shampoo Head&Shoulders,85,115,35.29,0,235,80,4,1.7,0.86,29665,40135.0,10470.0,349
2023-09-09,9,5,36,9,2023,Autumn,Navratri,Fashion,Saree Cotton,350,699,99.71,15,29,15,7,7.0,0.88,89950,152696.55,62746.55,257
2023-09-09,9,5,36,9,2023,Autumn,Navratri,FMCG,Cold Drink 500ml,20,30,50.0,0,437,200,2,0.4,0.86,1980,2970.0,990.0,99
2023-09-10,10,6,36,9,2023,Autumn,None,Grocery,Basmati Rice 5kg,180,225,25.0,0,229,50,3,3.6,0.95,8100,10125.0,2025.0,45
2023-09-10,10,6,36,9,2023,Autumn,None,FMCG,Puja Thali Set,125,245,96.0,10,113,50,3,2.5,0.82,2125,3748.5,1623.5,17
2023-09-10,10,6,36,9,2023,Autumn,None,Grocery,Dal Toor 1kg,95,118,24.21,15,114,80,3,1.9,0.98,5225,5516.5,291.5,55
2023-09-10,10,6,36,9,2023,Autumn,None,FMCG,Shampoo Head&Shoulders,85,115,35.29,20,153,80,4,1.7,0.89,9010,9752.0,742.0,106
2023-09-10,10,6,36,9,2023,Autumn,None,Fashion,T-Shirt Men,180,349,93.89,5,128,30,5,3.6,0.78,20700,38128.25,17428.25,115
2023-09-11,11,0,37,9,2023,Autumn,None,FMCG,Kite + String,25,55,120.0,0,1009,300,2,0.5,0.74,975,2145.0,1170.0,39
2023-09-11,11,0,37,9,2023,Autumn,None,Electronics,Power Bank 10000mAh,650,1099,69.08,20,22,15,6,13.0,0.99,31850,43080.8,11230.8,49
2023-09-11,11,0,37,9,2023,Autumn,None,Fashion,Shoes Casual,350,699,99.71,0,35,25,6,7.0,0.83,33250,66405.0,33155.0,95
2023-09-11,11,0,37,9,2023,Autumn,None,Fashion,Saree Cotton,350,699,99.71,0,48,15,7,7.0,0.96,29400,58716.0,29316.0,84
2023-09-11,11,0,37,9,2023,Autumn,None,Grocery,Christmas Cake,180,320,77.78,0,41,30,2,3.6,0.78,10980,19520.0,8540.0,61
2023-09-11,11,0,37,9,2023,Autumn,None,FMCG,Crackers Box,200,380,90.0,5,217,100,3,4.0,0.93,11200,20216.0,9016.0,56
2023-09-11,11,0,37,9,2023,Autumn,None,FMCG,Detergent Surf 1kg,95,125,31.58,15,162,90,3,1.9,0.79,3990,4462.5,472.5,42
2023-09-11,11,0,37,9,2023,Autumn,None,Grocery,Dal Toor 1kg,95,118,24.21,20,231,80,3,1.9,0.73,9595,9534.4,-60.6,101
2023-09-12,12,1,37,9,2023,Autumn,Navratri,FMCG,Soap Lux,22,32,45.45,0,672,150,3,0.44,0.86,3234,4704.0,1470.0,147
2023-09-12,12,1,37,9,2023,Autumn,Navratri,Fashion,Shoes Casual,350,699,99.71,0,52,25,6,7.0,0.83,38850,77589.0,38739.0,111
2023-09-12,12,1,37,9,2023,Autumn,Navratri,Fashion,Jeans Men,450,899,99.78,20,50,20,6,9.0,0.95,28350,45309.6,16959.6,63
2023-09-12,12,1,37,9,2023,Autumn,Navratri,Agriculture,Pesticide 500ml,180,245,36.11,10,24,20,5,3.6,0.85,5760,7056.0,1296.0,32
2023-09-12,12,1,37,9,2023,Autumn,Navratri,Electronics,Smartphone Redmi,8500,10999,29.4,10,45,10,7,170.0,0.72,1207000,1405672.2,198672.2,142
2023-09-12,12,1,37,9,2023,Autumn,Navratri,Electronics,LED Bulb 9W,48,85,77.08,20,161,40,4,0.96,0.76,2160,3060.0,900.0,45
2023-09-13,13,2,37,9,2023,Autumn,None,FMCG,Dandiya Sticks,40,85,112.5,0,618,200,2,0.8,0.8,3680,7820.0,4140.0,92
2023-09-13,13,2,37,9,2023,Autumn,None,Agriculture,Wheat Seeds 1kg,65,95,46.15,15,123,30,5,1.3,0.77,2860,3553.0,693.0,44
2023-09-13,13,2,37,9,2023,Autumn,None,FMCG,Cold Drink 500ml,20,30,50.0,20,724,200,2,0.4,0.87,1600,1920.0,320.0,80
2023-09-13,13,2,37,9,2023,Autumn,None,Fashion,Saree Cotton,350,699,99.71,0,45,15,7,7.0,0.76,25550,51027.0,25477.0,73
2023-09-13,13,2,37,9,2023,Autumn,None,Grocery,Salt 1kg,18,25,38.89,0,496,120,2,0.36,0.84,1224,1700.0,476.0,68
2023-09-14,14,3,37,9,2023,Autumn,None,Stationery,Pen Blue Pack 10,25,40,60.0,10,585,200,2,0.5,0.89,2450,3528.0,1078.0,98
2023-09-14,14,3,37,9,2023,Autumn,None,FMCG,Detergent Surf 1kg,95,125,31.58,5,264,90,3,1.9,0.72,5985,7481.25,1496.25,63
2023-09-14,14,3,37,9,2023,Autumn,None,Stationery,Pencil Box,35,55,57.14,10,94,80,3,0.7,0.91,3955,5593.5,1638.5,113
2023-09-14,14,3,37,9,2023,Autumn,None,Grocery,Salt 1kg,18,25,38.89,0,403,120,2,0.36,0.8,252,350.0,98.0,14
2023-09-14,14,3,37,9,2023,Autumn,None,Fashion,Jeans Men,450,899,99.78,0,49,20,6,9.0,0.95,42750,85405.0,42655.0,95
2023-09-14,14,3,37,9,2023,Autumn,None,Electronics,USB Cable,45,89,97.78,15,230,50,4,0.9,0.73,2385,4009.45,1624.45,53
2023-09-14,14,3,37,9,2023,Autumn,None,Electronics,Earphones Boat,350,599,71.14,10,57,20,5,7.0,0.97,27300,42049.8,14749.8,78
2023-09-14,14,3,37,9,2023,Autumn,None,Stationery,Eraser Pack,12,20,66.67,0,676,150,2,0.24,0.93,672,1120.0,448.0,56
2023-09-15,15,4,37,9,2023,Autumn,None,Agriculture,Pesticide 500ml,180,245,36.11,0,93,20,5,3.6,0.8,13320,18130.0,4810.0,74
2023-09-15,15,4,37,9,2023,Autumn,None,Grocery,Christmas Cake,180,320,77.78,10,124,30,2,3.6,0.73,5760,9216.0,3456.0,32
2023-09-15,15,4,37,9,2023,Autumn,None,Stationery,Notebook A4,28,45,60.71,10,136,100,3,0.56,0.83,364,526.5,162.5,13
2023-09-15,15,4,37,9,2023,Autumn,None,Agriculture,Fertilizer NPK 1kg,125,168,34.4,10,102,25,6,2.5,0.9,10375,12549.6,2174.6,83
2023-09-15,15,4,37,9,2023,Autumn,None,FMCG,Detergent Surf 1kg,95,125,31.58,15,243,90,3,1.9,0.86,2090,2337.5,247.5,22
2023-09-16,16,5,37,9,2023,Autumn,None,Agriculture,Fertilizer NPK 1kg,125,168,34.4,20,58,25,6,2.5,0.98,15375,16531.2,1156.2,123
2023-09-16,16,5,37,9,2023,Autumn,None,Grocery,Dal Toor 1kg,95,118,24.21,20,185,80,3,1.9,0.83,2945,2926.4,-18.6,31
2023-09-16,16,5,37,9,2023,Autumn,None,Agriculture,Pesticide 500ml,180,245,36.11,20,70,20,5,3.6,0.99,6840,7448.0,608.0,38
2023-09-16,16,5,37,9,2023,Autumn,None,Grocery,Basmati Rice 5kg,180,225,25.0,0,105,50,3,3.6,0.89,3960,4950.0,990.0,22
2023-09-17,17,6,37,9,2023,Autumn,None,FMCG,Crackers Box,200,380,90.0,0,412,100,3,4.0,1.0,5600,10640.0,5040.0,28
2023-09-17,17,6,37,9,2023,Autumn,None,FMCG,Diya Set 12pc,48,95,97.92,5,494,150,2,0.96,0.87,5280,9927.5,4647.5,110
2023-09-17,17,6,37,9,2023,Autumn,None,Fashion,Kurta Women,280,549,96.07,20,99,20,5,5.6,0.9,4200,6588.0,2388.0,15
2023-09-17,17,6,37,9,2023,Autumn,None,Agriculture,Wheat Seeds 1kg,65,95,46.15,20,51,30,5,1.3,0.95,8190,9576.0,1386.0,126
2023-09-18,18,0,38,9,2023,Autumn,None,Agriculture,Pesticide 500ml,180,245,36.11,5,48,20,5,3.6,0.95,12960,16758.0,3798.0,72
2023-09-18,18,0,38,9,2023,Autumn,None,Grocery,Eid Special Dates,280,450,60.71,0,120,40,4,5.6,0.92,5880,9450.0,3570.0,21
2023-09-18,18,0,38,9,2023,Autumn,None,Grocery,Sugar 1kg,42,54,28.57,10,337,100,2,0.84,0.99,378,437.4,59.4,9
2023-09-18,18,0,38,9,2023,Autumn,None,Stationery,Notebook A4,28,45,60.71,0,444,100,3,0.56,0.82,1540,2475.0,935.0,55
2023-09-18,18,0,38,9,2023,Autumn,None,Fashion,Saree Cotton,350,699,99.71,15,30,15,7,7.0,0.94,8750,14853.75,6103.75,25
2023-09-18,18,0,38,9,2023,Autumn,None,FMCG,Toothpaste Colgate,55,75,36.36,0,372,100,3,1.1,0.74,385,525.0,140.0,7
2023-09-19,19,1,38,9,2023,Autumn,None,FMCG,Gulal Colors Set,35,75,114.29,0,743,200,2,0.7,0.8,3150,6750.0,3600.0,90
2023-09-19,19,1,38,9,2023,Autumn,None,Fashion,Jeans Men,450,899,99.78,10,35,20,6,9.0,0.71,13050,23463.9,10413.9,29
2023-09-19,19,1,38,9,2023,Autumn,None,FMCG,Shampoo Head&Shoulders,85,115,35.29,0,233,80,4,1.7,0.76,1615,2185.0,570.0,19
2023-09-19,19,1,38,9,2023,Autumn,None,Fashion,Saree Cotton,350,699,99.71,5,72,15,7,7.0,0.8,15750,29882.25,14132.25,45
2023-09-19,19,1,38,9,2023,Autumn,None,Fashion,Shoes Casual,350,699,99.71,15,73,25,6,7.0,0.93,37800,64168.2,26368.2,108
2023-09-19,19,1,38,9,2023,Autumn,None,FMCG,Soap Lux,22,32,45.45,0,507,150,3,0.44,0.85,1562,2272.0,710.0,71
2023-09-19,19,1,38,9,2023,Autumn,None,Electronics,Power Bank 10000mAh,650,1099,69.08,10,28,15,6,13.0,0.81,48100,73193.4,25093.4,74
2023-09-20,20,2,38,9,2023,Autumn,None,Grocery,Sugar 1kg,42,54,28.57,0,144,100,2,0.84,0.9,3570,4590.0,1020.0,85
2023-09-20,20,2,38,9,2023,Autumn,None,Grocery,Basmati Rice 5kg,180,225,25.0,20,111,50,3,3.6,0.88,14040,14040.0,0.0,78
2023-09-20,20,2,38,9,2023,Autumn,None,Fashion,Kurta Women,280,549,96.07,10,34,20,5,5.6,0.73,10920,19269.9,8349.9,39
2023-09-20,20,2,38,9,2023,Autumn,None,FMCG,Kite + String,25,55,120.0,0,387,300,2,0.5,0.9,1200,2640.0,1440.0,48
2023-09-20,20,2,38,9,2023,Autumn,None,Fashion,Saree Cotton,350,699,99.71,20,45,15,7,7.0,0.85,43050,68781.6,25731.6,123
2023-09-20,20,2,38,9,2023,Autumn,None,Agriculture,Wheat Seeds 1kg,65,95,46.15,5,99,30,5,1.3,0.88,650,902.5,252.5,10
2023-09-20,20,2,38,9,2023,Autumn,None,Grocery,Dal Toor 1kg,95,118,24.21,20,255,80,3,1.9,0.97,6270,6230.4,-39.6,66
2023-09-21,21,3,38,9,2023,Autumn,Onam,FMCG,Cold Drink 500ml,20,30,50.0,0,838,200,2,0.4,1.0,520,780.0,260.0,26
2023-09-21,21,3,38,9,2023,Autumn,Onam,FMCG,Crackers Box,200,380,90.0,5,204,100,3,4.0,0.8,24400,44042.0,19642.0,122
2023-09-21,21,3,38,9,2023,Autumn,Onam,Grocery,Dal Toor 1kg,95,118,24.21,20,215,80,3,1.9,0.71,9120,9062.4,-57.6,96
2023-09-21,21,3,38,9,2023,Autumn,Onam,Stationery,Pen Blue Pack 10,25,40,60.0,0,885,200,2,0.5,0.87,1025,1640.0,615.0,41
2023-09-21,21,3,38,9,2023,Autumn,Onam,Electronics,LED Bulb 9W,48,85,77.08,0,94,40,4,0.96,0.7,2448,4335.0,1887.0,51
2023-09-22,22,4,38,9,2023,Autumn,Navratri,FMCG,Puja Thali Set,125,245,96.0,0,166,50,3,2.5,0.73,17750,34790.0,17040.0,142
2023-09-22,22,4,38,9,2023,Autumn,Navratri,Stationery,Eraser Pack,12,20,66.67,20,474,150,2,0.24,0.94,1176,1568.0,392.0,98
2023-09-22,22,4,38,9,2023,Autumn,Navratri,Electronics,Earphones Boat,350,599,71.14,0,25,20,5,7.0,0.83,44100,75474.0,31374.0,126
2023-09-22,22,4,38,9,2023,Autumn,Navratri,Agriculture,Wheat Seeds 1kg,65,95,46.15,5,140,30,5,1.3,0.98,3120,4332.0,1212.0,48
2023-09-23,23,5,38,9,2023,Autumn,None,Grocery,Basmati Rice 5kg,180,225,25.0,20,139,50,3,3.6,0.73,14940,14940.0,0.0,83
2023-09-23,23,5,38,9,2023,Autumn,None,Grocery,Eid Special Dates,280,450,60.71,15,124,40,4,5.6,0.86,18480,25245.0,6765.0,66
2023-09-23,23,5,38,9,2023,Autumn,None,FMCG,Cold Drink 500ml,20,30,50.0,5,326,200,2,0.4,0.84,900,1282.5,382.5,45
2023-09-23,23,5,38,9,2023,Autumn,None,FMCG,Dandiya Sticks,40,85,112.5,0,635,200,2,0.8,0.94,520,1105.0,585.0,13
2023-09-23,23,5,38,9,2023,Autumn,None,FMCG,Diya Set 12pc,48,95,97.92,10,542,150,2,0.96,0.95,1920,3420.0,1500.0,40
2023-09-23,23,5,38,9,2023,Autumn,None,Electronics,Fan Table,850,1350,58.82,20,10,8,7,17.0,0.76,61200,77760.0,16560.0,72
2023-09-23,23,5,38,9,2023,Autumn,None,Agriculture,Pesticide 500ml,180,245,36.11,0,86,20,5,3.6,0.97,22140,30135.0,7995.0,123
2023-09-24,24,6,38,9,2023,Autumn,None,FMCG,Puja Thali Set,125,245,96.0,0,171,50,3,2.5,0.83,11625,22785.0,11160.0,93
2023-09-24,24,6,38,9,2023,Autumn,None,Electronics,Earphones Boat,350,599,71.14,20,21,20,5,7.0,0.88,18200,24918.4,6718.4,52
2023-09-24,24,6,38,9,2023,Autumn,None,FMCG,Dandiya Sticks,40,85,112.5,10,557,200,2,0.8,0.76,1600,3060.0,1460.0,40
2023-09-24,24,6,38,9,2023,Autumn,None,FMCG,Gulal Colors Set,35,75,114.29,20,390,200,2,0.7,0.86,4375,7500.0,3125.0,125
2023-09-24,24,6,38,9,2023,Autumn,None,Agriculture,Fertilizer NPK 1kg,125,168,34.4,5,125,25,6,2.5,0.75,3875,4947.6,1072.6,31
2023-09-24,24,6,38,9,2023,Autumn,None,Fashion,Shoes Casual,350,699,99.71,0,46,25,6,7.0,0.96,21350,42639.0,21289.0,61
2023-09-24,24,6,38,9,2023,Autumn,None,Electronics,USB Cable,45,89,97.78,0,235,50,4,0.9,0.9,1170,2314.0,1144.0,26
2023-09-25,25,0,39,9,2023,Autumn,Onam,Agriculture,Pesticide 500ml,180,245,36.11,15,54,20,5,3.6,0.73,34920,40400.5,5480.5,194
2023-09-25,25,0,39,9,2023,Autumn,Onam,FMCG,Shampoo Head&Shoulders,85,115,35.29,0,202,80,4,1.7,0.95,4845,6555.0,1710.0,57
2023-09-25,25,0,39,9,2023,Autumn,Onam,Grocery,Basmati Rice 5kg,180,225,25.0,15,173,50,3,3.6,0.91,4680,4972.5,292.5,26
2023-09-25,25,0,39,9,2023,Autumn,Onam,Electronics,Fan Table,850,1350,58.82,0,17,8,7,17.0,0.74,39100,62100.0,23000.0,46
2023-09-25,25,0,39,9,2023,Autumn,Onam,FMCG,Kite + String,25,55,120.0,0,357,300,2,0.5,0.88,5500,12100.0,6600.0,220
2023-09-25,25,0,39,9,2023,Autumn,Onam,Grocery,Salt 1kg,18,25,38.89,15,501,120,2,0.36,0.82,3150,3718.75,568.75,175
2023-09-26,26,1,39,9,2023,Autumn,Onam,Grocery,Eid Special Dates,280,450,60.71,20,87,40,4,5.6,0.79,31360,40320.0,8960.0,112
2023-09-26,26,1,39,9,2023,Autumn,Onam,Stationery,Eraser Pack,12,20,66.67,0,252,150,2,0.24,0.73,840,1400.0,560.0,70
2023-09-26,26,1,39,9,2023,Autumn,Onam,Electronics,Earphones Boat,350,599,71.14,20,59,20,5,7.0,0.81,7000,9584.0,2584.0,20
2023-09-26,26,1,39,9,2023,Autumn,Onam,FMCG,Cold Drink 500ml,20,30,50.0,5,420,200,2,0.4,0.72,920,1311.0,391.0,46
2023-09-26,26,1,39,9,2023,Autumn,Onam,Stationery,Notebook A4,28,45,60.71,0,329,100,3,0.56,0.91,1708,2745.0,1037.0,61
2023-09-27,27,2,39,9,2023,Autumn,None,Grocery,Sugar 1kg,42,54,28.57,0,312,100,2,0.84,0.92,3444,4428.0,984.0,82
2023-09-27,27,2,39,9,2023,Autumn,None,FMCG,Toothpaste Colgate,55,75,36.36,0,309,100,3,1.1,0.99,5665,7725.0,2060.0,103
2023-09-27,27,2,39,9,2023,Autumn,None,Grocery,Sunflower Oil 1L,120,148,23.33,10,179,60,4,2.4,0.84,960,1065.6,105.6,8
2023-09-27,27,2,39,9,2023,Autumn,None,Fashion,Kurta Women,280,549,96.07,0,83,20,5,5.6,0.77,2520,4941.0,2421.0,9
2023-09-28,28,3,39,9,2023,Autumn,None,Grocery,Eid Special Dates,280,450,60.71,0,48,40,4,5.6,0.9,11480,18450.0,6970.0,41
2023-09-28,28,3,39,9,2023,Autumn,None,Grocery,Basmati Rice 5kg,180,225,25.0,0,102,50,3,3.6,0.86,4860,6075.0,1215.0,27
2023-09-28,28,3,39,9,2023,Autumn,None,Grocery,Wheat Flour 10kg,320,385,20.31,5,170,40,3,6.4,0.84,25920,29625.75,3705.75,81
2023-09-28,28,3,39,9,2023,Autumn,None,Agriculture,Pesticide 500ml,180,245,36.11,0,43,20,5,3.6,0.74,11520,15680.0,4160.0,64
2023-09-28,28,3,39,9,2023,Autumn,None,Electronics,Earphones Boat,350,599,71.14,20,55,20,5,7.0,0.92,15400,21084.8,5684.8,44
2023-09-29,29,4,39,9,2023,Autumn,Navratri,FMCG,Puja Thali Set,125,245,96.0,5,128,50,3,2.5,0.77,2125,3956.75,1831.75,17
2023-09-29,29,4,39,9,2023,Autumn,Navratri,FMCG,Soap Lux,22,32,45.45,0,458,150,3,0.44,0.79,2002,2912.0,910.0,91
2023-09-29,29,4,39,9,2023,Autumn,Navratri,Grocery,Eid Special Dates,280,450,60.71,20,76,40,4,5.6,0.73,11760,15120.0,3360.0,42
2023-09-30,30,5,39,9,2023,Autumn,None,Grocery,Basmati Rice 5kg,180,225,25.0,0,128,50,3,3.6,0.92,2160,2700.0,540.0,12
2023-09-30,30,5,39,9,2023,Autumn,None,FMCG,Toothpaste Colgate,55,75,36.36,5,292,100,3,1.1,0.89,7480,9690.0,2210.0,136
2023-09-30,30,5,39,9,2023,Autumn,None,Fashion,Kurta Women,280,549,96.07,0,100,20,5,5.6,0.81,14840,29097.0,14257.0,53
2023-09-30,30,5,39,9,2023,Autumn,None,FMCG,Cold Drink 500ml,20,30,50.0,0,681,200,2,0.4,0.82,1400,2100.0,700.0,70
2023-09-30,30,5,39,9,2023,Autumn,None,Electronics,Earphones Boat,350,599,71.14,15,58,20,5,7.0,0.92,39200,57024.8,17824.8,112
2023-09-30,30,5,39,9,2023,Autumn,None,Electronics,Fan Table,850,1350,58.82,0,30,8,7,17.0,0.95,28050,44550.0,16500.0,33
2023-10-01,1,6,39,10,2023,Autumn,Dussehra,Grocery,Christmas Cake,180,320,77.78,0,70,30,2,3.6,0.99,40320,71680.0,31360.0,224
2023-10-01,1,6,39,10,2023,Autumn,Dussehra,FMCG,Kite + String,25,55,120.0,10,486,300,2,0.5,0.75,9250,18315.0,9065.0,370
2023-10-01,1,6,39,10,2023,Autumn,Dussehra,Fashion,Shoes Casual,350,699,99.71,5,121,25,6,7.0,0.91,117250,222456.75,105206.75,335
2023-10-01,1,6,39,10,2023,Autumn,Dussehra,FMCG,Soap Lux,22,32,45.45,15,411,150,3,0.44,0.84,7436,9193.6,1757.6,338
2023-10-01,1,6,39,10,2023,Autumn,Dussehra,Stationery,Pen Blue Pack 10,25,40,60.0,5,329,200,2,0.5,0.76,4100,6232.0,2132.0,164
2023-10-02,2,0,40,10,2023,Autumn,None,Grocery,Sugar 1kg,42,54,28.57,0,324,100,2,0.84,0.95,4158,5346.0,1188.0,99
2023-10-02,2,0,40,10,2023,Autumn,None,Grocery,Basmati Rice 5kg,180,225,25.0,10,78,50,3,3.6,0.87,4320,4860.0,540.0,24
2023-10-02,2,0,40,10,2023,Autumn,None,FMCG,Diya Set 12pc,48,95,97.92,5,730,150,2,0.96,0.74,2928,5505.25,2577.25,61
2023-10-02,2,0,40,10,2023,Autumn,None,FMCG,Crackers Box,200,380,90.0,5,306,100,3,4.0,0.87,9800,17689.0,7889.0,49
2023-10-02,2,0,40,10,2023,Autumn,None,Electronics,Fan Table,850,1350,58.82,15,20,8,7,17.0,0.82,92650,125077.5,32427.5,109
2023-10-02,2,0,40,10,2023,Autumn,None,Fashion,Jeans Men,450,899,99.78,15,61,20,6,9.0,0.99,15750,26745.25,10995.25,35
2023-10-03,3,1,40,10,2023,Autumn,None,FMCG,Kite + String,25,55,120.0,0,758,300,2,0.5,0.87,2075,4565.0,2490.0,83
2023-10-03,3,1,40,10,2023,Autumn,None,Electronics,Fan Table,850,1350,58.82,10,35,8,7,17.0,0.76,57800,82620.0,24820.0,68
2023-10-03,3,1,40,10,2023,Autumn,None,FMCG,Diya Set 12pc,48,95,97.92,15,320,150,2,0.96,0.76,336,565.25,229.25,7
2023-10-03,3,1,40,10,2023,Autumn,None,Agriculture,Wheat Seeds 1kg,65,95,46.15,15,125,30,5,1.3,0.74,5525,6863.75,1338.75,85
2023-10-03,3,1,40,10,2023,Autumn,None,Agriculture,Fertilizer NPK 1kg,125,168,34.4,0,25,25,6,2.5,0.96,8500,11424.0,2924.0,68
2023-10-04,4,2,40,10,2023,Autumn,None,Grocery,Basmati Rice 5kg,180,225,25.0,0,153,50,3,3.6,0.84,10620,13275.0,2655.0,59
2023-10-04,4,2,40,10,2023,Autumn,None,Grocery,Sugar 1kg,42,54,28.57,10,101,100,2,0.84,0.85,1050,1215.0,165.0,25
2023-10-04,4,2,40,10,2023,Autumn,None,Grocery,Wheat Flour 10kg,320,385,20.31,10,71,40,3,6.4,0.78,38080,41233.5,3153.5,119
2023-10-04,4,2,40,10,2023,Autumn,None,FMCG,Dandiya Sticks,40,85,112.5,5,294,200,2,0.8,0.82,200,403.75,203.75,5
2023-10-05,5,3,40,10,2023,Autumn,None,FMCG,Toothpaste Colgate,55,75,36.36,0,475,100,3,1.1,0.8,3300,4500.0,1200.0,60
2023-10-05,5,3,40,10,2023,Autumn,None,Electronics,Power Bank 10000mAh,650,1099,69.08,10,70,15,6,13.0,0.97,14300,21760.2,7460.2,22
2023-10-05,5,3,40,10,2023,Autumn,None,FMCG,Shampoo Head&Shoulders,85,115,35.29,5,278,80,4,1.7,0.77,9435,12126.75,2691.75,111
2023-10-05,5,3,40,10,2023,Autumn,None,FMCG,Puja Thali Set,125,245,96.0,0,200,50,3,2.5,0.85,1375,2695.0,1320.0,11
2023-10-05,5,3,40,10,2023,Autumn,None,Electronics,Smartphone Redmi,8500,10999,29.4,15,17,10,7,170.0,0.97,323000,355267.7,32267.7,38
2023-10-05,5,3,40,10,2023,Autumn,None,Agriculture,Pesticide 500ml,180,245,36.11,15,30,20,5,3.6,0.98,9000,10412.5,1412.5,50
2023-10-05,5,3,40,10,2023,Autumn,None,FMCG,Diya Set 12pc,48,95,97.92,10,718,150,2,0.96,0.89,912,1624.5,712.5,19
2023-10-05,5,3,40,10,2023,Autumn,None,Stationery,Notebook A4,28,45,60.71,15,172,100,3,0.56,0.93,1372,1874.25,502.25,49
2023-10-06,6,4,40,10,2023,Autumn,Dussehra,FMCG,Toothpaste Colgate,55,75,36.36,0,310,100,3,1.1,0.71,5390,7350.0,1960.0,98
2023-10-06,6,4,40,10,2023,Autumn,Dussehra,Grocery,Wheat Flour 10kg,320,385,20.31,0,195,40,3,6.4,0.88,41280,49665.0,8385.0,129
2023-10-06,6,4,40,10,2023,Autumn,Dussehra,Electronics,Smartphone Redmi,8500,10999,29.4,0,27,10,7,170.0,0.96,1402500,1814835.0,412335.0,165
2023-10-06,6,4,40,10,2023,Autumn,Dussehra,Electronics,LED Bulb 9W,48,85,77.08,5,53,40,4,0.96,0.73,4560,7671.25,3111.25,95
2023-10-06,6,4,40,10,2023,Autumn,Dussehra,Grocery,Basmati Rice 5kg,180,225,25.0,10,214,50,3,3.6,0.92,7380,8302.5,922.5,41
2023-10-07,7,5,40,10,2023,Autumn,None,FMCG,Kite + String,25,55,120.0,15,891,300,2,0.5,0.99,1500,2805.0,1305.0,60
2023-10-07,7,5,40,10,2023,Autumn,None,Grocery,Dal Toor 1kg,95,118,24.21,0,351,80,3,1.9,0.8,7505,9322.0,1817.0,79
2023-10-07,7,5,40,10,2023,Autumn,None,FMCG,Diya Set 12pc,48,95,97.92,0,482,150,2,0.96,0.97,5376,10640.0,5264.0,112
2023-10-07,7,5,40,10,2023,Autumn,None,FMCG,Toothpaste Colgate,55,75,36.36,5,283,100,3,1.1,0.89,3795,4916.25,1121.25,69
2023-10-08,8,6,40,10,2023,Autumn,None,Stationery,Eraser Pack,12,20,66.67,5,239,150,2,0.24,0.75,120,190.0,70.0,10
2023-10-08,8,6,40,10,2023,Autumn,None,Fashion,Jeans Men,450,899,99.78,0,90,20,6,9.0,0.91,79200,158224.0,79024.0,176
2023-10-08,8,6,40,10,2023,Autumn,None,FMCG,Detergent Surf 1kg,95,125,31.58,0,304,90,3,1.9,0.98,10925,14375.0,3450.0,115
2023-10-08,8,6,40,10,2023,Autumn,None,Electronics,USB Cable,45,89,97.78,15,133,50,4,0.9,0.8,2250,3782.5,1532.5,50
2023-10-09,9,0,41,10,2023,Autumn,None,Fashion,T-Shirt Men,180,349,93.89,0,58,30,5,3.6,0.72,18000,34900.0,16900.0,100
2023-10-09,9,0,41,10,2023,Autumn,None,Stationery,Pencil Box,35,55,57.14,5,123,80,3,0.7,0.74,2240,3344.0,1104.0,64
2023-10-09,9,0,41,10,2023,Autumn,None,FMCG,Soap Lux,22,32,45.45,0,238,150,3,0.44,0.71,1870,2720.0,850.0,85
2023-10-10,10,1,41,10,2023,Autumn,Navratri,FMCG,Cold Drink 500ml,20,30,50.0,10,953,200,2,0.4,0.83,2920,3942.0,1022.0,146
2023-10-10,10,1,41,10,2023,Autumn,Navratri,Electronics,Smartphone Redmi,8500,10999,29.4,20,26,10,7,170.0,0.79,578000,598345.6,20345.6,68
2023-10-10,10,1,41,10,2023,Autumn,Navratri,FMCG,Shampoo Head&Shoulders,85,115,35.29,15,236,80,4,1.7,0.9,3485,4007.75,522.75,41
2023-10-10,10,1,41,10,2023,Autumn,Navratri,Agriculture,Wheat Seeds 1kg,65,95,46.15,0,58,30,5,1.3,0.96,4550,6650.0,2100.0,70
2023-10-10,10,1,41,10,2023,Autumn,Navratri,Grocery,Salt 1kg,18,25,38.89,0,132,120,2,0.36,0.73,2556,3550.0,994.0,142
2023-10-10,10,1,41,10,2023,Autumn,Navratri,Fashion,Shoes Casual,350,699,99.71,0,71,25,6,7.0,0.85,66500,132810.0,66310.0,190
2023-10-10,10,1,41,10,2023,Autumn,Navratri,Grocery,Dal Toor 1kg,95,118,24.21,15,238,80,3,1.9,0.85,8075,8525.5,450.5,85
2023-10-10,10,1,41,10,2023,Autumn,Navratri,FMCG,Crackers Box,200,380,90.0,0,385,100,3,4.0,0.99,23800,45220.0,21420.0,119
2023-10-11,11,2,41,10,2023,Autumn,Navratri,FMCG,Puja Thali Set,125,245,96.0,20,82,50,3,2.5,0.95,8125,12740.0,4615.0,65
2023-10-11,11,2,41,10,2023,Autumn,Navratri,Stationery,Eraser Pack,12,20,66.67,15,153,150,2,0.24,0.85,444,629.0,185.0,37
2023-10-11,11,2,41,10,2023,Autumn,Navratri,FMCG,Kite + String,25,55,120.0,20,1093,300,2,0.5,0.98,5500,9680.0,4180.0,220
2023-10-12,12,3,41,10,2023,Autumn,None,Stationery,Pencil Box,35,55,57.14,10,230,80,3,0.7,0.84,2135,3019.5,884.5,61
2023-10-12,12,3,41,10,2023,Autumn,None,FMCG,Toothpaste Colgate,55,75,36.36,20,396,100,3,1.1,0.72,1210,1320.0,110.0,22
2023-10-12,12,3,41,10,2023,Autumn,None,FMCG,Shampoo Head&Shoulders,85,115,35.29,0,291,80,4,1.7,0.99,4845,6555.0,1710.0,57
2023-10-12,12,3,41,10,2023,Autumn,None,Electronics,Fan Table,850,1350,58.82,0,38,8,7,17.0,1.0,70550,112050.0,41500.0,83
2023-10-12,12,3,41,10,2023,Autumn,None,Grocery,Salt 1kg,18,25,38.89,0,562,120,2,0.36,0.78,432,600.0,168.0,24
2023-10-12,12,3,41,10,2023,Autumn,None,Agriculture,Fertilizer NPK 1kg,125,168,34.4,0,117,25,6,2.5,0.83,5250,7056.0,1806.0,42
2023-10-12,12,3,41,10,2023,Autumn,None,Stationery,Eraser Pack,12,20,66.67,15,263,150,2,0.24,0.75,900,1275.0,375.0,75
2023-10-12,12,3,41,10,2023,Autumn,None,Agriculture,Wheat Seeds 1kg,65,95,46.15,0,107,30,5,1.3,0.92,5265,7695.0,2430.0,81
2023-10-13,13,4,41,10,2023,Autumn,Navratri,FMCG,Detergent Surf 1kg,95,125,31.58,15,419,90,3,1.9,0.95,14915,16681.25,1766.25,157
2023-10-13,13,4,41,10,2023,Autumn,Navratri,Fashion,Shoes Casual,350,699,99.71,20,115,25,6,7.0,0.88,26600,42499.2,15899.2,76
2023-10-13,13,4,41,10,2023,Autumn,Navratri,Electronics,LED Bulb 9W,48,85,77.08,20,60,40,4,0.96,0.86,2448,3468.0,1020.0,51
2023-10-13,13,4,41,10,2023,Autumn,Navratri,Grocery,Eid Special Dates,280,450,60.71,5,149,40,4,5.6,0.77,18760,28642.5,9882.5,67
2023-10-13,13,4,41,10,2023,Autumn,Navratri,FMCG,Cold Drink 500ml,20,30,50.0,0,494,200,2,0.4,0.85,3600,5400.0,1800.0,180
2023-10-14,14,5,41,10,2023,Autumn,None,FMCG,Cold Drink 500ml,20,30,50.0,5,218,200,2,0.4,0.8,1580,2251.5,671.5,79
2023-10-14,14,5,41,10,2023,Autumn,None,Grocery,Salt 1kg,18,25,38.89,0,213,120,2,0.36,0.73,612,850.0,238.0,34
2023-10-14,14,5,41,10,2023,Autumn,None,FMCG,Crackers Box,200,380,90.0,20,436,100,3,4.0,0.92,17400,26448.0,9048.0,87
2023-10-14,14,5,41,10,2023,Autumn,None,FMCG,Dandiya Sticks,40,85,112.5,0,230,200,2,0.8,0.74,1800,3825.0,2025.0,45
2023-10-14,14,5,41,10,2023,Autumn,None,Electronics,Fan Table,850,1350,58.82,5,35,8,7,17.0,0.7,14450,21802.5,7352.5,17
2023-10-14,14,5,41,10,2023,Autumn,None,Stationery,Eraser Pack,12,20,66.67,0,667,150,2,0.24,0.82,1272,2120.0,848.0,106
2023-10-14,14,5,41,10,2023,Autumn,None,Grocery,Wheat Flour 10kg,320,385,20.31,0,91,40,3,6.4,0.73,13760,16555.0,2795.0,43
2023-10-15,15,6,41,10,2023,Autumn,None,FMCG,Dandiya Sticks,40,85,112.5,0,686,200,2,0.8,0.94,3640,7735.0,4095.0,91
2023-10-15,15,6,41,10,2023,Autumn,None,Grocery,Sugar 1kg,42,54,28.57,0,354,100,2,0.84,0.92,1386,1782.0,396.0,33
2023-10-15,15,6,41,10,2023,Autumn,None,Grocery,Dal Toor 1kg,95,118,24.21,10,364,80,3,1.9,0.82,11305,12637.8,1332.8,119
2023-10-15,15,6,41,10,2023,Autumn,None,Grocery,Christmas Cake,180,320,77.78,20,126,30,2,3.6,0.82,6120,8704.0,2584.0,34
2023-10-15,15,6,41,10,2023,Autumn,None,Electronics,Fan Table,850,1350,58.82,0,11,8,7,17.0,0.92,76500,121500.0,45000.0,90
2023-10-15,15,6,41,10,2023,Autumn,None,Grocery,Sunflower Oil 1L,120,148,23.33,0,132,60,4,2.4,0.95,3480,4292.0,812.0,29
2023-10-16,16,0,42,10,2023,Autumn,None,Agriculture,Pesticide 500ml,180,245,36.11,0,41,20,5,3.6,0.91,6480,8820.0,2340.0,36
2023-10-16,16,0,42,10,2023,Autumn,None,FMCG,Crackers Box,200,380,90.0,0,385,100,3,4.0,0.86,21200,40280.0,19080.0,106
2023-10-16,16,0,42,10,2023,Autumn,None,Fashion,Kurta Women,280,549,96.07,20,20,20,5,5.6,0.84,26040,40845.6,14805.6,93
2023-10-16,16,0,42,10,2023,Autumn,None,Stationery,Notebook A4,28,45,60.71,20,128,100,3,0.56,0.91,2604,3348.0,744.0,93
2023-10-16,16,0,42,10,2023,Autumn,None,Grocery,Basmati Rice 5kg,180,225,25.0,5,77,50,3,3.6,0.83,5220,6198.75,978.75,29
2023-10-16,16,0,42,10,2023,Autumn,None,FMCG,Soap Lux,22,32,45.45,10,631,150,3,0.44,0.99,1804,2361.6,557.6,82
2023-10-16,16,0,42,10,2023,Autumn,None,Grocery,Salt 1kg,18,25,38.89,0,466,120,2,0.36,0.88,558,775.0,217.0,31
2023-10-16,16,0,42,10,2023,Autumn,None,FMCG,Biscuit Parle-G,8,12,50.0,20,593,200,2,0.16,0.78,944,1132.8,188.8,118
2023-10-17,17,1,42,10,2023,Autumn,Navratri,FMCG,Soap Lux,22,32,45.45,10,157,150,3,0.44,0.75,1606,2102.4,496.4,73
2023-10-17,17,1,42,10,2023,Autumn,Navratri,FMCG,Kite + String,25,55,120.0,0,1424,300,2,0.5,0.81,5300,11660.0,6360.0,212
2023-10-17,17,1,42,10,2023,Autumn,Navratri,Electronics,Smartphone Redmi,8500,10999,29.4,0,42,10,7,170.0,0.71,1045500,1352877.0,307377.0,123
2023-10-17,17,1,42,10,2023,Autumn,Navratri,FMCG,Puja Thali Set,125,245,96.0,0,125,50,3,2.5,0.76,17250,33810.0,16560.0,138
2023-10-17,17,1,42,10,2023,Autumn,Navratri,Fashion,Kurta Women,280,549,96.07,20,70,20,5,5.6,0.99,24640,38649.6,14009.6,88
2023-10-17,17,1,42,10,2023,Autumn,Navratri,Electronics,USB Cable,45,89,97.78,0,59,50,4,0.9,0.94,1440,2848.0,1408.0,32
2023-10-18,18,2,42,10,2023,Autumn,None,Stationery,Pen Blue Pack 10,25,40,60.0,0,898,200,2,0.5,0.9,2100,3360.0,1260.0,84
2023-10-18,18,2,42,10,2023,Autumn,None,FMCG,Dandiya Sticks,40,85,112.5,0,321,200,2,0.8,0.77,3520,7480.0,3960.0,88
2023-10-18,18,2,42,10,2023,Autumn,None,Fashion,Shoes Casual,350,699,99.71,20,43,25,6,7.0,0.73,29050,46413.6,17363.6,83
2023-10-18,18,2,42,10,2023,Autumn,None,Agriculture,Pesticide 500ml,180,245,36.11,0,58,20,5,3.6,0.95,4500,6125.0,1625.0,25
2023-10-18,18,2,42,10,2023,Autumn,None,Electronics,LED Bulb 9W,48,85,77.08,5,42,40,4,0.96,0.77,672,1130.5,458.5,14
2023-10-18,18,2,42,10,2023,Autumn,None,Stationery,Pencil Box,35,55,57.14,0,347,80,3,0.7,0.93,560,880.0,320.0,16
2023-10-19,19,3,42,10,2023,Autumn,None,Fashion,T-Shirt Men,180,349,93.89,10,139,30,5,3.6,0.79,5400,9423.0,4023.0,30
2023-10-19,19,3,42,10,2023,Autumn,None,Electronics,Earphones Boat,350,599,71.14,0,58,20,5,7.0,0.97,11900,20366.0,8466.0,34
2023-10-19,19,3,42,10,2023,Autumn,None,FMCG,Soap Lux,22,32,45.45,15,226,150,3,0.44,0.94,1892,2339.2,447.2,86
2023-10-19,19,3,42,10,2023,Autumn,None,FMCG,Kite + String,25,55,120.0,0,506,300,2,0.5,0.81,975,2145.0,1170.0,39
2023-10-20,20,4,42,10,2023,Autumn,None,Stationery,Pen Blue Pack 10,25,40,60.0,15,915,200,2,0.5,0.79,3125,4250.0,1125.0,125
2023-10-20,20,4,42,10,2023,Autumn,None,FMCG,Gulal Colors Set,35,75,114.29,15,829,200,2,0.7,0.96,1575,2868.75,1293.75,45
2023-10-20,20,4,42,10,2023,Autumn,None,Stationery,Notebook A4,28,45,60.71,0,147,100,3,0.56,0.7,1764,2835.0,1071.0,63
2023-10-21,21,5,42,10,2023,Autumn,None,FMCG,Soap Lux,22,32,45.45,20,749,150,3,0.44,0.94,946,1100.8,154.8,43
2023-10-21,21,5,42,10,2023,Autumn,None,Electronics,Fan Table,850,1350,58.82,20,23,8,7,17.0,0.87,26350,33480.0,7130.0,31
2023-10-21,21,5,42,10,2023,Autumn,None,FMCG,Puja Thali Set,125,245,96.0,0,247,50,3,2.5,0.72,3625,7105.0,3480.0,29
2023-10-22,22,6,42,10,2023,Autumn,None,FMCG,Puja Thali Set,125,245,96.0,5,142,50,3,2.5,0.78,13125,24438.75,11313.75,105
2023-10-22,22,6,42,10,2023,Autumn,None,Fashion,Kurta Women,280,549,96.07,5,96,20,5,5.6,0.84,5880,10952.55,5072.55,21
2023-10-22,22,6,42,10,2023,Autumn,None,FMCG,Biscuit Parle-G,8,12,50.0,0,502,200,2,0.16,0.94,632,948.0,316.0,79
2023-10-22,22,6,42,10,2023,Autumn,None,FMCG,Shampoo Head&Shoulders,85,115,35.29,5,296,80,4,1.7,0.93,8925,11471.25,2546.25,105
2023-10-22,22,6,42,10,2023,Autumn,None,Electronics,USB Cable,45,89,97.78,5,66,50,4,0.9,0.83,1395,2621.05,1226.05,31
2023-10-22,22,6,42,10,2023,Autumn,None,Stationery,Notebook A4,28,45,60.71,0,356,100,3,0.56,0.84,2828,4545.0,1717.0,101
2023-10-23,23,0,43,10,2023,Autumn,None,Stationery,Pen Blue Pack 10,25,40,60.0,15,698,200,2,0.5,0.8,350,476.0,126.0,14
2023-10-23,23,0,43,10,2023,Autumn,None,Electronics,LED Bulb 9W,48,85,77.08,0,87,40,4,0.96,0.97,3600,6375.0,2775.0,75
2023-10-23,23,0,43,10,2023,Autumn,None,FMCG,Gulal Colors Set,35,75,114.29,0,715,200,2,0.7,0.95,770,1650.0,880.0,22
2023-10-23,23,0,43,10,2023,Autumn,None,FMCG,Kite + String,25,55,120.0,15,1085,300,2,0.5,0.71,2350,4394.5,2044.5,94
2023-10-23,23,0,43,10,2023,Autumn,None,Electronics,USB Cable,45,89,97.78,10,247,50,4,0.9,0.93,1440,2563.2,1123.2,32
2023-10-24,24,1,43,10,2023,Autumn,None,FMCG,Crackers Box,200,380,90.0,0,434,100,3,4.0,0.97,4800,9120.0,4320.0,24
2023-10-24,24,1,43,10,2023,Autumn,None,Stationery,Pencil Box,35,55,57.14,15,114,80,3,0.7,0.96,1295,1729.75,434.75,37
2023-10-24,24,1,43,10,2023,Autumn,None,FMCG,Toothpaste Colgate,55,75,36.36,15,206,100,3,1.1,0.92,2805,3251.25,446.25,51
2023-10-24,24,1,43,10,2023,Autumn,None,Agriculture,Fertilizer NPK 1kg,125,168,34.4,5,42,25,6,2.5,0.81,9250,11810.4,2560.4,74
2023-10-24,24,1,43,10,2023,Autumn,None,FMCG,Cold Drink 500ml,20,30,50.0,0,641,200,2,0.4,0.92,1020,1530.0,510.0,51
2023-10-24,24,1,43,10,2023,Autumn,None,Fashion,Jeans Men,450,899,99.78,20,72,20,6,9.0,0.97,45900,73358.4,27458.4,102
2023-10-24,24,1,43,10,2023,Autumn,None,Grocery,Sunflower Oil 1L,120,148,23.33,15,192,60,4,2.4,0.98,1320,1383.8,63.8,11
2023-10-24,24,1,43,10,2023,Autumn,None,Electronics,USB Cable,45,89,97.78,10,109,50,4,0.9,0.75,3285,5847.3,2562.3,73
2023-10-25,25,2,43,10,2023,Autumn,None,Fashion,Kurta Women,280,549,96.07,20,93,20,5,5.6,0.83,9520,14932.8,5412.8,34
2023-10-25,25,2,43,10,2023,Autumn,None,Stationery,Notebook A4,28,45,60.71,0,330,100,3,0.56,0.83,1876,3015.0,1139.0,67
2023-10-25,25,2,43,10,2023,Autumn,None,Electronics,Power Bank 10000mAh,650,1099,69.08,0,58,15,6,13.0,0.9,4550,7693.0,3143.0,7
2023-10-25,25,2,43,10,2023,Autumn,None,Electronics,LED Bulb 9W,48,85,77.08,0,161,40,4,0.96,0.85,3456,6120.0,2664.0,72
2023-10-25,25,2,43,10,2023,Autumn,None,Grocery,Basmati Rice 5kg,180,225,25.0,5,138,50,3,3.6,0.78,17100,20306.25,3206.25,95
2023-10-25,25,2,43,10,2023,Autumn,None,Fashion,Shoes Casual,350,699,99.71,5,28,25,6,7.0,0.77,7350,13945.05,6595.05,21
2023-10-25,25,2,43,10,2023,Autumn,None,Grocery,Wheat Flour 10kg,320,385,20.31,20,86,40,3,6.4,0.84,26880,25872.0,-1008.0,84
2023-10-25,25,2,43,10,2023,Autumn,None,Grocery,Christmas Cake,180,320,77.78,20,46,30,2,3.6,0.84,14220,20224.0,6004.0,79
2023-10-26,26,3,43,10,2023,Autumn,Dussehra,FMCG,Cold Drink 500ml,20,30,50.0,20,866,200,2,0.4,0.97,4460,5352.0,892.0,223
2023-10-26,26,3,43,10,2023,Autumn,Dussehra,Grocery,Sugar 1kg,42,54,28.57,5,154,100,2,0.84,0.83,2058,2513.7,455.7,49
2023-10-26,26,3,43,10,2023,Autumn,Dussehra,FMCG,Toothpaste Colgate,55,75,36.36,0,378,100,3,1.1,0.81,6105,8325.0,2220.0,111
2023-10-26,26,3,43,10,2023,Autumn,Dussehra,FMCG,Gulal Colors Set,35,75,114.29,0,613,200,2,0.7,0.87,4760,10200.0,5440.0,136
2023-10-27,27,4,43,10,2023,Autumn,None,Grocery,Sunflower Oil 1L,120,148,23.33,10,279,60,4,2.4,0.94,720,799.2,79.2,6
2023-10-27,27,4,43,10,2023,Autumn,None,Stationery,Notebook A4,28,45,60.71,0,482,100,3,0.56,0.82,364,585.0,221.0,13
2023-10-27,27,4,43,10,2023,Autumn,None,FMCG,Cold Drink 500ml,20,30,50.0,10,472,200,2,0.4,0.76,1680,2268.0,588.0,84
2023-10-27,27,4,43,10,2023,Autumn,None,FMCG,Biscuit Parle-G,8,12,50.0,5,279,200,2,0.16,0.72,432,615.6,183.6,54
2023-10-28,28,5,43,10,2023,Autumn,None,Grocery,Wheat Flour 10kg,320,385,20.31,0,50,40,3,6.4,0.97,38400,46200.0,7800.0,120
2023-10-28,28,5,43,10,2023,Autumn,None,Grocery,Salt 1kg,18,25,38.89,15,269,120,2,0.36,0.87,198,233.75,35.75,11
2023-10-28,28,5,43,10,2023,Autumn,None,Agriculture,Fertilizer NPK 1kg,125,168,34.4,0,83,25,6,2.5,0.76,5125,6888.0,1763.0,41
2023-10-28,28,5,43,10,2023,Autumn,None,Agriculture,Pesticide 500ml,180,245,36.11,0,34,20,5,3.6,0.96,15120,20580.0,5460.0,84
2023-10-28,28,5,43,10,2023,Autumn,None,Grocery,Christmas Cake,180,320,77.78,5,130,30,2,3.6,0.83,7740,13072.0,5332.0,43
2023-10-28,28,5,43,10,2023,Autumn,None,Electronics,Earphones Boat,350,599,71.14,0,48,20,5,7.0,0.99,35700,61098.0,25398.0,102
2023-10-28,28,5,43,10,2023,Autumn,None,Grocery,Dal Toor 1kg,95,118,24.21,0,246,80,3,1.9,0.78,9690,12036.0,2346.0,102
2023-10-29,29,6,43,10,2023,Autumn,None,Fashion,Shoes Casual,350,699,99.71,0,114,25,6,7.0,0.75,19250,38445.0,19195.0,55
2023-10-29,29,6,43,10,2023,Autumn,None,FMCG,Dandiya Sticks,40,85,112.5,20,289,200,2,0.8,0.75,4320,7344.0,3024.0,108
2023-10-29,29,6,43,10,2023,Autumn,None,Fashion,Saree Cotton,350,699,99.71,10,29,15,7,7.0,0.8,15400,27680.4,12280.4,44
2023-10-29,29,6,43,10,2023,Autumn,None,FMCG,Biscuit Parle-G,8,12,50.0,0,776,200,2,0.16,0.95,744,1116.0,372.0,93
2023-10-30,30,0,44,10,2023,Autumn,None,FMCG,Shampoo Head&Shoulders,85,115,35.29,15,312,80,4,1.7,0.96,6290,7233.5,943.5,74
2023-10-30,30,0,44,10,2023,Autumn,None,Agriculture,Wheat Seeds 1kg,65,95,46.15,10,56,30,5,1.3,0.88,3120,4104.0,984.0,48
2023-10-30,30,0,44,10,2023,Autumn,None,Stationery,Eraser Pack,12,20,66.67,0,613,150,2,0.24,0.92,1272,2120.0,848.0,106
2023-10-31,31,1,44,10,2023,Autumn,None,FMCG,Kite + String,25,55,120.0,20,1417,300,2,0.5,0.7,200,352.0,152.0,8
2023-10-31,31,1,44,10,2023,Autumn,None,Agriculture,Wheat Seeds 1kg,65,95,46.15,15,137,30,5,1.3,0.95,1365,1695.75,330.75,21
2023-10-31,31,1,44,10,2023,Autumn,None,Fashion,Jeans Men,450,899,99.78,10,29,20,6,9.0,0.97,5850,10518.3,4668.3,13
2023-10-31,31,1,44,10,2023,Autumn,None,Grocery,Basmati Rice 5kg,180,225,25.0,20,110,50,3,3.6,0.89,11520,11520.0,0.0,64
2023-10-31,31,1,44,10,2023,Autumn,None,Stationery,Eraser Pack,12,20,66.67,0,185,150,2,0.24,0.88,648,1080.0,432.0,54
2023-10-31,31,1,44,10,2023,Autumn,None,FMCG,Puja Thali Set,125,245,96.0,0,99,50,3,2.5,0.77,4000,7840.0,3840.0,32
2023-10-31,31,1,44,10,2023,Autumn,None,Stationery,Notebook A4,28,45,60.71,0,225,100,3,0.56,0.81,224,360.0,136.0,8
2023-11-01,1,2,44,11,2023,Winter,None,FMCG,Toothpaste Colgate,55,75,36.36,0,473,100,3,1.1,0.77,1375,1875.0,500.0,25
2023-11-01,1,2,44,11,2023,Winter,None,Stationery,Notebook A4,28,45,60.71,0,467,100,3,0.56,0.9,1260,2025.0,765.0,45
2023-11-01,1,2,44,11,2023,Winter,None,Fashion,Kurta Women,280,549,96.07,0,94,20,5,5.6,0.85,20440,40077.0,19637.0,73
2023-11-02,2,3,44,11,2023,Winter,Diwali,FMCG,Dandiya Sticks,40,85,112.5,5,335,200,2,0.8,0.7,4000,8075.0,4075.0,100
2023-11-02,2,3,44,11,2023,Winter,Diwali,Fashion,T-Shirt Men,180,349,93.89,10,125,30,5,3.6,0.92,7200,12564.0,5364.0,40
2023-11-02,2,3,44,11,2023,Winter,Diwali,Electronics,Earphones Boat,350,599,71.14,15,54,20,5,7.0,0.93,35350,51424.15,16074.15,101
2023-11-02,2,3,44,11,2023,Winter,Diwali,Electronics,Smartphone Redmi,8500,10999,29.4,0,13,10,7,170.0,0.83,858500,1110899.0,252399.0,101
2023-11-02,2,3,44,11,2023,Winter,Diwali,Electronics,Power Bank 10000mAh,650,1099,69.08,0,70,15,6,13.0,0.88,115700,195622.0,79922.0,178
2023-11-02,2,3,44,11,2023,Winter,Diwali,FMCG,Kite + String,25,55,120.0,10,541,300,2,0.5,0.74,2500,4950.0,2450.0,100
2023-11-02,2,3,44,11,2023,Winter,Diwali,FMCG,Detergent Surf 1kg,95,125,31.58,5,336,90,3,1.9,0.84,18145,22681.25,4536.25,191
2023-11-03,3,4,44,11,2023,Winter,None,Stationery,Notebook A4,28,45,60.71,20,389,100,3,0.56,0.76,1344,1728.0,384.0,48
2023-11-03,3,4,44,11,2023,Winter,None,Electronics,Fan Table,850,1350,58.82,5,14,8,7,17.0,0.88,59500,89775.0,30275.0,70
2023-11-03,3,4,44,11,2023,Winter,None,FMCG,Detergent Surf 1kg,95,125,31.58,0,449,90,3,1.9,0.77,6555,8625.0,2070.0,69
2023-11-03,3,4,44,11,2023,Winter,None,Grocery,Salt 1kg,18,25,38.89,5,325,120,2,0.36,0.74,1260,1662.5,402.5,70
2023-11-03,3,4,44,11,2023,Winter,None,Grocery,Basmati Rice 5kg,180,225,25.0,5,88,50,3,3.6,0.9,10620,12611.25,1991.25,59
2023-11-03,3,4,44,11,2023,Winter,None,Stationery,Pen Blue Pack 10,25,40,60.0,10,305,200,2,0.5,0.97,1475,2124.0,649.0,59
2023-11-03,3,4,44,11,2023,Winter,None,FMCG,Cold Drink 500ml,20,30,50.0,0,635,200,2,0.4,0.74,220,330.0,110.0,11
2023-11-04,4,5,44,11,2023,Winter,Children's Day,Grocery,Wheat Flour 10kg,320,385,20.31,0,88,40,3,6.4,0.75,17280,20790.0,3510.0,54
2023-11-04,4,5,44,11,2023,Winter,Children's Day,Grocery,Basmati Rice 5kg,180,225,25.0,0,108,50,3,3.6,0.96,5940,7425.0,1485.0,33
2023-11-04,4,5,44,11,2023,Winter,Children's Day,Grocery,Eid Special Dates,280,450,60.71,0,109,40,4,5.6,0.76,4200,6750.0,2550.0,15
2023-11-04,4,5,44,11,2023,Winter,Children's Day,Grocery,Christmas Cake,180,320,77.78,20,111,30,2,3.6,0.73,9000,12800.0,3800.0,50
2023-11-05,5,6,44,11,2023,Winter,None,Grocery,Sugar 1kg,42,54,28.57,5,409,100,2,0.84,0.99,1638,2000.7,362.7,39
2023-11-05,5,6,44,11,2023,Winter,None,FMCG,Crackers Box,200,380,90.0,0,178,100,3,4.0,0.99,14200,26980.0,12780.0,71
2023-11-05,5,6,44,11,2023,Winter,None,Agriculture,Fertilizer NPK 1kg,125,168,34.4,10,57,25,6,2.5,0.89,15000,18144.0,3144.0,120
2023-11-05,5,6,44,11,2023,Winter,None,FMCG,Puja Thali Set,125,245,96.0,15,188,50,3,2.5,0.94,10375,17284.75,6909.75,83
2023-11-06,6,0,45,11,2023,Winter,None,FMCG,Cold Drink 500ml,20,30,50.0,15,403,200,2,0.4,0.99,1540,1963.5,423.5,77
2023-11-06,6,0,45,11,2023,Winter,None,Grocery,Basmati Rice 5kg,180,225,25.0,0,192,50,3,3.6,0.83,7200,9000.0,1800.0,40
2023-11-06,6,0,45,11,2023,Winter,None,Fashion,Jeans Men,450,899,99.78,0,27,20,6,9.0,0.75,49950,99789.0,49839.0,111
2023-11-06,6,0,45,11,2023,Winter,None,FMCG,Kite + String,25,55,120.0,5,1187,300,2,0.5,0.78,2550,5329.5,2779.5,102
2023-11-06,6,0,45,11,2023,Winter,None,FMCG,Gulal Colors Set,35,75,114.29,10,567,200,2,0.7,0.92,2240,4320.0,2080.0,64
2023-11-06,6,0,45,11,2023,Winter,None,FMCG,Puja Thali Set,125,245,96.0,10,188,50,3,2.5,0.75,5250,9261.0,4011.0,42
2023-11-06,6,0,45,11,2023,Winter,None,Grocery,Sunflower Oil 1L,120,148,23.33,20,241,60,4,2.4,0.94,9000,8880.0,-120.0,75
2023-11-07,7,1,45,11,2023,Winter,Children's Day,Stationery,Pencil Box,35,55,57.14,0,265,80,3,0.7,0.79,5110,8030.0,2920.0,146
2023-11-07,7,1,45,11,2023,Winter,Children's Day,FMCG,Cold Drink 500ml,20,30,50.0,0,282,200,2,0.4,0.94,1780,2670.0,890.0,89
2023-11-07,7,1,45,11,2023,Winter,Children's Day,Grocery,Wheat Flour 10kg,320,385,20.31,5,84,40,3,6.4,0.76,17920,20482.0,2562.0,56
2023-11-07,7,1,45,11,2023,Winter,Children's Day,FMCG,Diya Set 12pc,48,95,97.92,0,696,150,2,0.96,0.76,528,1045.0,517.0,11
2023-11-08,8,2,45,11,2023,Winter,None,Stationery,Pencil Box,35,55,57.14,0,166,80,3,0.7,0.94,175,275.0,100.0,5
2023-11-08,8,2,45,11,2023,Winter,None,FMCG,Detergent Surf 1kg,95,125,31.58,0,381,90,3,1.9,0.87,4085,5375.0,1290.0,43
2023-11-08,8,2,45,11,2023,Winter,None,Fashion,Jeans Men,450,899,99.78,10,97,20,6,9.0,0.91,5850,10518.3,4668.3,13
2023-11-08,8,2,45,11,2023,Winter,None,Agriculture,Fertilizer NPK 1kg,125,168,34.4,5,113,25,6,2.5,0.83,8375,10693.2,2318.2,67
2023-11-08,8,2,45,11,2023,Winter,None,FMCG,Cold Drink 500ml,20,30,50.0,0,468,200,2,0.4,0.98,1400,2100.0,700.0,70
2023-11-08,8,2,45,11,2023,Winter,None,Stationery,Eraser Pack,12,20,66.67,0,519,150,2,0.24,0.83,180,300.0,120.0,15
2023-11-08,8,2,45,11,2023,Winter,None,Electronics,Smartphone Redmi,8500,10999,29.4,0,28,10,7,170.0,0.89,153000,197982.0,44982.0,18
2023-11-08,8,2,45,11,2023,Winter,None,Fashion,T-Shirt Men,180,349,93.89,0,36,30,5,3.6,0.92,12420,24081.0,11661.0,69
2023-11-09,9,3,45,11,2023,Winter,None,Grocery,Eid Special Dates,280,450,60.71,0,74,40,4,5.6,0.75,32200,51750.0,19550.0,115
2023-11-09,9,3,45,11,2023,Winter,None,Electronics,USB Cable,45,89,97.78,20,201,50,4,0.9,0.77,3375,5340.0,1965.0,75
2023-11-09,9,3,45,11,2023,Winter,None,Electronics,Power Bank 10000mAh,650,1099,69.08,20,41,15,6,13.0,0.99,4550,6154.4,1604.4,7
2023-11-10,10,4,45,11,2023,Winter,None,FMCG,Toothpaste Colgate,55,75,36.36,15,128,100,3,1.1,0.84,4675,5418.75,743.75,85
2023-11-10,10,4,45,11,2023,Winter,None,Agriculture,Pesticide 500ml,180,245,36.11,5,47,20,5,3.6,0.91,5040,6517.0,1477.0,28
2023-11-10,10,4,45,11,2023,Winter,None,FMCG,Puja Thali Set,125,245,96.0,15,196,50,3,2.5,0.8,6500,10829.0,4329.0,52
2023-11-10,10,4,45,11,2023,Winter,None,Grocery,Sunflower Oil 1L,120,148,23.33,5,168,60,4,2.4,0.73,4200,4921.0,721.0,35
2023-11-10,10,4,45,11,2023,Winter,None,Fashion,Saree Cotton,350,699,99.71,20,69,15,7,7.0,0.77,42350,67663.2,25313.2,121
2023-11-10,10,4,45,11,2023,Winter,None,Stationery,Pencil Box,35,55,57.14,0,181,80,3,0.7,0.94,1505,2365.0,860.0,43
2023-11-10,10,4,45,11,2023,Winter,None,Electronics,Fan Table,850,1350,58.82,0,24,8,7,17.0,0.78,6800,10800.0,4000.0,8
2023-11-11,11,5,45,11,2023,Winter,None,Agriculture,Wheat Seeds 1kg,65,95,46.15,15,65,30,5,1.3,0.97,1885,2341.75,456.75,29
2023-11-11,11,5,45,11,2023,Winter,None,Fashion,Jeans Men,450,899,99.78,0,45,20,6,9.0,0.84,24750,49445.0,24695.0,55
2023-11-11,11,5,45,11,2023,Winter,None,FMCG,Shampoo Head&Shoulders,85,115,35.29,5,278,80,4,1.7,0.86,9860,12673.0,2813.0,116
2023-11-12,12,6,45,11,2023,Winter,Diwali,Stationery,Eraser Pack,12,20,66.67,20,221,150,2,0.24,0.84,1272,1696.0,424.0,106
2023-11-12,12,6,45,11,2023,Winter,Diwali,Grocery,Sunflower Oil 1L,120,148,23.33,20,200,60,4,2.4,0.83,18960,18707.2,-252.8,158
2023-11-12,12,6,45,11,2023,Winter,Diwali,Agriculture,Wheat Seeds 1kg,65,95,46.15,0,102,30,5,1.3,0.76,8450,12350.0,3900.0,130
2023-11-12,12,6,45,11,2023,Winter,Diwali,Electronics,Earphones Boat,350,599,71.14,0,41,20,5,7.0,0.79,36400,62296.0,25896.0,104
2023-11-12,12,6,45,11,2023,Winter,Diwali,Electronics,LED Bulb 9W,48,85,77.08,0,108,40,4,0.96,0.72,12288,21760.0,9472.0,256
2023-11-12,12,6,45,11,2023,Winter,Diwali,Fashion,T-Shirt Men,180,349,93.89,5,74,30,5,3.6,0.83,29340,54042.65,24702.65,163
2023-11-13,13,0,46,11,2023,Winter,None,Electronics,Smartphone Redmi,8500,10999,29.4,20,28,10,7,170.0,0.93,59500,61594.4,2094.4,7
2023-11-13,13,0,46,11,2023,Winter,None,FMCG,Diya Set 12pc,48,95,97.92,0,290,150,2,0.96,0.83,1920,3800.0,1880.0,40
2023-11-13,13,0,46,11,2023,Winter,None,Stationery,Pen Blue Pack 10,25,40,60.0,10,678,200,2,0.5,0.75,250,360.0,110.0,10
2023-11-13,13,0,46,11,2023,Winter,None,Grocery,Eid Special Dates,280,450,60.71,10,108,40,4,5.6,0.72,27720,40095.0,12375.0,99
2023-11-13,13,0,46,11,2023,Winter,None,Electronics,LED Bulb 9W,48,85,77.08,0,98,40,4,0.96,0.85,336,595.0,259.0,7
2023-11-14,14,1,46,11,2023,Winter,None,Fashion,Saree Cotton,350,699,99.71,0,52,15,7,7.0,0.88,22050,44037.0,21987.0,63
2023-11-14,14,1,46,11,2023,Winter,None,FMCG,Gulal Colors Set,35,75,114.29,20,425,200,2,0.7,0.84,420,720.0,300.0,12
2023-11-14,14,1,46,11,2023,Winter,None,Electronics,Fan Table,850,1350,58.82,0,11,8,7,17.0,0.79,48450,76950.0,28500.0,57
2023-11-14,14,1,46,11,2023,Winter,None,FMCG,Cold Drink 500ml,20,30,50.0,20,500,200,2,0.4,0.77,1600,1920.0,320.0,80
2023-11-14,14,1,46,11,2023,Winter,None,Grocery,Dal Toor 1kg,95,118,24.21,10,188,80,3,1.9,0.84,9215,10301.4,1086.4,97
2023-11-15,15,2,46,11,2023,Winter,Children's Day,Stationery,Pen Blue Pack 10,25,40,60.0,20,597,200,2,0.5,0.93,2250,2880.0,630.0,90
2023-11-15,15,2,46,11,2023,Winter,Children's Day,Grocery,Dal Toor 1kg,95,118,24.21,5,114,80,3,1.9,0.81,17575,20738.5,3163.5,185
2023-11-15,15,2,46,11,2023,Winter,Children's Day,FMCG,Kite + String,25,55,120.0,0,1359,300,2,0.5,0.92,725,1595.0,870.0,29
2023-11-15,15,2,46,11,2023,Winter,Children's Day,Agriculture,Fertilizer NPK 1kg,125,168,34.4,10,44,25,6,2.5,0.84,2500,3024.0,524.0,20
2023-11-15,15,2,46,11,2023,Winter,Children's Day,Fashion,Shoes Casual,350,699,99.71,15,39,25,6,7.0,0.7,25200,42778.8,17578.8,72
2023-11-15,15,2,46,11,2023,Winter,Children's Day,Stationery,Eraser Pack,12,20,66.67,10,615,150,2,0.24,0.89,816,1224.0,408.0,68
2023-11-16,16,3,46,11,2023,Winter,Diwali,Stationery,Pen Blue Pack 10,25,40,60.0,0,635,200,2,0.5,0.88,1550,2480.0,930.0,62
2023-11-16,16,3,46,11,2023,Winter,Diwali,Grocery,Wheat Flour 10kg,320,385,20.31,0,163,40,3,6.4,0.89,24960,30030.0,5070.0,78
2023-11-16,16,3,46,11,2023,Winter,Diwali,Fashion,T-Shirt Men,180,349,93.89,15,81,30,5,3.6,0.84,25200,41531.0,16331.0,140
2023-11-16,16,3,46,11,2023,Winter,Diwali,Electronics,Power Bank 10000mAh,650,1099,69.08,20,23,15,6,13.0,0.75,46150,62423.2,16273.2,71
2023-11-16,16,3,46,11,2023,Winter,Diwali,Stationery,Notebook A4,28,45,60.71,0,343,100,3,0.56,0.97,2772,4455.0,1683.0,99
2023-11-16,16,3,46,11,2023,Winter,Diwali,Stationery,Eraser Pack,12,20,66.67,15,166,150,2,0.24,0.93,948,1343.0,395.0,79
2023-11-16,16,3,46,11,2023,Winter,Diwali,Agriculture,Wheat Seeds 1kg,65,95,46.15,5,85,30,5,1.3,0.8,6760,9386.0,2626.0,104
2023-11-17,17,4,46,11,2023,Winter,None,Fashion,Kurta Women,280,549,96.07,20,99,20,5,5.6,0.96,15120,23716.8,8596.8,54
2023-11-17,17,4,46,11,2023,Winter,None,Grocery,Sunflower Oil 1L,120,148,23.33,10,66,60,4,2.4,0.92,14280,15850.8,1570.8,119
2023-11-17,17,4,46,11,2023,Winter,None,Stationery,Pen Blue Pack 10,25,40,60.0,0,886,200,2,0.5,0.89,1550,2480.0,930.0,62
2023-11-17,17,4,46,11,2023,Winter,None,FMCG,Gulal Colors Set,35,75,114.29,10,320,200,2,0.7,0.91,840,1620.0,780.0,24
2023-11-17,17,4,46,11,2023,Winter,None,Electronics,Earphones Boat,350,599,71.14,0,91,20,5,7.0,0.83,19600,33544.0,13944.0,56
2023-11-17,17,4,46,11,2023,Winter,None,Stationery,Eraser Pack,12,20,66.67,15,561,150,2,0.24,0.9,192,272.0,80.0,16
2023-11-17,17,4,46,11,2023,Winter,None,FMCG,Crackers Box,200,380,90.0,5,205,100,3,4.0,0.76,1800,3249.0,1449.0,9
2023-11-18,18,5,46,11,2023,Winter,None,Grocery,Salt 1kg,18,25,38.89,15,534,120,2,0.36,0.87,198,233.75,35.75,11
2023-11-18,18,5,46,11,2023,Winter,None,Stationery,Pencil Box,35,55,57.14,0,121,80,3,0.7,0.9,4270,6710.0,2440.0,122
2023-11-18,18,5,46,11,2023,Winter,None,FMCG,Detergent Surf 1kg,95,125,31.58,10,341,90,3,1.9,0.74,13680,16200.0,2520.0,144
2023-11-19,19,6,46,11,2023,Winter,None,Stationery,Eraser Pack,12,20,66.67,5,465,150,2,0.24,0.88,84,133.0,49.0,7
2023-11-19,19,6,46,11,2023,Winter,None,Fashion,Saree Cotton,350,699,99.71,0,25,15,7,7.0,0.71,51100,102054.0,50954.0,146
2023-11-19,19,6,46,11,2023,Winter,None,Electronics,Earphones Boat,350,599,71.14,15,50,20,5,7.0,0.99,51800,75354.2,23554.2,148
2023-11-19,19,6,46,11,2023,Winter,None,Electronics,USB Cable,45,89,97.78,0,127,50,4,0.9,0.91,3375,6675.0,3300.0,75
2023-11-20,20,0,47,11,2023,Winter,None,Grocery,Wheat Flour 10kg,320,385,20.31,0,152,40,3,6.4,0.76,25920,31185.0,5265.0,81
2023-11-20,20,0,47,11,2023,Winter,None,FMCG,Soap Lux,22,32,45.45,0,693,150,3,0.44,0.75,1298,1888.0,590.0,59
2023-11-20,20,0,47,11,2023,Winter,None,Fashion,T-Shirt Men,180,349,93.89,0,95,30,5,3.6,0.92,12060,23383.0,11323.0,67
2023-11-20,20,0,47,11,2023,Winter,None,Fashion,Shoes Casual,350,699,99.71,0,114,25,6,7.0,0.74,27300,54522.0,27222.0,78
2023-11-20,20,0,47,11,2023,Winter,None,Stationery,Eraser Pack,12,20,66.67,20,701,150,2,0.24,0.73,192,256.0,64.0,16
2023-11-20,20,0,47,11,2023,Winter,None,Agriculture,Fertilizer NPK 1kg,125,168,34.4,5,25,25,6,2.5,0.82,13750,17556.0,3806.0,110
2023-11-20,20,0,47,11,2023,Winter,None,Grocery,Christmas Cake,180,320,77.78,5,116,30,2,3.6,0.73,11160,18848.0,7688.0,62
2023-11-20,20,0,47,11,2023,Winter,None,Electronics,Smartphone Redmi,8500,10999,29.4,15,13,10,7,170.0,0.73,884000,972311.6,88311.6,104
2023-11-21,21,1,47,11,2023,Winter,None,Electronics,LED Bulb 9W,48,85,77.08,0,193,40,4,0.96,0.99,1248,2210.0,962.0,26
2023-11-21,21,1,47,11,2023,Winter,None,FMCG,Toothpaste Colgate,55,75,36.36,5,124,100,3,1.1,0.76,2475,3206.25,731.25,45
2023-11-21,21,1,47,11,2023,Winter,None,FMCG,Diya Set 12pc,48,95,97.92,10,217,150,2,0.96,0.84,3696,6583.5,2887.5,77
2023-11-21,21,1,47,11,2023,Winter,None,Grocery,Dal Toor 1kg,95,118,24.21,5,387,80,3,1.9,0.98,3420,4035.6,615.6,36
2023-11-21,21,1,47,11,2023,Winter,None,Fashion,Kurta Women,280,549,96.07,10,57,20,5,5.6,0.95,15400,27175.5,11775.5,55
2023-11-21,21,1,47,11,2023,Winter,None,Grocery,Basmati Rice 5kg,180,225,25.0,20,57,50,3,3.6,0.9,18180,18180.0,0.0,101
2023-11-21,21,1,47,11,2023,Winter,None,Electronics,Smartphone Redmi,8500,10999,29.4,0,42,10,7,170.0,0.9,637500,824925.0,187425.0,75
2023-11-21,21,1,47,11,2023,Winter,None,FMCG,Gulal Colors Set,35,75,114.29,0,862,200,2,0.7,0.84,3045,6525.0,3480.0,87
2023-11-22,22,2,47,11,2023,Winter,None,Grocery,Dal Toor 1kg,95,118,24.21,10,277,80,3,1.9,0.96,2945,3292.2,347.2,31
2023-11-22,22,2,47,11,2023,Winter,None,Grocery,Salt 1kg,18,25,38.89,0,187,120,2,0.36,0.7,1692,2350.0,658.0,94
2023-11-22,22,2,47,11,2023,Winter,None,Stationery,Eraser Pack,12,20,66.67,0,167,150,2,0.24,0.77,864,1440.0,576.0,72
2023-11-22,22,2,47,11,2023,Winter,None,FMCG,Kite + String,25,55,120.0,0,658,300,2,0.5,1.0,1675,3685.0,2010.0,67
2023-11-22,22,2,47,11,2023,Winter,None,Grocery,Basmati Rice 5kg,180,225,25.0,5,117,50,3,3.6,0.78,8280,9832.5,1552.5,46
2023-11-23,23,3,47,11,2023,Winter,None,Fashion,Saree Cotton,350,699,99.71,10,20,15,7,7.0,0.75,52850,94994.1,42144.1,151
2023-11-23,23,3,47,11,2023,Winter,None,Stationery,Pen Blue Pack 10,25,40,60.0,15,873,200,2,0.5,0.74,1400,1904.0,504.0,56
2023-11-23,23,3,47,11,2023,Winter,None,FMCG,Cold Drink 500ml,20,30,50.0,0,810,200,2,0.4,0.71,1180,1770.0,590.0,59
2023-11-23,23,3,47,11,2023,Winter,None,Electronics,LED Bulb 9W,48,85,77.08,0,157,40,4,0.96,0.81,1872,3315.0,1443.0,39
2023-11-24,24,4,47,11,2023,Winter,None,FMCG,Cold Drink 500ml,20,30,50.0,5,585,200,2,0.4,0.89,260,370.5,110.5,13
2023-11-24,24,4,47,11,2023,Winter,None,FMCG,Dandiya Sticks,40,85,112.5,5,972,200,2,0.8,0.79,200,403.75,203.75,5
2023-11-24,24,4,47,11,2023,Winter,None,Electronics,Fan Table,850,1350,58.82,5,27,8,7,17.0,0.71,45050,67972.5,22922.5,53
2023-11-25,25,5,47,11,2023,Winter,None,Electronics,USB Cable,45,89,97.78,20,249,50,4,0.9,0.98,5580,8828.8,3248.8,124
2023-11-25,25,5,47,11,2023,Winter,None,Agriculture,Wheat Seeds 1kg,65,95,46.15,15,141,30,5,1.3,0.82,975,1211.25,236.25,15
2023-11-25,25,5,47,11,2023,Winter,None,Electronics,LED Bulb 9W,48,85,77.08,15,170,40,4,0.96,0.86,3840,5780.0,1940.0,80
2023-11-25,25,5,47,11,2023,Winter,None,FMCG,Diya Set 12pc,48,95,97.92,0,733,150,2,0.96,0.84,4608,9120.0,4512.0,96
2023-11-25,25,5,47,11,2023,Winter,None,Grocery,Dal Toor 1kg,95,118,24.21,5,221,80,3,1.9,0.98,6745,7959.1,1214.1,71
2023-11-26,26,6,47,11,2023,Winter,Children's Day,Stationery,Eraser Pack,12,20,66.67,20,691,150,2,0.24,0.82,1728,2304.0,576.0,144
2023-11-26,26,6,47,11,2023,Winter,Children's Day,FMCG,Toothpaste Colgate,55,75,36.36,10,397,100,3,1.1,0.79,1540,1890.0,350.0,28
2023-11-26,26,6,47,11,2023,Winter,Children's Day,Electronics,Smartphone Redmi,8500,10999,29.4,20,21,10,7,170.0,0.74,1725500,1786237.6,60737.6,203
2023-11-26,26,6,47,11,2023,Winter,Children's Day,FMCG,Shampoo Head&Shoulders,85,115,35.29,0,348,80,4,1.7,0.82,6460,8740.0,2280.0,76
2023-11-26,26,6,47,11,2023,Winter,Children's Day,Electronics,USB Cable,45,89,97.78,0,82,50,4,0.9,0.7,6705,13261.0,6556.0,149
2023-11-26,26,6,47,11,2023,Winter,Children's Day,Agriculture,Wheat Seeds 1kg,65,95,46.15,5,88,30,5,1.3,0.98,7540,10469.0,2929.0,116
2023-11-27,27,0,48,11,2023,Winter,None,Grocery,Christmas Cake,180,320,77.78,15,71,30,2,3.6,0.93,18180,27472.0,9292.0,101
2023-11-27,27,0,48,11,2023,Winter,None,Stationery,Eraser Pack,12,20,66.67,15,559,150,2,0.24,0.87,1068,1513.0,445.0,89
2023-11-27,27,0,48,11,2023,Winter,None,FMCG,Cold Drink 500ml,20,30,50.0,5,391,200,2,0.4,0.81,1720,2451.0,731.0,86
2023-11-27,27,0,48,11,2023,Winter,None,Electronics,Smartphone Redmi,8500,10999,29.4,20,17,10,7,170.0,0.77,569500,589546.4,20046.4,67
2023-11-27,27,0,48,11,2023,Winter,None,Fashion,Shoes Casual,350,699,99.71,10,57,25,6,7.0,0.97,15050,27051.3,12001.3,43
2023-11-27,27,0,48,11,2023,Winter,None,Stationery,Pen Blue Pack 10,25,40,60.0,20,404,200,2,0.5,0.88,875,1120.0,245.0,35
2023-11-27,27,0,48,11,2023,Winter,None,FMCG,Toothpaste Colgate,55,75,36.36,15,406,100,3,1.1,0.73,2420,2805.0,385.0,44
2023-11-28,28,1,48,11,2023,Winter,Diwali,Stationery,Pencil Box,35,55,57.14,15,155,80,3,0.7,0.95,4655,6217.75,1562.75,133
2023-11-28,28,1,48,11,2023,Winter,Diwali,Grocery,Basmati Rice 5kg,180,225,25.0,15,128,50,3,3.6,0.92,8280,8797.5,517.5,46
2023-11-28,28,1,48,11,2023,Winter,Diwali,Grocery,Wheat Flour 10kg,320,385,20.31,15,112,40,3,6.4,0.92,37440,38288.25,848.25,117
2023-11-28,28,1,48,11,2023,Winter,Diwali,Grocery,Salt 1kg,18,25,38.89,10,180,120,2,0.36,0.71,666,832.5,166.5,37
2023-11-29,29,2,48,11,2023,Winter,None,Grocery,Eid Special Dates,280,450,60.71,10,138,40,4,5.6,0.79,26600,38475.0,11875.0,95
2023-11-29,29,2,48,11,2023,Winter,None,FMCG,Puja Thali Set,125,245,96.0,15,52,50,3,2.5,0.8,3250,5414.5,2164.5,26
2023-11-29,29,2,48,11,2023,Winter,None,Fashion,Saree Cotton,350,699,99.71,15,26,15,7,7.0,0.77,13300,22577.7,9277.7,38
2023-11-29,29,2,48,11,2023,Winter,None,FMCG,Toothpaste Colgate,55,75,36.36,20,348,100,3,1.1,1.0,1925,2100.0,175.0,35
2023-11-29,29,2,48,11,2023,Winter,None,FMCG,Gulal Colors Set,35,75,114.29,5,467,200,2,0.7,0.87,840,1710.0,870.0,24
2023-11-29,29,2,48,11,2023,Winter,None,FMCG,Shampoo Head&Shoulders,85,115,35.29,10,371,80,4,1.7,0.98,5185,6313.5,1128.5,61
2023-11-29,29,2,48,11,2023,Winter,None,Grocery,Sunflower Oil 1L,120,148,23.33,20,269,60,4,2.4,0.71,15600,15392.0,-208.0,130
2023-11-30,30,3,48,11,2023,Winter,None,Stationery,Pencil Box,35,55,57.14,0,81,80,3,0.7,0.83,1540,2420.0,880.0,44
2023-11-30,30,3,48,11,2023,Winter,None,FMCG,Kite + String,25,55,120.0,5,1377,300,2,0.5,0.83,1550,3239.5,1689.5,62
2023-11-30,30,3,48,11,2023,Winter,None,FMCG,Shampoo Head&Shoulders,85,115,35.29,0,228,80,4,1.7,0.95,6205,8395.0,2190.0,73
2023-11-30,30,3,48,11,2023,Winter,None,Grocery,Basmati Rice 5kg,180,225,25.0,0,128,50,3,3.6,0.85,10620,13275.0,2655.0,59
2023-11-30,30,3,48,11,2023,Winter,None,Grocery,Dal Toor 1kg,95,118,24.21,0,117,80,3,1.9,0.9,3325,4130.0,805.0,35
2023-12-01,1,4,48,12,2023,Winter,None,Fashion,Saree Cotton,350,699,99.71,0,37,15,7,7.0,0.72,14350,28659.0,14309.0,41
2023-12-01,1,4,48,12,2023,Winter,None,Stationery,Pencil Box,35,55,57.14,5,171,80,3,0.7,0.99,700,1045.0,345.0,20
2023-12-01,1,4,48,12,2023,Winter,None,FMCG,Biscuit Parle-G,8,12,50.0,0,962,200,2,0.16,0.95,552,828.0,276.0,69
2023-12-01,1,4,48,12,2023,Winter,None,Grocery,Basmati Rice 5kg,180,225,25.0,10,182,50,3,3.6,0.85,3780,4252.5,472.5,21
2023-12-01,1,4,48,12,2023,Winter,None,Grocery,Sugar 1kg,42,54,28.57,0,252,100,2,0.84,0.92,3234,4158.0,924.0,77
2023-12-01,1,4,48,12,2023,Winter,None,FMCG,Puja Thali Set,125,245,96.0,20,129,50,3,2.5,0.78,7750,12152.0,4402.0,62
2023-12-02,2,5,48,12,2023,Winter,New Year,Fashion,T-Shirt Men,180,349,93.89,20,70,30,5,3.6,1.0,19080,29595.2,10515.2,106
2023-12-02,2,5,48,12,2023,Winter,New Year,FMCG,Dandiya Sticks,40,85,112.5,0,278,200,2,0.8,0.93,7600,16150.0,8550.0,190
2023-12-02,2,5,48,12,2023,Winter,New Year,Grocery,Basmati Rice 5kg,180,225,25.0,10,211,50,3,3.6,0.71,9900,11137.5,1237.5,55
2023-12-02,2,5,48,12,2023,Winter,New Year,Electronics,Fan Table,850,1350,58.82,15,30,8,7,17.0,0.73,241400,325890.0,84490.0,284
2023-12-02,2,5,48,12,2023,Winter,New Year,FMCG,Puja Thali Set,125,245,96.0,15,92,50,3,2.5,0.96,15625,26031.25,10406.25,125
2023-12-02,2,5,48,12,2023,Winter,New Year,Agriculture,Wheat Seeds 1kg,65,95,46.15,10,75,30,5,1.3,0.82,8645,11371.5,2726.5,133
2023-12-03,3,6,48,12,2023,Winter,New Year,Grocery,Sunflower Oil 1L,120,148,23.33,10,266,60,4,2.4,0.73,6840,7592.4,752.4,57
2023-12-03,3,6,48,12,2023,Winter,New Year,Grocery,Salt 1kg,18,25,38.89,20,487,120,2,0.36,0.94,3564,3960.0,396.0,198
2023-12-03,3,6,48,12,2023,Winter,New Year,FMCG,Dandiya Sticks,40,85,112.5,5,882,200,2,0.8,0.74,5560,11224.25,5664.25,139
2023-12-03,3,6,48,12,2023,Winter,New Year,Fashion,Shoes Casual,350,699,99.71,5,85,25,6,7.0,0.7,18200,34530.6,16330.6,52
2023-12-03,3,6,48,12,2023,Winter,New Year,FMCG,Diya Set 12pc,48,95,97.92,0,162,150,2,0.96,0.92,864,1710.0,846.0,18
2023-12-04,4,0,49,12,2023,Winter,None,Fashion,Jeans Men,450,899,99.78,0,30,20,6,9.0,0.94,55350,110577.0,55227.0,123
2023-12-04,4,0,49,12,2023,Winter,None,FMCG,Soap Lux,22,32,45.45,0,553,150,3,0.44,0.93,902,1312.0,410.0,41
2023-12-04,4,0,49,12,2023,Winter,None,FMCG,Kite + String,25,55,120.0,20,1061,300,2,0.5,0.97,275,484.0,209.0,11
2023-12-04,4,0,49,12,2023,Winter,None,Electronics,Fan Table,850,1350,58.82,10,25,8,7,17.0,0.89,85850,122715.0,36865.0,101
2023-12-04,4,0,49,12,2023,Winter,None,Grocery,Wheat Flour 10kg,320,385,20.31,15,176,40,3,6.4,0.86,3520,3599.75,79.75,11
2023-12-05,5,1,49,12,2023,Winter,New Year,Stationery,Pencil Box,35,55,57.14,0,185,80,3,0.7,0.96,4865,7645.0,2780.0,139
2023-12-05,5,1,49,12,2023,Winter,New Year,Fashion,Saree Cotton,350,699,99.71,15,41,15,7,7.0,0.74,39900,67733.1,27833.1,114
2023-12-05,5,1,49,12,2023,Winter,New Year,FMCG,Detergent Surf 1kg,95,125,31.58,0,329,90,3,1.9,0.79,6650,8750.0,2100.0,70
2023-12-05,5,1,49,12,2023,Winter,New Year,Fashion,Kurta Women,280,549,96.07,20,84,20,5,5.6,0.97,6720,10540.8,3820.8,24
2023-12-06,6,2,49,12,2023,Winter,Christmas,FMCG,Puja Thali Set,125,245,96.0,10,235,50,3,2.5,0.95,4625,8158.5,3533.5,37
2023-12-06,6,2,49,12,2023,Winter,Christmas,Grocery,Sunflower Oil 1L,120,148,23.33,15,80,60,4,2.4,0.73,12720,13334.8,614.8,106
2023-12-06,6,2,49,12,2023,Winter,Christmas,FMCG,Diya Set 12pc,48,95,97.92,15,537,150,2,0.96,0.73,2880,4845.0,1965.0,60
2023-12-06,6,2,49,12,2023,Winter,Christmas,FMCG,Gulal Colors Set,35,75,114.29,0,546,200,2,0.7,0.87,5425,11625.0,6200.0,155
2023-12-06,6,2,49,12,2023,Winter,Christmas,Grocery,Eid Special Dates,280,450,60.71,0,101,40,4,5.6,0.76,17640,28350.0,10710.0,63
2023-12-06,6,2,49,12,2023,Winter,Christmas,FMCG,Detergent Surf 1kg,95,125,31.58,0,296,90,3,1.9,0.71,4275,5625.0,1350.0,45
2023-12-07,7,3,49,12,2023,Winter,None,FMCG,Detergent Surf 1kg,95,125,31.58,5,276,90,3,1.9,0.91,9500,11875.0,2375.0,100
2023-12-07,7,3,49,12,2023,Winter,None,FMCG,Toothpaste Colgate,55,75,36.36,0,129,100,3,1.1,0.96,5115,6975.0,1860.0,93
2023-12-07,7,3,49,12,2023,Winter,None,Grocery,Wheat Flour 10kg,320,385,20.31,15,90,40,3,6.4,0.72,12160,12435.5,275.5,38
2023-12-07,7,3,49,12,2023,Winter,None,Fashion,Saree Cotton,350,699,99.71,20,62,15,7,7.0,0.72,8050,12861.6,4811.6,23
2023-12-07,7,3,49,12,2023,Winter,None,Electronics,USB Cable,45,89,97.78,10,112,50,4,0.9,0.87,4590,8170.2,3580.2,102
2023-12-07,7,3,49,12,2023,Winter,None,FMCG,Gulal Colors Set,35,75,114.29,5,617,200,2,0.7,0.74,3395,6911.25,3516.25,97
2023-12-08,8,4,49,12,2023,Winter,Christmas,FMCG,Cold Drink 500ml,20,30,50.0,0,747,200,2,0.4,0.79,2080,3120.0,1040.0,104
2023-12-08,8,4,49,12,2023,Winter,Christmas,Electronics,Power Bank 10000mAh,650,1099,69.08,0,50,15,6,13.0,0.97,117650,198919.0,81269.0,181
2023-12-08,8,4,49,12,2023,Winter,Christmas,Fashion,Saree Cotton,350,699,99.71,0,48,15,7,7.0,0.82,50400,100656.0,50256.0,144
2023-12-08,8,4,49,12,2023,Winter,Christmas,Stationery,Pen Blue Pack 10,25,40,60.0,0,242,200,2,0.5,0.82,450,720.0,270.0,18
2023-12-08,8,4,49,12,2023,Winter,Christmas,Grocery,Basmati Rice 5kg,180,225,25.0,0,144,50,3,3.6,0.71,27720,34650.0,6930.0,154
2023-12-08,8,4,49,12,2023,Winter,Christmas,Stationery,Notebook A4,28,45,60.71,15,144,100,3,0.56,0.89,4144,5661.0,1517.0,148
2023-12-09,9,5,49,12,2023,Winter,None,Electronics,Fan Table,850,1350,58.82,10,11,8,7,17.0,0.94,36550,52245.0,15695.0,43
2023-12-09,9,5,49,12,2023,Winter,None,Grocery,Basmati Rice 5kg,180,225,25.0,0,84,50,3,3.6,0.71,2340,2925.0,585.0,13
2023-12-09,9,5,49,12,2023,Winter,None,FMCG,Kite + String,25,55,120.0,0,709,300,2,0.5,0.93,1725,3795.0,2070.0,69
2023-12-09,9,5,49,12,2023,Winter,None,FMCG,Soap Lux,22,32,45.45,5,525,150,3,0.44,0.77,1980,2736.0,756.0,90
2023-12-09,9,5,49,12,2023,Winter,None,Grocery,Eid Special Dates,280,450,60.71,0,87,40,4,5.6,0.99,45360,72900.0,27540.0,162
2023-12-09,9,5,49,12,2023,Winter,None,Electronics,Earphones Boat,350,599,71.14,0,88,20,5,7.0,0.83,7350,12579.0,5229.0,21
2023-12-10,10,6,49,12,2023,Winter,None,Agriculture,Pesticide 500ml,180,245,36.11,0,95,20,5,3.6,0.99,15120,20580.0,5460.0,84
2023-12-10,10,6,49,12,2023,Winter,None,Fashion,Shoes Casual,350,699,99.71,0,96,25,6,7.0,0.99,36050,71997.0,35947.0,103
2023-12-10,10,6,49,12,2023,Winter,None,FMCG,Puja Thali Set,125,245,96.0,0,107,50,3,2.5,0.85,10000,19600.0,9600.0,80
2023-12-10,10,6,49,12,2023,Winter,None,Fashion,T-Shirt Men,180,349,93.89,0,101,30,5,3.6,0.74,27720,53746.0,26026.0,154
2023-12-11,11,0,50,12,2023,Winter,None,Stationery,Pen Blue Pack 10,25,40,60.0,5,371,200,2,0.5,0.88,1425,2166.0,741.0,57
2023-12-11,11,0,50,12,2023,Winter,None,Fashion,Shoes Casual,350,699,99.71,15,88,25,6,7.0,0.88,30100,51096.9,20996.9,86
2023-12-11,11,0,50,12,2023,Winter,None,Grocery,Eid Special Dates,280,450,60.71,0,137,40,4,5.6,0.7,20440,32850.0,12410.0,73
2023-12-11,11,0,50,12,2023,Winter,None,FMCG,Crackers Box,200,380,90.0,20,315,100,3,4.0,0.95,12400,18848.0,6448.0,62
2023-12-11,11,0,50,12,2023,Winter,None,Electronics,Earphones Boat,350,599,71.14,0,77,20,5,7.0,0.7,35000,59900.0,24900.0,100
2023-12-11,11,0,50,12,2023,Winter,None,Fashion,T-Shirt Men,180,349,93.89,5,145,30,5,3.6,0.98,9180,16909.05,7729.05,51
2023-12-11,11,0,50,12,2023,Winter,None,FMCG,Diya Set 12pc,48,95,97.92,0,214,150,2,0.96,0.81,1104,2185.0,1081.0,23
2023-12-12,12,1,50,12,2023,Winter,Christmas,Grocery,Wheat Flour 10kg,320,385,20.31,15,64,40,3,6.4,0.79,11200,11453.75,253.75,35
2023-12-12,12,1,50,12,2023,Winter,Christmas,Grocery,Salt 1kg,18,25,38.89,0,412,120,2,0.36,0.72,2016,2800.0,784.0,112
2023-12-12,12,1,50,12,2023,Winter,Christmas,Stationery,Notebook A4,28,45,60.71,0,138,100,3,0.56,0.76,1204,1935.0,731.0,43
2023-12-12,12,1,50,12,2023,Winter,Christmas,Electronics,Smartphone Redmi,8500,10999,29.4,10,46,10,7,170.0,0.78,1266500,1474965.9,208465.9,149
2023-12-12,12,1,50,12,2023,Winter,Christmas,Grocery,Basmati Rice 5kg,180,225,25.0,15,237,50,3,3.6,0.92,25560,27157.5,1597.5,142
2023-12-13,13,2,50,12,2023,Winter,New Year,FMCG,Biscuit Parle-G,8,12,50.0,0,281,200,2,0.16,0.93,1704,2556.0,852.0,213
2023-12-13,13,2,50,12,2023,Winter,New Year,Fashion,Saree Cotton,350,699,99.71,10,42,15,7,7.0,0.99,96600,173631.6,77031.6,276
2023-12-13,13,2,50,12,2023,Winter,New Year,Agriculture,Pesticide 500ml,180,245,36.11,0,74,20,5,3.6,0.8,26280,35770.0,9490.0,146
2023-12-13,13,2,50,12,2023,Winter,New Year,Grocery,Christmas Cake,180,320,77.78,0,142,30,2,3.6,0.8,32760,58240.0,25480.0,182
2023-12-14,14,3,50,12,2023,Winter,None,FMCG,Puja Thali Set,125,245,96.0,0,240,50,3,2.5,0.91,5375,10535.0,5160.0,43
2023-12-14,14,3,50,12,2023,Winter,None,Electronics,LED Bulb 9W,48,85,77.08,20,62,40,4,0.96,0.86,4896,6936.0,2040.0,102
2023-12-14,14,3,50,12,2023,Winter,None,FMCG,Dandiya Sticks,40,85,112.5,0,302,200,2,0.8,0.87,280,595.0,315.0,7
2023-12-14,14,3,50,12,2023,Winter,None,Agriculture,Pesticide 500ml,180,245,36.11,0,75,20,5,3.6,0.85,1980,2695.0,715.0,11
2023-12-14,14,3,50,12,2023,Winter,None,Stationery,Pencil Box,35,55,57.14,0,153,80,3,0.7,0.91,1365,2145.0,780.0,39
2023-12-14,14,3,50,12,2023,Winter,None,Grocery,Basmati Rice 5kg,180,225,25.0,10,224,50,3,3.6,0.74,15840,17820.0,1980.0,88
2023-12-14,14,3,50,12,2023,Winter,None,Stationery,Notebook A4,28,45,60.71,10,120,100,3,0.56,0.76,1680,2430.0,750.0,60
2023-12-15,15,4,50,12,2023,Winter,None,FMCG,Shampoo Head&Shoulders,85,115,35.29,10,304,80,4,1.7,0.84,2720,3312.0,592.0,32
2023-12-15,15,4,50,12,2023,Winter,None,Fashion,Saree Cotton,350,699,99.71,0,49,15,7,7.0,0.96,15050,30057.0,15007.0,43
2023-12-15,15,4,50,12,2023,Winter,None,Electronics,Power Bank 10000mAh,650,1099,69.08,15,30,15,6,13.0,0.91,16900,24287.9,7387.9,26
2023-12-15,15,4,50,12,2023,Winter,None,FMCG,Detergent Surf 1kg,95,125,31.58,0,442,90,3,1.9,1.0,7980,10500.0,2520.0,84
2023-12-15,15,4,50,12,2023,Winter,None,Stationery,Pencil Box,35,55,57.14,0,196,80,3,0.7,0.93,2555,4015.0,1460.0,73
2023-12-15,15,4,50,12,2023,Winter,None,Agriculture,Pesticide 500ml,180,245,36.11,0,37,20,5,3.6,0.76,16200,22050.0,5850.0,90
2023-12-15,15,4,50,12,2023,Winter,None,Stationery,Pen Blue Pack 10,25,40,60.0,0,819,200,2,0.5,0.88,2125,3400.0,1275.0,85
2023-12-16,16,5,50,12,2023,Winter,None,Grocery,Basmati Rice 5kg,180,225,25.0,0,82,50,3,3.6,0.97,14760,18450.0,3690.0,82
2023-12-16,16,5,50,12,2023,Winter,None,FMCG,Gulal Colors Set,35,75,114.29,0,782,200,2,0.7,0.91,3325,7125.0,3800.0,95
2023-12-16,16,5,50,12,2023,Winter,None,Fashion,Kurta Women,280,549,96.07,10,48,20,5,5.6,0.74,7840,13834.8,5994.8,28
2023-12-16,16,5,50,12,2023,Winter,None,Fashion,Saree Cotton,350,699,99.71,0,30,15,7,7.0,0.76,54250,108345.0,54095.0,155
2023-12-17,17,6,50,12,2023,Winter,None,FMCG,Cold Drink 500ml,20,30,50.0,5,277,200,2,0.4,0.82,1900,2707.5,807.5,95
2023-12-17,17,6,50,12,2023,Winter,None,Agriculture,Wheat Seeds 1kg,65,95,46.15,15,34,30,5,1.3,0.99,8840,10982.0,2142.0,136
2023-12-17,17,6,50,12,2023,Winter,None,FMCG,Toothpaste Colgate,55,75,36.36,5,114,100,3,1.1,0.98,4345,5628.75,1283.75,79
2023-12-17,17,6,50,12,2023,Winter,None,FMCG,Shampoo Head&Shoulders,85,115,35.29,5,265,80,4,1.7,0.72,595,764.75,169.75,7
2023-12-18,18,0,51,12,2023,Winter,New Year,Grocery,Sunflower Oil 1L,120,148,23.33,0,262,60,4,2.4,0.91,3000,3700.0,700.0,25
2023-12-18,18,0,51,12,2023,Winter,New Year,Fashion,Kurta Women,280,549,96.07,15,83,20,5,5.6,0.78,8960,14932.8,5972.8,32
2023-12-18,18,0,51,12,2023,Winter,New Year,Fashion,Saree Cotton,350,699,99.71,15,63,15,7,7.0,0.81,72450,122989.05,50539.05,207
2023-12-18,18,0,51,12,2023,Winter,New Year,FMCG,Detergent Surf 1kg,95,125,31.58,0,160,90,3,1.9,0.81,12825,16875.0,4050.0,135
2023-12-18,18,0,51,12,2023,Winter,New Year,FMCG,Diya Set 12pc,48,95,97.92,0,164,150,2,0.96,0.95,7584,15010.0,7426.0,158
2023-12-18,18,0,51,12,2023,Winter,New Year,Fashion,Jeans Men,450,899,99.78,0,85,20,6,9.0,0.9,76950,153729.0,76779.0,171
2023-12-19,19,1,51,12,2023,Winter,None,Stationery,Pencil Box,35,55,57.14,0,380,80,3,0.7,0.76,1925,3025.0,1100.0,55
2023-12-19,19,1,51,12,2023,Winter,None,Electronics,LED Bulb 9W,48,85,77.08,10,186,40,4,0.96,0.9,2544,4054.5,1510.5,53
2023-12-19,19,1,51,12,2023,Winter,None,Stationery,Eraser Pack,12,20,66.67,15,434,150,2,0.24,0.95,1260,1785.0,525.0,105
2023-12-19,19,1,51,12,2023,Winter,None,Grocery,Salt 1kg,18,25,38.89,10,587,120,2,0.36,0.91,342,427.5,85.5,19
2023-12-19,19,1,51,12,2023,Winter,None,Fashion,T-Shirt Men,180,349,93.89,5,109,30,5,3.6,0.97,3240,5967.9,2727.9,18
2023-12-20,20,2,51,12,2023,Winter,None,Grocery,Basmati Rice 5kg,180,225,25.0,5,83,50,3,3.6,0.92,10080,11970.0,1890.0,56
2023-12-20,20,2,51,12,2023,Winter,None,Fashion,T-Shirt Men,180,349,93.89,10,42,30,5,3.6,0.74,14940,26070.3,11130.3,83
2023-12-20,20,2,51,12,2023,Winter,None,Electronics,Earphones Boat,350,599,71.14,0,88,20,5,7.0,0.94,37800,64692.0,26892.0,108
2023-12-20,20,2,51,12,2023,Winter,None,FMCG,Toothpaste Colgate,55,75,36.36,0,247,100,3,1.1,0.87,1155,1575.0,420.0,21
2023-12-20,20,2,51,12,2023,Winter,None,Stationery,Eraser Pack,12,20,66.67,0,154,150,2,0.24,0.91,432,720.0,288.0,36
2023-12-21,21,3,51,12,2023,Winter,None,Agriculture,Fertilizer NPK 1kg,125,168,34.4,20,115,25,6,2.5,0.97,16625,17875.2,1250.2,133
2023-12-21,21,3,51,12,2023,Winter,None,Agriculture,Wheat Seeds 1kg,65,95,46.15,5,143,30,5,1.3,0.98,3380,4693.0,1313.0,52
2023-12-21,21,3,51,12,2023,Winter,None,FMCG,Detergent Surf 1kg,95,125,31.58,0,326,90,3,1.9,0.92,5605,7375.0,1770.0,59
2023-12-21,21,3,51,12,2023,Winter,None,FMCG,Shampoo Head&Shoulders,85,115,35.29,15,342,80,4,1.7,0.93,6035,6940.25,905.25,71
2023-12-22,22,4,51,12,2023,Winter,None,FMCG,Toothpaste Colgate,55,75,36.36,10,367,100,3,1.1,0.71,2475,3037.5,562.5,45
2023-12-22,22,4,51,12,2023,Winter,None,FMCG,Shampoo Head&Shoulders,85,115,35.29,15,182,80,4,1.7,0.91,1785,2052.75,267.75,21
2023-12-22,22,4,51,12,2023,Winter,None,Electronics,Earphones Boat,350,599,71.14,0,71,20,5,7.0,0.79,40250,68885.0,28635.0,115
2023-12-22,22,4,51,12,2023,Winter,None,Agriculture,Fertilizer NPK 1kg,125,168,34.4,15,59,25,6,2.5,0.82,14125,16136.4,2011.4,113
2023-12-22,22,4,51,12,2023,Winter,None,FMCG,Crackers Box,200,380,90.0,20,451,100,3,4.0,0.83,11800,17936.0,6136.0,59
2023-12-22,22,4,51,12,2023,Winter,None,FMCG,Gulal Colors Set,35,75,114.29,0,596,200,2,0.7,0.76,3850,8250.0,4400.0,110
2023-12-22,22,4,51,12,2023,Winter,None,Grocery,Sugar 1kg,42,54,28.57,15,101,100,2,0.84,0.96,4200,4590.0,390.0,100
2023-12-23,23,5,51,12,2023,Winter,None,FMCG,Toothpaste Colgate,55,75,36.36,0,305,100,3,1.1,0.74,4455,6075.0,1620.0,81
2023-12-23,23,5,51,12,2023,Winter,None,Electronics,Smartphone Redmi,8500,10999,29.4,0,30,10,7,170.0,0.92,833000,1077902.0,244902.0,98
2023-12-23,23,5,51,12,2023,Winter,None,Stationery,Pencil Box,35,55,57.14,15,222,80,3,0.7,0.8,3570,4768.5,1198.5,102
2023-12-23,23,5,51,12,2023,Winter,None,FMCG,Soap Lux,22,32,45.45,15,480,150,3,0.44,0.8,3102,3835.2,733.2,141
2023-12-23,23,5,51,12,2023,Winter,None,Grocery,Sugar 1kg,42,54,28.57,20,280,100,2,0.84,0.73,4746,4881.6,135.6,113
2023-12-23,23,5,51,12,2023,Winter,None,FMCG,Crackers Box,200,380,90.0,0,240,100,3,4.0,0.7,12200,23180.0,10980.0,61
2023-12-24,24,6,51,12,2023,Winter,None,Stationery,Pen Blue Pack 10,25,40,60.0,20,335,200,2,0.5,0.79,2500,3200.0,700.0,100
2023-12-24,24,6,51,12,2023,Winter,None,FMCG,Crackers Box,200,380,90.0,0,295,100,3,4.0,0.81,13800,26220.0,12420.0,69
2023-12-24,24,6,51,12,2023,Winter,None,Agriculture,Fertilizer NPK 1kg,125,168,34.4,0,57,25,6,2.5,0.96,3500,4704.0,1204.0,28
2023-12-25,25,0,52,12,2023,Winter,Christmas,Grocery,Salt 1kg,18,25,38.89,0,393,120,2,0.36,1.0,2826,3925.0,1099.0,157
2023-12-25,25,0,52,12,2023,Winter,Christmas,FMCG,Diya Set 12pc,48,95,97.92,0,475,150,2,0.96,0.95,8688,17195.0,8507.0,181
2023-12-25,25,0,52,12,2023,Winter,Christmas,Grocery,Christmas Cake,180,320,77.78,20,87,30,2,3.6,0.71,4320,6144.0,1824.0,24
2023-12-25,25,0,52,12,2023,Winter,Christmas,FMCG,Gulal Colors Set,35,75,114.29,0,837,200,2,0.7,0.79,4060,8700.0,4640.0,116
2023-12-25,25,0,52,12,2023,Winter,Christmas,Fashion,T-Shirt Men,180,349,93.89,0,95,30,5,3.6,0.89,19440,37692.0,18252.0,108
2023-12-26,26,1,52,12,2023,Winter,None,FMCG,Cold Drink 500ml,20,30,50.0,10,823,200,2,0.4,0.93,1680,2268.0,588.0,84
2023-12-26,26,1,52,12,2023,Winter,None,Grocery,Sunflower Oil 1L,120,148,23.33,0,231,60,4,2.4,0.87,2040,2516.0,476.0,17
2023-12-26,26,1,52,12,2023,Winter,None,Fashion,Kurta Women,280,549,96.07,10,97,20,5,5.6,0.84,34440,60774.3,26334.3,123
2023-12-27,27,2,52,12,2023,Winter,None,Grocery,Eid Special Dates,280,450,60.71,0,196,40,4,5.6,0.78,12320,19800.0,7480.0,44
2023-12-27,27,2,52,12,2023,Winter,None,FMCG,Puja Thali Set,125,245,96.0,0,60,50,3,2.5,0.84,6375,12495.0,6120.0,51
2023-12-27,27,2,52,12,2023,Winter,None,FMCG,Shampoo Head&Shoulders,85,115,35.29,0,331,80,4,1.7,0.79,6375,8625.0,2250.0,75
2023-12-27,27,2,52,12,2023,Winter,None,Electronics,Fan Table,850,1350,58.82,10,39,8,7,17.0,0.89,6800,9720.0,2920.0,8
2023-12-27,27,2,52,12,2023,Winter,None,Fashion,Kurta Women,280,549,96.07,0,22,20,5,5.6,0.97,38080,74664.0,36584.0,136
2023-12-27,27,2,52,12,2023,Winter,None,FMCG,Toothpaste Colgate,55,75,36.36,10,436,100,3,1.1,0.99,4345,5332.5,987.5,79
2023-12-28,28,3,52,12,2023,Winter,Christmas,FMCG,Detergent Surf 1kg,95,125,31.58,20,271,90,3,1.9,0.97,8930,9400.0,470.0,94
2023-12-28,28,3,52,12,2023,Winter,Christmas,Electronics,LED Bulb 9W,48,85,77.08,10,111,40,4,0.96,0.88,3456,5508.0,2052.0,72
2023-12-28,28,3,52,12,2023,Winter,Christmas,Electronics,Fan Table,850,1350,58.82,20,27,8,7,17.0,0.75,20400,25920.0,5520.0,24
2023-12-29,29,4,52,12,2023,Winter,None,FMCG,Biscuit Parle-G,8,12,50.0,10,824,200,2,0.16,0.81,608,820.8,212.8,76
2023-12-29,29,4,52,12,2023,Winter,None,Grocery,Eid Special Dates,280,450,60.71,0,148,40,4,5.6,0.92,15120,24300.0,9180.0,54
2023-12-29,29,4,52,12,2023,Winter,None,Agriculture,Fertilizer NPK 1kg,125,168,34.4,15,50,25,6,2.5,0.7,13500,15422.4,1922.4,108
2023-12-29,29,4,52,12,2023,Winter,None,Agriculture,Pesticide 500ml,180,245,36.11,10,60,20,5,3.6,0.94,5940,7276.5,1336.5,33
2023-12-30,30,5,52,12,2023,Winter,None,Stationery,Pencil Box,35,55,57.14,0,299,80,3,0.7,0.71,1645,2585.0,940.0,47
2023-12-30,30,5,52,12,2023,Winter,None,FMCG,Diya Set 12pc,48,95,97.92,15,535,150,2,0.96,0.91,4464,7509.75,3045.75,93
2023-12-30,30,5,52,12,2023,Winter,None,Electronics,Fan Table,850,1350,58.82,20,34,8,7,17.0,0.95,53550,68040.0,14490.0,63
2023-12-30,30,5,52,12,2023,Winter,None,FMCG,Biscuit Parle-G,8,12,50.0,0,654,200,2,0.16,0.76,840,1260.0,420.0,105
2023-12-30,30,5,52,12,2023,Winter,None,Stationery,Eraser Pack,12,20,66.67,0,368,150,2,0.24,0.9,960,1600.0,640.0,80
2023-12-30,30,5,52,12,2023,Winter,None,FMCG,Detergent Surf 1kg,95,125,31.58,15,361,90,3,1.9,0.98,2375,2656.25,281.25,25
2023-12-30,30,5,52,12,2023,Winter,None,Electronics,Power Bank 10000mAh,650,1099,69.08,20,47,15,6,13.0,0.74,18200,24617.6,6417.6,28
2023-12-31,31,6,52,12,2023,Winter,None,Stationery,Pen Blue Pack 10,25,40,60.0,10,223,200,2,0.5,0.98,3000,4320.0,1320.0,120
2023-12-31,31,6,52,12,2023,Winter,None,Stationery,Notebook A4,28,45,60.71,0,471,100,3,0.56,0.74,1288,2070.0,782.0,46
2023-12-31,31,6,52,12,2023,Winter,None,Fashion,Kurta Women,280,549,96.07,15,99,20,5,5.6,0.85,38920,64864.35,25944.35,139
2023-12-31,31,6,52,12,2023,Winter,None,Grocery,Eid Special Dates,280,450,60.71,10,83,40,4,5.6,0.77,5040,7290.0,2250.0,18
2024-01-01,1,0,1,1,2024,Winter,None,Grocery,Eid Special Dates,280,450,60.71,10,154,40,4,5.6,0.87,20440,29565.0,9125.0,73
2024-01-01,1,0,1,1,2024,Winter,None,Grocery,Sugar 1kg,42,54,28.57,15,327,100,2,0.84,0.83,2142,2340.9,198.9,51
2024-01-01,1,0,1,1,2024,Winter,None,Grocery,Sunflower Oil 1L,120,148,23.33,0,194,60,4,2.4,0.72,7680,9472.0,1792.0,64
2024-01-01,1,0,1,1,2024,Winter,None,Agriculture,Wheat Seeds 1kg,65,95,46.15,20,117,30,5,1.3,0.71,7345,8588.0,1243.0,113
2024-01-01,1,0,1,1,2024,Winter,None,Fashion,Saree Cotton,350,699,99.71,5,19,15,7,7.0,0.81,22050,41835.15,19785.15,63
2024-01-01,1,0,1,1,2024,Winter,None,Electronics,Fan Table,850,1350,58.82,0,11,8,7,17.0,0.87,58650,93150.0,34500.0,69
2024-01-01,1,0,1,1,2024,Winter,None,Agriculture,Fertilizer NPK 1kg,125,168,34.4,0,102,25,6,2.5,0.93,9750,13104.0,3354.0,78
2024-01-01,1,0,1,1,2024,Winter,None,Grocery,Wheat Flour 10kg,320,385,20.31,15,180,40,3,6.4,0.76,24320,24871.0,551.0,76
2024-01-02,2,1,1,1,2024,Winter,None,FMCG,Dandiya Sticks,40,85,112.5,20,901,200,2,0.8,0.84,1560,2652.0,1092.0,39
2024-01-02,2,1,1,1,2024,Winter,None,FMCG,Diya Set 12pc,48,95,97.92,0,558,150,2,0.96,0.9,1392,2755.0,1363.0,29
2024-01-02,2,1,1,1,2024,Winter,None,Agriculture,Fertilizer NPK 1kg,125,168,34.4,0,125,25,6,2.5,0.9,4125,5544.0,1419.0,33
2024-01-02,2,1,1,1,2024,Winter,None,Stationery,Eraser Pack,12,20,66.67,0,710,150,2,0.24,0.96,780,1300.0,520.0,65
2024-01-02,2,1,1,1,2024,Winter,None,Electronics,Earphones Boat,350,599,71.14,10,92,20,5,7.0,0.89,7700,11860.2,4160.2,22
2024-01-03,3,2,1,1,2024,Winter,Republic Day,FMCG,Crackers Box,200,380,90.0,5,124,100,3,4.0,0.84,3600,6498.0,2898.0,18
2024-01-03,3,2,1,1,2024,Winter,Republic Day,Stationery,Pen Blue Pack 10,25,40,60.0,0,350,200,2,0.5,0.88,1350,2160.0,810.0,54
2024-01-03,3,2,1,1,2024,Winter,Republic Day,FMCG,Biscuit Parle-G,8,12,50.0,0,436,200,2,0.16,0.77,792,1188.0,396.0,99
2024-01-03,3,2,1,1,2024,Winter,Republic Day,FMCG,Diya Set 12pc,48,95,97.92,15,597,150,2,0.96,0.9,6432,10820.5,4388.5,134
2024-01-03,3,2,1,1,2024,Winter,Republic Day,FMCG,Shampoo Head&Shoulders,85,115,35.29,10,204,80,4,1.7,0.91,11305,13765.5,2460.5,133
2024-01-03,3,2,1,1,2024,Winter,Republic Day,Grocery,Wheat Flour 10kg,320,385,20.31,0,157,40,3,6.4,0.85,39040,46970.0,7930.0,122
2024-01-03,3,2,1,1,2024,Winter,Republic Day,FMCG,Puja Thali Set,125,245,96.0,5,107,50,3,2.5,1.0,17875,33283.25,15408.25,143
2024-01-04,4,3,1,1,2024,Winter,None,Fashion,Kurta Women,280,549,96.07,5,41,20,5,5.6,0.95,22400,41724.0,19324.0,80
2024-01-04,4,3,1,1,2024,Winter,None,Fashion,Shoes Casual,350,699,99.71,15,67,25,6,7.0,0.8,19600,33272.4,13672.4,56
2024-01-04,4,3,1,1,2024,Winter,None,Agriculture,Fertilizer NPK 1kg,125,168,34.4,0,29,25,6,2.5,0.81,8250,11088.0,2838.0,66
2024-01-04,4,3,1,1,2024,Winter,None,Grocery,Basmati Rice 5kg,180,225,25.0,15,208,50,3,3.6,0.88,4680,4972.5,292.5,26
2024-01-05,5,4,1,1,2024,Winter,None,Electronics,USB Cable,45,89,97.78,10,69,50,4,0.9,0.79,1755,3123.9,1368.9,39
2024-01-05,5,4,1,1,2024,Winter,None,FMCG,Crackers Box,200,380,90.0,0,433,100,3,4.0,0.98,21600,41040.0,19440.0,108
2024-01-05,5,4,1,1,2024,Winter,None,Electronics,Fan Table,850,1350,58.82,0,28,8,7,17.0,0.96,35700,56700.0,21000.0,42
2024-01-05,5,4,1,1,2024,Winter,None,FMCG,Dandiya Sticks,40,85,112.5,0,654,200,2,0.8,0.73,3160,6715.0,3555.0,79
2024-01-05,5,4,1,1,2024,Winter,None,Electronics,LED Bulb 9W,48,85,77.08,15,176,40,4,0.96,0.88,4464,6719.25,2255.25,93
2024-01-05,5,4,1,1,2024,Winter,None,Grocery,Sunflower Oil 1L,120,148,23.33,15,172,60,4,2.4,0.96,1800,1887.0,87.0,15
2024-01-05,5,4,1,1,2024,Winter,None,Fashion,Jeans Men,450,899,99.78,5,38,20,6,9.0,0.77,58950,111880.55,52930.55,131
2024-01-05,5,4,1,1,2024,Winter,None,FMCG,Cold Drink 500ml,20,30,50.0,0,724,200,2,0.4,0.79,1020,1530.0,510.0,51
2024-01-06,6,5,1,1,2024,Winter,None,FMCG,Gulal Colors Set,35,75,114.29,5,267,200,2,0.7,0.83,3045,6198.75,3153.75,87
2024-01-06,6,5,1,1,2024,Winter,None,Grocery,Eid Special Dates,280,450,60.71,0,167,40,4,5.6,0.85,26320,42300.0,15980.0,94
2024-01-06,6,5,1,1,2024,Winter,None,Fashion,T-Shirt Men,180,349,93.89,0,150,30,5,3.6,0.85,9180,17799.0,8619.0,51
2024-01-06,6,5,1,1,2024,Winter,None,Grocery,Wheat Flour 10kg,320,385,20.31,5,77,40,3,6.4,0.9,17280,19750.5,2470.5,54
2024-01-06,6,5,1,1,2024,Winter,None,Electronics,USB Cable,45,89,97.78,0,193,50,4,0.9,0.93,1575,3115.0,1540.0,35
2024-01-06,6,5,1,1,2024,Winter,None,Agriculture,Wheat Seeds 1kg,65,95,46.15,0,136,30,5,1.3,0.73,975,1425.0,450.0,15
2024-01-07,7,6,1,1,2024,Winter,Republic Day,Stationery,Notebook A4,28,45,60.71,0,478,100,3,0.56,0.78,4228,6795.0,2567.0,151
2024-01-07,7,6,1,1,2024,Winter,Republic Day,Fashion,Jeans Men,450,899,99.78,0,69,20,6,9.0,0.71,121950,243629.0,121679.0,271
2024-01-07,7,6,1,1,2024,Winter,Republic Day,FMCG,Detergent Surf 1kg,95,125,31.58,5,286,90,3,1.9,0.95,6365,7956.25,1591.25,67
2024-01-07,7,6,1,1,2024,Winter,Republic Day,Electronics,USB Cable,45,89,97.78,15,236,50,4,0.9,0.74,4050,6808.5,2758.5,90
2024-01-07,7,6,1,1,2024,Winter,Republic Day,FMCG,Kite + String,25,55,120.0,15,880,300,2,0.5,0.9,4300,8041.0,3741.0,172
2024-01-07,7,6,1,1,2024,Winter,Republic Day,FMCG,Cold Drink 500ml,20,30,50.0,15,824,200,2,0.4,0.73,2840,3621.0,781.0,142
2024-01-07,7,6,1,1,2024,Winter,Republic Day,Grocery,Eid Special Dates,280,450,60.71,0,43,40,4,5.6,0.98,37520,60300.0,22780.0,134
2024-01-08,8,0,2,1,2024,Winter,None,Grocery,Salt 1kg,18,25,38.89,0,170,120,2,0.36,0.77,1386,1925.0,539.0,77
2024-01-08,8,0,2,1,2024,Winter,None,FMCG,Diya Set 12pc,48,95,97.92,20,641,150,2,0.96,0.82,3216,5092.0,1876.0,67
2024-01-08,8,0,2,1,2024,Winter,None,FMCG,Biscuit Parle-G,8,12,50.0,0,775,200,2,0.16,0.76,800,1200.0,400.0,100
2024-01-08,8,0,2,1,2024,Winter,None,Stationery,Pencil Box,35,55,57.14,5,145,80,3,0.7,0.88,2520,3762.0,1242.0,72
2024-01-09,9,1,2,1,2024,Winter,Republic Day,FMCG,Shampoo Head&Shoulders,85,115,35.29,15,379,80,4,1.7,0.82,1190,1368.5,178.5,14
2024-01-09,9,1,2,1,2024,Winter,Republic Day,FMCG,Kite + String,25,55,120.0,20,686,300,2,0.5,0.82,1050,1848.0,798.0,42
2024-01-09,9,1,2,1,2024,Winter,Republic Day,Stationery,Pencil Box,35,55,57.14,5,273,80,3,0.7,1.0,3080,4598.0,1518.0,88
2024-01-09,9,1,2,1,2024,Winter,Republic Day,Fashion,T-Shirt Men,180,349,93.89,5,30,30,5,3.6,0.74,34560,63657.6,29097.6,192
2024-01-09,9,1,2,1,2024,Winter,Republic Day,Electronics,Power Bank 10000mAh,650,1099,69.08,0,32,15,6,13.0,0.75,81250,137375.0,56125.0,125
2024-01-09,9,1,2,1,2024,Winter,Republic Day,Electronics,Smartphone Redmi,8500,10999,29.4,0,18,10,7,170.0,0.74,408000,527952.0,119952.0,48
2024-01-09,9,1,2,1,2024,Winter,Republic Day,Grocery,Wheat Flour 10kg,320,385,20.31,15,190,40,3,6.4,0.86,20160,20616.75,456.75,63
2024-01-09,9,1,2,1,2024,Winter,Republic Day,FMCG,Dandiya Sticks,40,85,112.5,0,633,200,2,0.8,0.87,2440,5185.0,2745.0,61
2024-01-10,10,2,2,1,2024,Winter,None,FMCG,Puja Thali Set,125,245,96.0,0,120,50,3,2.5,0.94,4375,8575.0,4200.0,35
2024-01-10,10,2,2,1,2024,Winter,None,Fashion,Shoes Casual,350,699,99.71,0,103,25,6,7.0,0.75,26600,53124.0,26524.0,76
2024-01-10,10,2,2,1,2024,Winter,None,Grocery,Wheat Flour 10kg,320,385,20.31,0,117,40,3,6.4,0.96,20800,25025.0,4225.0,65
2024-01-10,10,2,2,1,2024,Winter,None,FMCG,Biscuit Parle-G,8,12,50.0,0,343,200,2,0.16,0.96,768,1152.0,384.0,96
2024-01-10,10,2,2,1,2024,Winter,None,FMCG,Gulal Colors Set,35,75,114.29,5,592,200,2,0.7,0.77,420,855.0,435.0,12
2024-01-10,10,2,2,1,2024,Winter,None,Agriculture,Fertilizer NPK 1kg,125,168,34.4,20,33,25,6,2.5,0.87,3750,4032.0,282.0,30
2024-01-11,11,3,2,1,2024,Winter,None,Stationery,Pen Blue Pack 10,25,40,60.0,5,469,200,2,0.5,0.94,1825,2774.0,949.0,73
2024-01-11,11,3,2,1,2024,Winter,None,Fashion,Kurta Women,280,549,96.07,0,90,20,5,5.6,0.8,4480,8784.0,4304.0,16
2024-01-11,11,3,2,1,2024,Winter,None,Fashion,Shoes Casual,350,699,99.71,0,118,25,6,7.0,0.92,31850,63609.0,31759.0,91
2024-01-11,11,3,2,1,2024,Winter,None,Grocery,Christmas Cake,180,320,77.78,0,148,30,2,3.6,0.91,12600,22400.0,9800.0,70
2024-01-11,11,3,2,1,2024,Winter,None,FMCG,Detergent Surf 1kg,95,125,31.58,10,182,90,3,1.9,0.86,7315,8662.5,1347.5,77
2024-01-12,12,4,2,1,2024,Winter,Republic Day,Electronics,USB Cable,45,89,97.78,0,228,50,4,0.9,0.73,5085,10057.0,4972.0,113
2024-01-12,12,4,2,1,2024,Winter,Republic Day,Grocery,Eid Special Dates,280,450,60.71,15,90,40,4,5.6,0.74,35560,48577.5,13017.5,127
2024-01-12,12,4,2,1,2024,Winter,Republic Day,Grocery,Basmati Rice 5kg,180,225,25.0,0,250,50,3,3.6,0.88,6480,8100.0,1620.0,36
2024-01-12,12,4,2,1,2024,Winter,Republic Day,Fashion,Jeans Men,450,899,99.78,10,60,20,6,9.0,0.76,85500,153729.0,68229.0,190
2024-01-12,12,4,2,1,2024,Winter,Republic Day,FMCG,Gulal Colors Set,35,75,114.29,0,797,200,2,0.7,0.8,315,675.0,360.0,9
2024-01-12,12,4,2,1,2024,Winter,Republic Day,Electronics,Power Bank 10000mAh,650,1099,69.08,0,42,15,6,13.0,0.83,77350,130781.0,53431.0,119
2024-01-12,12,4,2,1,2024,Winter,Republic Day,Grocery,Christmas Cake,180,320,77.78,10,97,30,2,3.6,0.94,9000,14400.0,5400.0,50
2024-01-13,13,5,2,1,2024,Winter,None,Grocery,Sugar 1kg,42,54,28.57,10,133,100,2,0.84,0.78,1218,1409.4,191.4,29
2024-01-13,13,5,2,1,2024,Winter,None,Grocery,Christmas Cake,180,320,77.78,5,51,30,2,3.6,0.89,25380,42864.0,17484.0,141
2024-01-13,13,5,2,1,2024,Winter,None,FMCG,Biscuit Parle-G,8,12,50.0,20,761,200,2,0.16,0.72,80,96.0,16.0,10
2024-01-13,13,5,2,1,2024,Winter,None,FMCG,Kite + String,25,55,120.0,5,1130,300,2,0.5,0.89,625,1306.25,681.25,25
2024-01-13,13,5,2,1,2024,Winter,None,FMCG,Gulal Colors Set,35,75,114.29,0,538,200,2,0.7,0.93,3430,7350.0,3920.0,98
2024-01-13,13,5,2,1,2024,Winter,None,Electronics,Power Bank 10000mAh,650,1099,69.08,20,50,15,6,13.0,0.9,13000,17584.0,4584.0,20
2024-01-13,13,5,2,1,2024,Winter,None,Grocery,Dal Toor 1kg,95,118,24.21,0,376,80,3,1.9,0.9,5225,6490.0,1265.0,55
2024-01-14,14,6,2,1,2024,Winter,None,Grocery,Salt 1kg,18,25,38.89,0,147,120,2,0.36,0.76,216,300.0,84.0,12
2024-01-14,14,6,2,1,2024,Winter,None,Stationery,Notebook A4,28,45,60.71,0,321,100,3,0.56,0.96,1512,2430.0,918.0,54
2024-01-14,14,6,2,1,2024,Winter,None,Electronics,LED Bulb 9W,48,85,77.08,15,44,40,4,0.96,0.9,5136,7730.75,2594.75,107
2024-01-14,14,6,2,1,2024,Winter,None,FMCG,Cold Drink 500ml,20,30,50.0,20,958,200,2,0.4,0.73,680,816.0,136.0,34
2024-01-15,15,0,3,1,2024,Winter,Republic Day,FMCG,Toothpaste Colgate,55,75,36.36,0,401,100,3,1.1,0.87,3410,4650.0,1240.0,62
2024-01-15,15,0,3,1,2024,Winter,Republic Day,Grocery,Wheat Flour 10kg,320,385,20.31,0,142,40,3,6.4,0.83,13440,16170.0,2730.0,42
2024-01-15,15,0,3,1,2024,Winter,Republic Day,Stationery,Pencil Box,35,55,57.14,0,345,80,3,0.7,0.74,2030,3190.0,1160.0,58
2024-01-15,15,0,3,1,2024,Winter,Republic Day,Stationery,Eraser Pack,12,20,66.67,0,182,150,2,0.24,1.0,396,660.0,264.0,33
2024-01-15,15,0,3,1,2024,Winter,Republic Day,FMCG,Gulal Colors Set,35,75,114.29,0,880,200,2,0.7,0.75,4305,9225.0,4920.0,123
2024-01-16,16,1,3,1,2024,Winter,None,Stationery,Pen Blue Pack 10,25,40,60.0,0,514,200,2,0.5,0.76,875,1400.0,525.0,35
2024-01-16,16,1,3,1,2024,Winter,None,FMCG,Shampoo Head&Shoulders,85,115,35.29,10,169,80,4,1.7,0.81,1700,2070.0,370.0,20
2024-01-16,16,1,3,1,2024,Winter,None,Grocery,Wheat Flour 10kg,320,385,20.31,10,69,40,3,6.4,0.94,32320,34996.5,2676.5,101
2024-01-16,16,1,3,1,2024,Winter,None,FMCG,Biscuit Parle-G,8,12,50.0,0,460,200,2,0.16,0.8,432,648.0,216.0,54
2024-01-16,16,1,3,1,2024,Winter,None,Grocery,Sunflower Oil 1L,120,148,23.33,20,145,60,4,2.4,0.74,11880,11721.6,-158.4,99
2024-01-17,17,2,3,1,2024,Winter,None,FMCG,Cold Drink 500ml,20,30,50.0,0,724,200,2,0.4,0.83,680,1020.0,340.0,34
2024-01-17,17,2,3,1,2024,Winter,None,FMCG,Diya Set 12pc,48,95,97.92,0,205,150,2,0.96,0.92,2256,4465.0,2209.0,47
2024-01-17,17,2,3,1,2024,Winter,None,Stationery,Pencil Box,35,55,57.14,10,312,80,3,0.7,0.89,1995,2821.5,826.5,57
2024-01-17,17,2,3,1,2024,Winter,None,Fashion,Jeans Men,450,899,99.78,5,93,20,6,9.0,0.87,30600,58075.4,27475.4,68
2024-01-17,17,2,3,1,2024,Winter,None,Agriculture,Fertilizer NPK 1kg,125,168,34.4,15,85,25,6,2.5,0.95,8250,9424.8,1174.8,66
2024-01-18,18,3,3,1,2024,Winter,None,Stationery,Pencil Box,35,55,57.14,5,368,80,3,0.7,0.95,2590,3866.5,1276.5,74
2024-01-18,18,3,3,1,2024,Winter,None,Grocery,Dal Toor 1kg,95,118,24.21,0,279,80,3,1.9,0.99,11400,14160.0,2760.0,120
2024-01-18,18,3,3,1,2024,Winter,None,Fashion,Kurta Women,280,549,96.07,0,85,20,5,5.6,0.72,24080,47214.0,23134.0,86
2024-01-18,18,3,3,1,2024,Winter,None,FMCG,Cold Drink 500ml,20,30,50.0,5,472,200,2,0.4,0.84,1480,2109.0,629.0,74
2024-01-18,18,3,3,1,2024,Winter,None,Stationery,Pen Blue Pack 10,25,40,60.0,0,795,200,2,0.5,0.91,925,1480.0,555.0,37
2024-01-19,19,4,3,1,2024,Winter,None,Fashion,T-Shirt Men,180,349,93.89,0,101,30,5,3.6,0.87,11880,23034.0,11154.0,66
2024-01-19,19,4,3,1,2024,Winter,None,Agriculture,Fertilizer NPK 1kg,125,168,34.4,15,106,25,6,2.5,0.96,9125,10424.4,1299.4,73
2024-01-19,19,4,3,1,2024,Winter,None,Electronics,Fan Table,850,1350,58.82,10,23,8,7,17.0,0.75,110500,157950.0,47450.0,130
2024-01-19,19,4,3,1,2024,Winter,None,Stationery,Pencil Box,35,55,57.14,0,383,80,3,0.7,0.75,2380,3740.0,1360.0,68
2024-01-20,20,5,3,1,2024,Winter,Republic Day,Fashion,Kurta Women,280,549,96.07,20,100,20,5,5.6,0.86,67480,105847.2,38367.2,241
2024-01-20,20,5,3,1,2024,Winter,Republic Day,FMCG,Gulal Colors Set,35,75,114.29,0,875,200,2,0.7,0.79,3430,7350.0,3920.0,98
2024-01-20,20,5,3,1,2024,Winter,Republic Day,Grocery,Dal Toor 1kg,95,118,24.21,10,299,80,3,1.9,0.77,12255,13699.8,1444.8,129
2024-01-21,21,6,3,1,2024,Winter,None,Grocery,Wheat Flour 10kg,320,385,20.31,0,59,40,3,6.4,0.82,55680,66990.0,11310.0,174
2024-01-21,21,6,3,1,2024,Winter,None,Stationery,Eraser Pack,12,20,66.67,0,662,150,2,0.24,0.72,696,1160.0,464.0,58
2024-01-21,21,6,3,1,2024,Winter,None,FMCG,Biscuit Parle-G,8,12,50.0,5,911,200,2,0.16,0.84,1072,1527.6,455.6,134
2024-01-21,21,6,3,1,2024,Winter,None,Stationery,Pencil Box,35,55,57.14,0,186,80,3,0.7,0.84,1680,2640.0,960.0,48
2024-01-21,21,6,3,1,2024,Winter,None,FMCG,Toothpaste Colgate,55,75,36.36,5,185,100,3,1.1,0.93,1155,1496.25,341.25,21
2024-01-21,21,6,3,1,2024,Winter,None,Fashion,T-Shirt Men,180,349,93.89,20,65,30,5,3.6,0.86,2700,4188.0,1488.0,15
2024-01-21,21,6,3,1,2024,Winter,None,FMCG,Gulal Colors Set,35,75,114.29,5,928,200,2,0.7,0.71,4935,10046.25,5111.25,141
2024-01-22,22,0,4,1,2024,Winter,Makar Sankranti,Stationery,Pen Blue Pack 10,25,40,60.0,0,806,200,2,0.5,0.93,3500,5600.0,2100.0,140
2024-01-22,22,0,4,1,2024,Winter,Makar Sankranti,Electronics,Fan Table,850,1350,58.82,20,28,8,7,17.0,0.89,134300,170640.0,36340.0,158
2024-01-22,22,0,4,1,2024,Winter,Makar Sankranti,Grocery,Eid Special Dates,280,450,60.71,20,82,40,4,5.6,0.82,20440,26280.0,5840.0,73
2024-01-22,22,0,4,1,2024,Winter,Makar Sankranti,Electronics,Earphones Boat,350,599,71.14,15,71,20,5,7.0,0.76,37100,53969.9,16869.9,106
2024-01-23,23,1,4,1,2024,Winter,None,FMCG,Biscuit Parle-G,8,12,50.0,10,604,200,2,0.16,0.95,384,518.4,134.4,48
2024-01-23,23,1,4,1,2024,Winter,None,Agriculture,Pesticide 500ml,180,245,36.11,0,30,20,5,3.6,1.0,21240,28910.0,7670.0,118
2024-01-23,23,1,4,1,2024,Winter,None,FMCG,Shampoo Head&Shoulders,85,115,35.29,0,276,80,4,1.7,0.92,3485,4715.0,1230.0,41
2024-01-23,23,1,4,1,2024,Winter,None,Grocery,Christmas Cake,180,320,77.78,10,82,30,2,3.6,0.84,15300,24480.0,9180.0,85
2024-01-24,24,2,4,1,2024,Winter,Makar Sankranti,Grocery,Wheat Flour 10kg,320,385,20.31,5,186,40,3,6.4,0.71,14400,16458.75,2058.75,45
2024-01-24,24,2,4,1,2024,Winter,Makar Sankranti,Stationery,Eraser Pack,12,20,66.67,5,428,150,2,0.24,0.92,1008,1596.0,588.0,84
2024-01-24,24,2,4,1,2024,Winter,Makar Sankranti,FMCG,Dandiya Sticks,40,85,112.5,0,437,200,2,0.8,0.78,1280,2720.0,1440.0,32
2024-01-24,24,2,4,1,2024,Winter,Makar Sankranti,Electronics,USB Cable,45,89,97.78,0,220,50,4,0.9,0.83,3870,7654.0,3784.0,86
2024-01-24,24,2,4,1,2024,Winter,Makar Sankranti,Electronics,Earphones Boat,350,599,71.14,5,55,20,5,7.0,0.86,34650,56335.95,21685.95,99
2024-01-24,24,2,4,1,2024,Winter,Makar Sankranti,Fashion,Kurta Women,280,549,96.07,0,92,20,5,5.6,0.86,35280,69174.0,33894.0,126
2024-01-24,24,2,4,1,2024,Winter,Makar Sankranti,FMCG,Kite + String,25,55,120.0,15,427,300,2,0.5,0.99,1975,3693.25,1718.25,79
2024-01-24,24,2,4,1,2024,Winter,Makar Sankranti,Fashion,Jeans Men,450,899,99.78,20,47,20,6,9.0,0.71,100800,161100.8,60300.8,224
2024-01-25,25,3,4,1,2024,Winter,None,FMCG,Kite + String,25,55,120.0,10,470,300,2,0.5,0.93,2950,5841.0,2891.0,118
2024-01-25,25,3,4,1,2024,Winter,None,Grocery,Dal Toor 1kg,95,118,24.21,0,162,80,3,1.9,0.97,7125,8850.0,1725.0,75
2024-01-25,25,3,4,1,2024,Winter,None,FMCG,Biscuit Parle-G,8,12,50.0,0,627,200,2,0.16,0.96,264,396.0,132.0,33
2024-01-25,25,3,4,1,2024,Winter,None,Stationery,Pencil Box,35,55,57.14,0,96,80,3,0.7,0.92,2905,4565.0,1660.0,83
2024-01-25,25,3,4,1,2024,Winter,None,Grocery,Basmati Rice 5kg,180,225,25.0,0,86,50,3,3.6,0.74,2520,3150.0,630.0,14
2024-01-26,26,4,4,1,2024,Winter,None,Electronics,LED Bulb 9W,48,85,77.08,0,90,40,4,0.96,0.72,720,1275.0,555.0,15
2024-01-26,26,4,4,1,2024,Winter,None,FMCG,Diya Set 12pc,48,95,97.92,0,248,150,2,0.96,0.85,4512,8930.0,4418.0,94
2024-01-26,26,4,4,1,2024,Winter,None,Fashion,Kurta Women,280,549,96.07,10,89,20,5,5.6,0.81,8680,15317.1,6637.1,31
2024-01-26,26,4,4,1,2024,Winter,None,Fashion,Jeans Men,450,899,99.78,0,32,20,6,9.0,0.96,48150,96193.0,48043.0,107
2024-01-27,27,5,4,1,2024,Winter,None,FMCG,Puja Thali Set,125,245,96.0,20,129,50,3,2.5,0.98,3875,6076.0,2201.0,31
2024-01-27,27,5,4,1,2024,Winter,None,FMCG,Soap Lux,22,32,45.45,20,460,150,3,0.44,0.97,330,384.0,54.0,15
2024-01-27,27,5,4,1,2024,Winter,None,Electronics,Earphones Boat,350,599,71.14,15,86,20,5,7.0,0.87,2800,4073.2,1273.2,8
2024-01-28,28,6,4,1,2024,Winter,Republic Day,Grocery,Dal Toor 1kg,95,118,24.21,15,391,80,3,1.9,0.76,3990,4212.6,222.6,42
2024-01-28,28,6,4,1,2024,Winter,Republic Day,Fashion,T-Shirt Men,180,349,93.89,5,77,30,5,3.6,0.85,46980,86534.55,39554.55,261
2024-01-28,28,6,4,1,2024,Winter,Republic Day,Grocery,Christmas Cake,180,320,77.78,0,39,30,2,3.6,0.77,25380,45120.0,19740.0,141
2024-01-28,28,6,4,1,2024,Winter,Republic Day,FMCG,Soap Lux,22,32,45.45,20,661,150,3,0.44,0.79,616,716.8,100.8,28
2024-01-28,28,6,4,1,2024,Winter,Republic Day,FMCG,Shampoo Head&Shoulders,85,115,35.29,0,375,80,4,1.7,1.0,8925,12075.0,3150.0,105
2024-01-28,28,6,4,1,2024,Winter,Republic Day,Agriculture,Pesticide 500ml,180,245,36.11,0,35,20,5,3.6,0.8,17280,23520.0,6240.0,96
2024-01-28,28,6,4,1,2024,Winter,Republic Day,Fashion,Jeans Men,450,899,99.78,0,30,20,6,9.0,0.98,23850,47647.0,23797.0,53
2024-01-28,28,6,4,1,2024,Winter,Republic Day,FMCG,Detergent Surf 1kg,95,125,31.58,0,395,90,3,1.9,0.9,8550,11250.0,2700.0,90
2024-01-29,29,0,5,1,2024,Winter,None,FMCG,Cold Drink 500ml,20,30,50.0,0,276,200,2,0.4,0.7,2060,3090.0,1030.0,103
2024-01-29,29,0,5,1,2024,Winter,None,Stationery,Pen Blue Pack 10,25,40,60.0,15,937,200,2,0.5,0.94,1475,2006.0,531.0,59
2024-01-29,29,0,5,1,2024,Winter,None,Grocery,Salt 1kg,18,25,38.89,15,425,120,2,0.36,0.91,1926,2273.75,347.75,107
2024-01-29,29,0,5,1,2024,Winter,None,Stationery,Eraser Pack,12,20,66.67,0,517,150,2,0.24,0.83,1092,1820.0,728.0,91
2024-01-29,29,0,5,1,2024,Winter,None,Electronics,LED Bulb 9W,48,85,77.08,10,193,40,4,0.96,0.77,2928,4666.5,1738.5,61
2024-01-29,29,0,5,1,2024,Winter,None,Fashion,Shoes Casual,350,699,99.71,0,100,25,6,7.0,1.0,5250,10485.0,5235.0,15
2024-01-29,29,0,5,1,2024,Winter,None,Fashion,Kurta Women,280,549,96.07,15,64,20,5,5.6,0.98,27160,45265.05,18105.05,97
2024-01-29,29,0,5,1,2024,Winter,None,Grocery,Dal Toor 1kg,95,118,24.21,5,338,80,3,1.9,0.79,4465,5268.7,803.7,47
2024-01-30,30,1,5,1,2024,Winter,Republic Day,FMCG,Cold Drink 500ml,20,30,50.0,0,226,200,2,0.4,0.78,1760,2640.0,880.0,88
2024-01-30,30,1,5,1,2024,Winter,Republic Day,Agriculture,Fertilizer NPK 1kg,125,168,34.4,20,109,25,6,2.5,0.71,1375,1478.4,103.4,11
2024-01-30,30,1,5,1,2024,Winter,Republic Day,Grocery,Dal Toor 1kg,95,118,24.21,0,193,80,3,1.9,0.7,6745,8378.0,1633.0,71
2024-01-30,30,1,5,1,2024,Winter,Republic Day,Agriculture,Pesticide 500ml,180,245,36.11,20,73,20,5,3.6,0.96,18720,20384.0,1664.0,104
2024-01-31,31,2,5,1,2024,Winter,Republic Day,Grocery,Sunflower Oil 1L,120,148,23.33,5,232,60,4,2.4,0.78,19440,22777.2,3337.2,162
2024-01-31,31,2,5,1,2024,Winter,Republic Day,FMCG,Diya Set 12pc,48,95,97.92,20,699,150,2,0.96,0.74,1440,2280.0,840.0,30
2024-01-31,31,2,5,1,2024,Winter,Republic Day,Agriculture,Fertilizer NPK 1kg,125,168,34.4,5,89,25,6,2.5,0.92,12000,15321.6,3321.6,96
2024-01-31,31,2,5,1,2024,Winter,Republic Day,FMCG,Biscuit Parle-G,8,12,50.0,0,875,200,2,0.16,0.75,808,1212.0,404.0,101
2024-01-31,31,2,5,1,2024,Winter,Republic Day,Grocery,Basmati Rice 5kg,180,225,25.0,0,96,50,3,3.6,0.75,8820,11025.0,2205.0,49
2024-02-01,1,3,5,2,2024,Winter,None,Fashion,T-Shirt Men,180,349,93.89,20,75,30,5,3.6,1.0,9000,13960.0,4960.0,50
2024-02-01,1,3,5,2,2024,Winter,None,Grocery,Basmati Rice 5kg,180,225,25.0,10,119,50,3,3.6,0.73,10080,11340.0,1260.0,56
2024-02-01,1,3,5,2,2024,Winter,None,FMCG,Kite + String,25,55,120.0,15,537,300,2,0.5,0.77,2350,4394.5,2044.5,94
2024-02-01,1,3,5,2,2024,Winter,None,Electronics,Fan Table,850,1350,58.82,20,23,8,7,17.0,0.8,24650,31320.0,6670.0,29
2024-02-02,2,4,5,2,2024,Winter,None,Fashion,Saree Cotton,350,699,99.71,0,74,15,7,7.0,0.95,54250,108345.0,54095.0,155
2024-02-02,2,4,5,2,2024,Winter,None,Electronics,Smartphone Redmi,8500,10999,29.4,20,50,10,7,170.0,0.91,697000,721534.4,24534.4,82
2024-02-02,2,4,5,2,2024,Winter,None,Agriculture,Fertilizer NPK 1kg,125,168,34.4,15,96,25,6,2.5,0.99,11250,12852.0,1602.0,90
2024-02-03,3,5,5,2,2024,Winter,Valentine's Day,Agriculture,Pesticide 500ml,180,245,36.11,0,62,20,5,3.6,0.77,26820,36505.0,9685.0,149
2024-02-03,3,5,5,2,2024,Winter,Valentine's Day,FMCG,Crackers Box,200,380,90.0,0,164,100,3,4.0,0.94,31200,59280.0,28080.0,156
2024-02-03,3,5,5,2,2024,Winter,Valentine's Day,Electronics,Power Bank 10000mAh,650,1099,69.08,10,31,15,6,13.0,0.79,40300,61324.2,21024.2,62
2024-02-03,3,5,5,2,2024,Winter,Valentine's Day,Grocery,Wheat Flour 10kg,320,385,20.31,10,113,40,3,6.4,0.92,68800,74497.5,5697.5,215
2024-02-03,3,5,5,2,2024,Winter,Valentine's Day,FMCG,Shampoo Head&Shoulders,85,115,35.29,15,169,80,4,1.7,0.73,5270,6060.5,790.5,62
2024-02-03,3,5,5,2,2024,Winter,Valentine's Day,FMCG,Kite + String,25,55,120.0,10,757,300,2,0.5,0.71,6425,12721.5,6296.5,257
2024-02-03,3,5,5,2,2024,Winter,Valentine's Day,Grocery,Salt 1kg,18,25,38.89,0,587,120,2,0.36,0.87,2970,4125.0,1155.0,165
2024-02-04,4,6,5,2,2024,Winter,None,Grocery,Wheat Flour 10kg,320,385,20.31,15,101,40,3,6.4,0.95,36800,37633.75,833.75,115
2024-02-04,4,6,5,2,2024,Winter,None,Electronics,USB Cable,45,89,97.78,5,134,50,4,0.9,0.87,5535,10399.65,4864.65,123
2024-02-04,4,6,5,2,2024,Winter,None,Agriculture,Pesticide 500ml,180,245,36.11,0,95,20,5,3.6,0.87,26640,36260.0,9620.0,148
2024-02-04,4,6,5,2,2024,Winter,None,FMCG,Soap Lux,22,32,45.45,15,434,150,3,0.44,0.76,264,326.4,62.4,12
2024-02-04,4,6,5,2,2024,Winter,None,FMCG,Toothpaste Colgate,55,75,36.36,15,408,100,3,1.1,0.99,550,637.5,87.5,10
2024-02-04,4,6,5,2,2024,Winter,None,FMCG,Biscuit Parle-G,8,12,50.0,10,567,200,2,0.16,0.97,168,226.8,58.8,21
2024-02-04,4,6,5,2,2024,Winter,None,Grocery,Eid Special Dates,280,450,60.71,10,136,40,4,5.6,0.72,42280,61155.0,18875.0,151
2024-02-04,4,6,5,2,2024,Winter,None,Stationery,Eraser Pack,12,20,66.67,0,620,150,2,0.24,0.77,996,1660.0,664.0,83
2024-02-05,5,0,6,2,2024,Winter,None,Electronics,Fan Table,850,1350,58.82,5,22,8,7,17.0,0.83,62050,93622.5,31572.5,73
2024-02-05,5,0,6,2,2024,Winter,None,Stationery,Notebook A4,28,45,60.71,10,382,100,3,0.56,0.72,420,607.5,187.5,15
2024-02-05,5,0,6,2,2024,Winter,None,Agriculture,Fertilizer NPK 1kg,125,168,34.4,0,90,25,6,2.5,0.78,6500,8736.0,2236.0,52
2024-02-05,5,0,6,2,2024,Winter,None,Grocery,Sunflower Oil 1L,120,148,23.33,5,101,60,4,2.4,0.89,11400,13357.0,1957.0,95
2024-02-05,5,0,6,2,2024,Winter,None,Grocery,Dal Toor 1kg,95,118,24.21,20,234,80,3,1.9,0.84,7790,7740.8,-49.2,82
2024-02-05,5,0,6,2,2024,Winter,None,Stationery,Pencil Box,35,55,57.14,20,172,80,3,0.7,0.8,3465,4356.0,891.0,99
2024-02-06,6,1,6,2,2024,Winter,Valentine's Day,FMCG,Kite + String,25,55,120.0,0,1349,300,2,0.5,0.7,1325,2915.0,1590.0,53
2024-02-06,6,1,6,2,2024,Winter,Valentine's Day,Fashion,T-Shirt Men,180,349,93.89,0,120,30,5,3.6,0.74,19980,38739.0,18759.0,111
2024-02-06,6,1,6,2,2024,Winter,Valentine's Day,FMCG,Cold Drink 500ml,20,30,50.0,0,607,200,2,0.4,0.88,1960,2940.0,980.0,98
2024-02-07,7,2,6,2,2024,Winter,None,FMCG,Kite + String,25,55,120.0,10,1321,300,2,0.5,0.87,250,495.0,245.0,10
2024-02-07,7,2,6,2,2024,Winter,None,Fashion,Kurta Women,280,549,96.07,5,41,20,5,5.6,0.81,2800,5215.5,2415.5,10
2024-02-07,7,2,6,2,2024,Winter,None,Fashion,Saree Cotton,350,699,99.71,0,28,15,7,7.0,0.77,30450,60813.0,30363.0,87
2024-02-07,7,2,6,2,2024,Winter,None,Agriculture,Pesticide 500ml,180,245,36.11,0,57,20,5,3.6,0.81,13860,18865.0,5005.0,77
2024-02-07,7,2,6,2,2024,Winter,None,Fashion,T-Shirt Men,180,349,93.89,0,98,30,5,3.6,0.98,5220,10121.0,4901.0,29
2024-02-08,8,3,6,2,2024,Winter,Valentine's Day,FMCG,Crackers Box,200,380,90.0,10,453,100,3,4.0,0.89,25400,43434.0,18034.0,127
2024-02-08,8,3,6,2,2024,Winter,Valentine's Day,Stationery,Pen Blue Pack 10,25,40,60.0,0,697,200,2,0.5,0.79,2675,4280.0,1605.0,107
2024-02-08,8,3,6,2,2024,Winter,Valentine's Day,Electronics,USB Cable,45,89,97.78,0,56,50,4,0.9,0.79,2700,5340.0,2640.0,60
2024-02-08,8,3,6,2,2024,Winter,Valentine's Day,Grocery,Sunflower Oil 1L,120,148,23.33,5,256,60,4,2.4,0.75,20280,23761.4,3481.4,169
2024-02-09,9,4,6,2,2024,Winter,Valentine's Day,Fashion,Shoes Casual,350,699,99.71,5,25,25,6,7.0,0.82,35700,67733.1,32033.1,102
2024-02-09,9,4,6,2,2024,Winter,Valentine's Day,Electronics,Power Bank 10000mAh,650,1099,69.08,0,28,15,6,13.0,0.74,85800,145068.0,59268.0,132
2024-02-09,9,4,6,2,2024,Winter,Valentine's Day,Grocery,Christmas Cake,180,320,77.78,0,35,30,2,3.6,0.79,32220,57280.0,25060.0,179
2024-02-10,10,5,6,2,2024,Winter,Valentine's Day,Grocery,Basmati Rice 5kg,180,225,25.0,0,112,50,3,3.6,0.76,42480,53100.0,10620.0,236
2024-02-10,10,5,6,2,2024,Winter,Valentine's Day,FMCG,Cold Drink 500ml,20,30,50.0,10,698,200,2,0.4,0.73,1900,2565.0,665.0,95
2024-02-10,10,5,6,2,2024,Winter,Valentine's Day,FMCG,Toothpaste Colgate,55,75,36.36,0,111,100,3,1.1,0.76,605,825.0,220.0,11
2024-02-10,10,5,6,2,2024,Winter,Valentine's Day,Grocery,Sunflower Oil 1L,120,148,23.33,10,156,60,4,2.4,0.74,18840,20912.4,2072.4,157
2024-02-10,10,5,6,2,2024,Winter,Valentine's Day,Stationery,Eraser Pack,12,20,66.67,20,437,150,2,0.24,0.91,1452,1936.0,484.0,121
2024-02-11,11,6,6,2,2024,Winter,None,FMCG,Diya Set 12pc,48,95,97.92,0,743,150,2,0.96,1.0,432,855.0,423.0,9
2024-02-11,11,6,6,2,2024,Winter,None,Stationery,Notebook A4,28,45,60.71,20,246,100,3,0.56,0.94,924,1188.0,264.0,33
2024-02-11,11,6,6,2,2024,Winter,None,Fashion,Shoes Casual,350,699,99.71,0,54,25,6,7.0,0.72,25900,51726.0,25826.0,74
2024-02-12,12,0,7,2,2024,Winter,None,Agriculture,Pesticide 500ml,180,245,36.11,5,76,20,5,3.6,0.7,12600,16292.5,3692.5,70
2024-02-12,12,0,7,2,2024,Winter,None,Grocery,Christmas Cake,180,320,77.78,15,150,30,2,3.6,0.93,5940,8976.0,3036.0,33
2024-02-12,12,0,7,2,2024,Winter,None,FMCG,Kite + String,25,55,120.0,0,1224,300,2,0.5,0.99,725,1595.0,870.0,29
2024-02-12,12,0,7,2,2024,Winter,None,Grocery,Salt 1kg,18,25,38.89,5,294,120,2,0.36,0.72,1836,2422.5,586.5,102
2024-02-12,12,0,7,2,2024,Winter,None,Fashion,T-Shirt Men,180,349,93.89,0,127,30,5,3.6,0.83,25740,49907.0,24167.0,143
2024-02-12,12,0,7,2,2024,Winter,None,Fashion,Kurta Women,280,549,96.07,0,40,20,5,5.6,0.87,5040,9882.0,4842.0,18
2024-02-13,13,1,7,2,2024,Winter,Valentine's Day,Fashion,Saree Cotton,350,699,99.71,15,55,15,7,7.0,0.86,21000,35649.0,14649.0,60
2024-02-13,13,1,7,2,2024,Winter,Valentine's Day,FMCG,Gulal Colors Set,35,75,114.29,5,689,200,2,0.7,0.89,595,1211.25,616.25,17
2024-02-13,13,1,7,2,2024,Winter,Valentine's Day,FMCG,Dandiya Sticks,40,85,112.5,0,354,200,2,0.8,0.76,3760,7990.0,4230.0,94
2024-02-13,13,1,7,2,2024,Winter,Valentine's Day,Grocery,Sugar 1kg,42,54,28.57,5,399,100,2,0.84,0.75,2184,2667.6,483.6,52
2024-02-13,13,1,7,2,2024,Winter,Valentine's Day,Stationery,Eraser Pack,12,20,66.67,20,679,150,2,0.24,0.92,504,672.0,168.0,42
2024-02-13,13,1,7,2,2024,Winter,Valentine's Day,Grocery,Salt 1kg,18,25,38.89,15,232,120,2,0.36,0.97,3096,3655.0,559.0,172
2024-02-13,13,1,7,2,2024,Winter,Valentine's Day,FMCG,Kite + String,25,55,120.0,0,611,300,2,0.5,0.88,750,1650.0,900.0,30
2024-02-13,13,1,7,2,2024,Winter,Valentine's Day,FMCG,Diya Set 12pc,48,95,97.92,0,400,150,2,0.96,0.84,576,1140.0,564.0,12
2024-02-14,14,2,7,2,2024,Winter,Valentine's Day,Electronics,Power Bank 10000mAh,650,1099,69.08,5,55,15,6,13.0,0.85,79300,127374.1,48074.1,122
2024-02-14,14,2,7,2,2024,Winter,Valentine's Day,Grocery,Eid Special Dates,280,450,60.71,5,72,40,4,5.6,0.99,40040,61132.5,21092.5,143
2024-02-14,14,2,7,2,2024,Winter,Valentine's Day,FMCG,Kite + String,25,55,120.0,20,511,300,2,0.5,0.85,4400,7744.0,3344.0,176
2024-02-14,14,2,7,2,2024,Winter,Valentine's Day,FMCG,Toothpaste Colgate,55,75,36.36,10,354,100,3,1.1,0.82,4070,4995.0,925.0,74
2024-02-14,14,2,7,2,2024,Winter,Valentine's Day,Grocery,Salt 1kg,18,25,38.89,10,294,120,2,0.36,0.97,738,922.5,184.5,41
2024-02-15,15,3,7,2,2024,Winter,None,FMCG,Shampoo Head&Shoulders,85,115,35.29,0,174,80,4,1.7,0.83,6630,8970.0,2340.0,78
2024-02-15,15,3,7,2,2024,Winter,None,Grocery,Sunflower Oil 1L,120,148,23.33,20,154,60,4,2.4,0.72,7320,7222.4,-97.6,61
2024-02-15,15,3,7,2,2024,Winter,None,FMCG,Biscuit Parle-G,8,12,50.0,0,486,200,2,0.16,0.79,648,972.0,324.0,81
2024-02-15,15,3,7,2,2024,Winter,None,FMCG,Dandiya Sticks,40,85,112.5,0,454,200,2,0.8,0.85,2160,4590.0,2430.0,54
2024-02-15,15,3,7,2,2024,Winter,None,Electronics,Fan Table,850,1350,58.82,20,28,8,7,17.0,0.98,69700,88560.0,18860.0,82
2024-02-15,15,3,7,2,2024,Winter,None,Grocery,Wheat Flour 10kg,320,385,20.31,5,106,40,3,6.4,0.86,40000,45718.75,5718.75,125
2024-02-15,15,3,7,2,2024,Winter,None,Stationery,Pen Blue Pack 10,25,40,60.0,10,363,200,2,0.5,0.75,1375,1980.0,605.0,55
2024-02-16,16,4,7,2,2024,Winter,None,Fashion,T-Shirt Men,180,349,93.89,5,102,30,5,3.6,0.83,25200,46417.0,21217.0,140
2024-02-16,16,4,7,2,2024,Winter,None,Stationery,Notebook A4,28,45,60.71,5,156,100,3,0.56,0.74,3052,4659.75,1607.75,109
2024-02-16,16,4,7,2,2024,Winter,None,FMCG,Soap Lux,22,32,45.45,15,279,150,3,0.44,0.93,374,462.4,88.4,17
2024-02-16,16,4,7,2,2024,Winter,None,Grocery,Wheat Flour 10kg,320,385,20.31,5,99,40,3,6.4,0.92,30720,35112.0,4392.0,96
2024-02-16,16,4,7,2,2024,Winter,None,Fashion,Jeans Men,450,899,99.78,15,94,20,6,9.0,0.93,6750,11462.25,4712.25,15
2024-02-16,16,4,7,2,2024,Winter,None,Stationery,Eraser Pack,12,20,66.67,0,224,150,2,0.24,0.74,684,1140.0,456.0,57
2024-02-16,16,4,7,2,2024,Winter,None,FMCG,Shampoo Head&Shoulders,85,115,35.29,0,270,80,4,1.7,0.97,4930,6670.0,1740.0,58
2024-02-17,17,5,7,2,2024,Winter,None,FMCG,Toothpaste Colgate,55,75,36.36,20,276,100,3,1.1,0.99,440,480.0,40.0,8
2024-02-17,17,5,7,2,2024,Winter,None,Electronics,Smartphone Redmi,8500,10999,29.4,15,18,10,7,170.0,0.81,1258000,1383674.2,125674.2,148
2024-02-17,17,5,7,2,2024,Winter,None,Fashion,T-Shirt Men,180,349,93.89,20,113,30,5,3.6,0.72,31680,49139.2,17459.2,176
2024-02-17,17,5,7,2,2024,Winter,None,FMCG,Puja Thali Set,125,245,96.0,0,206,50,3,2.5,0.86,6250,12250.0,6000.0,50
2024-02-18,18,6,7,2,2024,Winter,None,Fashion,T-Shirt Men,180,349,93.89,0,112,30,5,3.6,0.92,15300,29665.0,14365.0,85
2024-02-18,18,6,7,2,2024,Winter,None,Agriculture,Fertilizer NPK 1kg,125,168,34.4,0,114,25,6,2.5,0.91,3375,4536.0,1161.0,27
2024-02-18,18,6,7,2,2024,Winter,None,FMCG,Dandiya Sticks,40,85,112.5,0,604,200,2,0.8,0.85,1000,2125.0,1125.0,25
2024-02-19,19,0,8,2,2024,Winter,None,Agriculture,Fertilizer NPK 1kg,125,168,34.4,20,25,25,6,2.5,0.73,12875,13843.2,968.2,103
2024-02-19,19,0,8,2,2024,Winter,None,Grocery,Basmati Rice 5kg,180,225,25.0,0,62,50,3,3.6,0.97,5580,6975.0,1395.0,31
2024-02-19,19,0,8,2,2024,Winter,None,Stationery,Pencil Box,35,55,57.14,15,217,80,3,0.7,0.74,2905,3880.25,975.25,83
2024-02-19,19,0,8,2,2024,Winter,None,Electronics,Smartphone Redmi,8500,10999,29.4,20,44,10,7,170.0,0.76,518500,536751.2,18251.2,61
2024-02-19,19,0,8,2,2024,Winter,None,Stationery,Eraser Pack,12,20,66.67,20,612,150,2,0.24,0.9,468,624.0,156.0,39
2024-02-19,19,0,8,2,2024,Winter,None,Electronics,USB Cable,45,89,97.78,5,180,50,4,0.9,0.75,540,1014.6,474.6,12
2024-02-19,19,0,8,2,2024,Winter,None,FMCG,Shampoo Head&Shoulders,85,115,35.29,15,335,80,4,1.7,0.92,9095,10459.25,1364.25,107
2024-02-19,19,0,8,2,2024,Winter,None,Agriculture,Wheat Seeds 1kg,65,95,46.15,15,78,30,5,1.3,0.7,1560,1938.0,378.0,24
2024-02-20,20,1,8,2,2024,Winter,None,Electronics,LED Bulb 9W,48,85,77.08,0,53,40,4,0.96,0.73,3792,6715.0,2923.0,79
2024-02-20,20,1,8,2,2024,Winter,None,Fashion,T-Shirt Men,180,349,93.89,0,77,30,5,3.6,0.93,7740,15007.0,7267.0,43
2024-02-20,20,1,8,2,2024,Winter,None,Agriculture,Wheat Seeds 1kg,65,95,46.15,0,77,30,5,1.3,0.71,8840,12920.0,4080.0,136
2024-02-20,20,1,8,2,2024,Winter,None,FMCG,Shampoo Head&Shoulders,85,115,35.29,15,249,80,4,1.7,0.79,425,488.75,63.75,5
2024-02-20,20,1,8,2,2024,Winter,None,Grocery,Wheat Flour 10kg,320,385,20.31,0,175,40,3,6.4,0.91,31680,38115.0,6435.0,99
2024-02-21,21,2,8,2,2024,Winter,Valentine's Day,Grocery,Sugar 1kg,42,54,28.57,0,223,100,2,0.84,0.72,3654,4698.0,1044.0,87
2024-02-21,21,2,8,2,2024,Winter,Valentine's Day,FMCG,Kite + String,25,55,120.0,5,996,300,2,0.5,0.72,3475,7262.75,3787.75,139
2024-02-21,21,2,8,2,2024,Winter,Valentine's Day,Grocery,Christmas Cake,180,320,77.78,0,111,30,2,3.6,0.9,19260,34240.0,14980.0,107
2024-02-21,21,2,8,2,2024,Winter,Valentine's Day,Electronics,Earphones Boat,350,599,71.14,0,81,20,5,7.0,0.79,62300,106622.0,44322.0,178
2024-02-21,21,2,8,2,2024,Winter,Valentine's Day,FMCG,Crackers Box,200,380,90.0,0,200,100,3,4.0,0.71,22200,42180.0,19980.0,111
2024-02-21,21,2,8,2,2024,Winter,Valentine's Day,FMCG,Diya Set 12pc,48,95,97.92,15,562,150,2,0.96,0.85,528,888.25,360.25,11
2024-02-21,21,2,8,2,2024,Winter,Valentine's Day,Grocery,Sunflower Oil 1L,120,148,23.33,0,88,60,4,2.4,0.85,15000,18500.0,3500.0,125
2024-02-21,21,2,8,2,2024,Winter,Valentine's Day,FMCG,Toothpaste Colgate,55,75,36.36,20,118,100,3,1.1,0.73,7700,8400.0,700.0,140
2024-02-22,22,3,8,2,2024,Winter,None,Grocery,Sunflower Oil 1L,120,148,23.33,5,192,60,4,2.4,0.98,2520,2952.6,432.6,21
2024-02-22,22,3,8,2,2024,Winter,None,FMCG,Toothpaste Colgate,55,75,36.36,5,157,100,3,1.1,0.73,6435,8336.25,1901.25,117
2024-02-22,22,3,8,2,2024,Winter,None,Agriculture,Pesticide 500ml,180,245,36.11,10,69,20,5,3.6,0.83,19800,24255.0,4455.0,110
2024-02-22,22,3,8,2,2024,Winter,None,FMCG,Biscuit Parle-G,8,12,50.0,10,403,200,2,0.16,0.75,696,939.6,243.6,87
2024-02-22,22,3,8,2,2024,Winter,None,Stationery,Pencil Box,35,55,57.14,0,244,80,3,0.7,0.96,3325,5225.0,1900.0,95
2024-02-22,22,3,8,2,2024,Winter,None,Electronics,Earphones Boat,350,599,71.14,0,44,20,5,7.0,0.78,33950,58103.0,24153.0,97
2024-02-22,22,3,8,2,2024,Winter,None,FMCG,Gulal Colors Set,35,75,114.29,15,556,200,2,0.7,0.83,2975,5418.75,2443.75,85
2024-02-23,23,4,8,2,2024,Winter,None,FMCG,Toothpaste Colgate,55,75,36.36,10,360,100,3,1.1,0.75,6765,8302.5,1537.5,123
2024-02-23,23,4,8,2,2024,Winter,None,FMCG,Kite + String,25,55,120.0,0,590,300,2,0.5,0.73,1800,3960.0,2160.0,72
2024-02-23,23,4,8,2,2024,Winter,None,Stationery,Notebook A4,28,45,60.71,20,122,100,3,0.56,0.72,2184,2808.0,624.0,78
2024-02-23,23,4,8,2,2024,Winter,None,Electronics,Power Bank 10000mAh,650,1099,69.08,0,74,15,6,13.0,0.83,81250,137375.0,56125.0,125
2024-02-23,23,4,8,2,2024,Winter,None,FMCG,Dandiya Sticks,40,85,112.5,10,413,200,2,0.8,0.7,3880,7420.5,3540.5,97
2024-02-23,23,4,8,2,2024,Winter,None,Grocery,Eid Special Dates,280,450,60.71,20,171,40,4,5.6,0.8,10920,14040.0,3120.0,39
2024-02-24,24,5,8,2,2024,Winter,None,Agriculture,Pesticide 500ml,180,245,36.11,10,28,20,5,3.6,0.89,10440,12789.0,2349.0,58
2024-02-24,24,5,8,2,2024,Winter,None,FMCG,Cold Drink 500ml,20,30,50.0,20,328,200,2,0.4,0.96,360,432.0,72.0,18
2024-02-24,24,5,8,2,2024,Winter,None,FMCG,Gulal Colors Set,35,75,114.29,0,444,200,2,0.7,0.7,2625,5625.0,3000.0,75
2024-02-24,24,5,8,2,2024,Winter,None,Stationery,Pen Blue Pack 10,25,40,60.0,10,207,200,2,0.5,0.86,2975,4284.0,1309.0,119
2024-02-25,25,6,8,2,2024,Winter,None,FMCG,Gulal Colors Set,35,75,114.29,5,973,200,2,0.7,0.73,4655,9476.25,4821.25,133
2024-02-25,25,6,8,2,2024,Winter,None,FMCG,Shampoo Head&Shoulders,85,115,35.29,20,243,80,4,1.7,0.74,9690,10488.0,798.0,114
2024-02-25,25,6,8,2,2024,Winter,None,Grocery,Basmati Rice 5kg,180,225,25.0,15,149,50,3,3.6,0.76,26460,28113.75,1653.75,147
2024-02-25,25,6,8,2,2024,Winter,None,Agriculture,Pesticide 500ml,180,245,36.11,20,30,20,5,3.6,0.74,3240,3528.0,288.0,18
2024-02-25,25,6,8,2,2024,Winter,None,Electronics,USB Cable,45,89,97.78,0,121,50,4,0.9,0.74,2160,4272.0,2112.0,48
2024-02-25,25,6,8,2,2024,Winter,None,FMCG,Detergent Surf 1kg,95,125,31.58,0,437,90,3,1.9,0.99,7125,9375.0,2250.0,75
2024-02-25,25,6,8,2,2024,Winter,None,Grocery,Christmas Cake,180,320,77.78,0,118,30,2,3.6,0.9,28440,50560.0,22120.0,158
2024-02-26,26,0,9,2,2024,Winter,None,FMCG,Biscuit Parle-G,8,12,50.0,10,608,200,2,0.16,0.82,624,842.4,218.4,78
2024-02-26,26,0,9,2,2024,Winter,None,Agriculture,Wheat Seeds 1kg,65,95,46.15,5,107,30,5,1.3,0.88,5070,7039.5,1969.5,78
2024-02-26,26,0,9,2,2024,Winter,None,FMCG,Soap Lux,22,32,45.45,15,390,150,3,0.44,0.76,1628,2012.8,384.8,74
2024-02-26,26,0,9,2,2024,Winter,None,FMCG,Gulal Colors Set,35,75,114.29,20,829,200,2,0.7,0.91,1505,2580.0,1075.0,43
2024-02-26,26,0,9,2,2024,Winter,None,Grocery,Christmas Cake,180,320,77.78,0,137,30,2,3.6,0.78,8460,15040.0,6580.0,47
2024-02-26,26,0,9,2,2024,Winter,None,Stationery,Pen Blue Pack 10,25,40,60.0,0,573,200,2,0.5,0.76,1800,2880.0,1080.0,72
2024-02-27,27,1,9,2,2024,Winter,Valentine's Day,Electronics,Smartphone Redmi,8500,10999,29.4,5,28,10,7,170.0,0.84,127500,156735.75,29235.75,15
2024-02-27,27,1,9,2,2024,Winter,Valentine's Day,FMCG,Cold Drink 500ml,20,30,50.0,0,316,200,2,0.4,0.8,2100,3150.0,1050.0,105
2024-02-27,27,1,9,2,2024,Winter,Valentine's Day,FMCG,Shampoo Head&Shoulders,85,115,35.29,20,248,80,4,1.7,0.71,12750,13800.0,1050.0,150
2024-02-27,27,1,9,2,2024,Winter,Valentine's Day,Grocery,Dal Toor 1kg,95,118,24.21,15,283,80,3,1.9,0.91,3420,3610.8,190.8,36
2024-02-27,27,1,9,2,2024,Winter,Valentine's Day,Grocery,Salt 1kg,18,25,38.89,0,378,120,2,0.36,0.71,2178,3025.0,847.0,121
2024-02-27,27,1,9,2,2024,Winter,Valentine's Day,Electronics,LED Bulb 9W,48,85,77.08,5,93,40,4,0.96,0.9,5808,9770.75,3962.75,121
2024-02-28,28,2,9,2,2024,Winter,Valentine's Day,Fashion,Kurta Women,280,549,96.07,0,96,20,5,5.6,0.76,72520,142191.0,69671.0,259
2024-02-28,28,2,9,2,2024,Winter,Valentine's Day,Agriculture,Pesticide 500ml,180,245,36.11,0,92,20,5,3.6,0.73,32400,44100.0,11700.0,180
2024-02-28,28,2,9,2,2024,Winter,Valentine's Day,FMCG,Dandiya Sticks,40,85,112.5,0,927,200,2,0.8,0.85,4280,9095.0,4815.0,107
2024-02-28,28,2,9,2,2024,Winter,Valentine's Day,Electronics,Earphones Boat,350,599,71.14,5,50,20,5,7.0,0.94,51800,84219.4,32419.4,148
2024-02-28,28,2,9,2,2024,Winter,Valentine's Day,Electronics,USB Cable,45,89,97.78,0,176,50,4,0.9,0.91,2790,5518.0,2728.0,62
2024-02-28,28,2,9,2,2024,Winter,Valentine's Day,Fashion,Saree Cotton,350,699,99.71,20,24,15,7,7.0,0.93,64400,102892.8,38492.8,184
2024-02-29,29,3,9,2,2024,Winter,Valentine's Day,Fashion,Jeans Men,450,899,99.78,15,57,20,6,9.0,0.7,108900,184924.3,76024.3,242
2024-02-29,29,3,9,2,2024,Winter,Valentine's Day,Stationery,Pencil Box,35,55,57.14,20,152,80,3,0.7,0.71,665,836.0,171.0,19
2024-02-29,29,3,9,2,2024,Winter,Valentine's Day,FMCG,Kite + String,25,55,120.0,5,1072,300,2,0.5,0.94,500,1045.0,545.0,20
2024-02-29,29,3,9,2,2024,Winter,Valentine's Day,Fashion,Kurta Women,280,549,96.07,0,91,20,5,5.6,0.93,15400,30195.0,14795.0,55
2024-03-01,1,4,9,3,2024,Summer,None,Electronics,Earphones Boat,350,599,71.14,0,45,20,5,7.0,1.0,7700,13178.0,5478.0,22
2024-03-01,1,4,9,3,2024,Summer,None,FMCG,Toothpaste Colgate,55,75,36.36,0,211,100,3,1.1,0.81,6270,8550.0,2280.0,114
2024-03-01,1,4,9,3,2024,Summer,None,FMCG,Puja Thali Set,125,245,96.0,15,72,50,3,2.5,0.97,7250,12078.5,4828.5,58
2024-03-01,1,4,9,3,2024,Summer,None,FMCG,Soap Lux,22,32,45.45,0,688,150,3,0.44,0.95,352,512.0,160.0,16
2024-03-01,1,4,9,3,2024,Summer,None,Stationery,Pencil Box,35,55,57.14,10,307,80,3,0.7,0.86,1155,1633.5,478.5,33
2024-03-02,2,5,9,3,2024,Summer,None,Grocery,Basmati Rice 5kg,180,225,25.0,0,203,50,3,3.6,0.93,16740,20925.0,4185.0,93
2024-03-02,2,5,9,3,2024,Summer,None,Fashion,Jeans Men,450,899,99.78,10,49,20,6,9.0,0.71,9000,16182.0,7182.0,20
2024-03-02,2,5,9,3,2024,Summer,None,FMCG,Kite + String,25,55,120.0,0,1154,300,2,0.5,0.83,1950,4290.0,2340.0,78
2024-03-02,2,5,9,3,2024,Summer,None,Grocery,Sunflower Oil 1L,120,148,23.33,0,196,60,4,2.4,0.97,12960,15984.0,3024.0,108
2024-03-02,2,5,9,3,2024,Summer,None,FMCG,Cold Drink 500ml,20,30,50.0,0,284,200,2,0.4,0.74,3520,5280.0,1760.0,176
2024-03-02,2,5,9,3,2024,Summer,None,Electronics,USB Cable,45,89,97.78,0,139,50,4,0.9,0.96,5625,11125.0,5500.0,125
2024-03-02,2,5,9,3,2024,Summer,None,Fashion,Kurta Women,280,549,96.07,20,78,20,5,5.6,0.97,36400,57096.0,20696.0,130
2024-03-02,2,5,9,3,2024,Summer,None,Fashion,Shoes Casual,350,699,99.71,0,69,25,6,7.0,0.97,45150,90171.0,45021.0,129
2024-03-03,3,6,9,3,2024,Summer,None,Grocery,Salt 1kg,18,25,38.89,0,433,120,2,0.36,0.83,1008,1400.0,392.0,56
2024-03-03,3,6,9,3,2024,Summer,None,Grocery,Dal Toor 1kg,95,118,24.21,0,228,80,3,1.9,0.99,12065,14986.0,2921.0,127
2024-03-03,3,6,9,3,2024,Summer,None,Grocery,Sunflower Oil 1L,120,148,23.33,0,91,60,4,2.4,0.92,18480,22792.0,4312.0,154
2024-03-03,3,6,9,3,2024,Summer,None,Fashion,Shoes Casual,350,699,99.71,0,85,25,6,7.0,1.0,38850,77589.0,38739.0,111
2024-03-04,4,0,10,3,2024,Summer,None,Fashion,Shoes Casual,350,699,99.71,10,41,25,6,7.0,0.9,32550,58506.3,25956.3,93
2024-03-04,4,0,10,3,2024,Summer,None,Grocery,Wheat Flour 10kg,320,385,20.31,10,100,40,3,6.4,0.83,14720,15939.0,1219.0,46
2024-03-04,4,0,10,3,2024,Summer,None,FMCG,Biscuit Parle-G,8,12,50.0,10,946,200,2,0.16,0.9,560,756.0,196.0,70
2024-03-04,4,0,10,3,2024,Summer,None,Stationery,Pencil Box,35,55,57.14,20,285,80,3,0.7,0.75,980,1232.0,252.0,28
2024-03-04,4,0,10,3,2024,Summer,None,FMCG,Puja Thali Set,125,245,96.0,0,161,50,3,2.5,0.83,5875,11515.0,5640.0,47
2024-03-04,4,0,10,3,2024,Summer,None,Agriculture,Wheat Seeds 1kg,65,95,46.15,20,119,30,5,1.3,0.91,5070,5928.0,858.0,78
2024-03-04,4,0,10,3,2024,Summer,None,FMCG,Gulal Colors Set,35,75,114.29,5,604,200,2,0.7,1.0,2765,5628.75,2863.75,79
2024-03-04,4,0,10,3,2024,Summer,None,Grocery,Christmas Cake,180,320,77.78,0,147,30,2,3.6,0.89,6120,10880.0,4760.0,34
2024-03-05,5,1,10,3,2024,Summer,None,FMCG,Kite + String,25,55,120.0,10,611,300,2,0.5,0.83,2825,5593.5,2768.5,113
2024-03-05,5,1,10,3,2024,Summer,None,Grocery,Basmati Rice 5kg,180,225,25.0,10,56,50,3,3.6,0.86,17460,19642.5,2182.5,97
2024-03-05,5,1,10,3,2024,Summer,None,Agriculture,Pesticide 500ml,180,245,36.11,0,88,20,5,3.6,0.71,18000,24500.0,6500.0,100
2024-03-05,5,1,10,3,2024,Summer,None,Fashion,T-Shirt Men,180,349,93.89,0,150,30,5,3.6,0.98,3960,7678.0,3718.0,22
2024-03-05,5,1,10,3,2024,Summer,None,Electronics,Power Bank 10000mAh,650,1099,69.08,0,75,15,6,13.0,0.93,53950,91217.0,37267.0,83
2024-03-05,5,1,10,3,2024,Summer,None,Fashion,Saree Cotton,350,699,99.71,0,27,15,7,7.0,0.87,32550,65007.0,32457.0,93
2024-03-05,5,1,10,3,2024,Summer,None,FMCG,Biscuit Parle-G,8,12,50.0,20,560,200,2,0.16,0.96,312,374.4,62.4,39
2024-03-05,5,1,10,3,2024,Summer,None,Grocery,Salt 1kg,18,25,38.89,0,345,120,2,0.36,0.72,432,600.0,168.0,24
2024-03-06,6,2,10,3,2024,Summer,Holi,Fashion,Jeans Men,450,899,99.78,20,97,20,6,9.0,0.76,9900,15822.4,5922.4,22
2024-03-06,6,2,10,3,2024,Summer,Holi,FMCG,Crackers Box,200,380,90.0,0,328,100,3,4.0,0.87,34400,65360.0,30960.0,172
2024-03-06,6,2,10,3,2024,Summer,Holi,Agriculture,Wheat Seeds 1kg,65,95,46.15,5,36,30,5,1.3,0.89,4680,6498.0,1818.0,72
2024-03-07,7,3,10,3,2024,Summer,None,Grocery,Wheat Flour 10kg,320,385,20.31,0,200,40,3,6.4,0.71,31680,38115.0,6435.0,99
2024-03-07,7,3,10,3,2024,Summer,None,FMCG,Toothpaste Colgate,55,75,36.36,0,111,100,3,1.1,0.82,2530,3450.0,920.0,46
2024-03-07,7,3,10,3,2024,Summer,None,Electronics,Smartphone Redmi,8500,10999,29.4,15,21,10,7,170.0,0.75,578000,635742.2,57742.2,68
2024-03-07,7,3,10,3,2024,Summer,None,Grocery,Christmas Cake,180,320,77.78,20,56,30,2,3.6,0.95,7560,10752.0,3192.0,42
2024-03-07,7,3,10,3,2024,Summer,None,FMCG,Soap Lux,22,32,45.45,15,322,150,3,0.44,0.97,2332,2883.2,551.2,106
2024-03-07,7,3,10,3,2024,Summer,None,FMCG,Biscuit Parle-G,8,12,50.0,0,220,200,2,0.16,0.98,992,1488.0,496.0,124
2024-03-07,7,3,10,3,2024,Summer,None,Grocery,Eid Special Dates,280,450,60.71,20,138,40,4,5.6,0.9,17640,22680.0,5040.0,63
2024-03-07,7,3,10,3,2024,Summer,None,FMCG,Detergent Surf 1kg,95,125,31.58,5,383,90,3,1.9,0.84,3230,4037.5,807.5,34
2024-03-08,8,4,10,3,2024,Summer,None,FMCG,Gulal Colors Set,35,75,114.29,20,980,200,2,0.7,0.78,1085,1860.0,775.0,31
2024-03-08,8,4,10,3,2024,Summer,None,Fashion,T-Shirt Men,180,349,93.89,5,116,30,5,3.6,0.93,15120,27850.2,12730.2,84
2024-03-08,8,4,10,3,2024,Summer,None,Grocery,Wheat Flour 10kg,320,385,20.31,5,137,40,3,6.4,0.86,14400,16458.75,2058.75,45
2024-03-08,8,4,10,3,2024,Summer,None,Fashion,Saree Cotton,350,699,99.71,5,34,15,7,7.0,0.78,14000,26562.0,12562.0,40
2024-03-09,9,5,10,3,2024,Summer,None,Electronics,USB Cable,45,89,97.78,5,219,50,4,0.9,0.95,8460,15895.4,7435.4,188
2024-03-09,9,5,10,3,2024,Summer,None,Electronics,LED Bulb 9W,48,85,77.08,0,108,40,4,0.96,0.85,6192,10965.0,4773.0,129
2024-03-09,9,5,10,3,2024,Summer,None,Fashion,Kurta Women,280,549,96.07,20,49,20,5,5.6,0.9,21560,33818.4,12258.4,77
2024-03-09,9,5,10,3,2024,Summer,None,Grocery,Salt 1kg,18,25,38.89,0,442,120,2,0.36,0.75,3114,4325.0,1211.0,173
2024-03-09,9,5,10,3,2024,Summer,None,Electronics,Fan Table,850,1350,58.82,5,33,8,7,17.0,0.95,107950,162877.5,54927.5,127
2024-03-10,10,6,10,3,2024,Summer,None,Fashion,Saree Cotton,350,699,99.71,0,33,15,7,7.0,0.77,51100,102054.0,50954.0,146
2024-03-10,10,6,10,3,2024,Summer,None,Electronics,Power Bank 10000mAh,650,1099,69.08,20,54,15,6,13.0,0.87,86450,116933.6,30483.6,133
2024-03-10,10,6,10,3,2024,Summer,None,FMCG,Toothpaste Colgate,55,75,36.36,15,473,100,3,1.1,0.83,4235,4908.75,673.75,77
2024-03-10,10,6,10,3,2024,Summer,None,Grocery,Wheat Flour 10kg,320,385,20.31,10,48,40,3,6.4,0.81,34240,37075.5,2835.5,107
2024-03-10,10,6,10,3,2024,Summer,None,Agriculture,Pesticide 500ml,180,245,36.11,20,27,20,5,3.6,0.81,13140,14308.0,1168.0,73
2024-03-10,10,6,10,3,2024,Summer,None,FMCG,Gulal Colors Set,35,75,114.29,15,744,200,2,0.7,0.78,735,1338.75,603.75,21
2024-03-10,10,6,10,3,2024,Summer,None,Stationery,Notebook A4,28,45,60.71,5,104,100,3,0.56,0.72,1176,1795.5,619.5,42
2024-03-11,11,0,11,3,2024,Summer,Holi,Electronics,Fan Table,850,1350,58.82,5,39,8,7,17.0,0.97,65450,98752.5,33302.5,77
2024-03-11,11,0,11,3,2024,Summer,Holi,FMCG,Cold Drink 500ml,20,30,50.0,20,850,200,2,0.4,0.94,9020,10824.0,1804.0,451
2024-03-11,11,0,11,3,2024,Summer,Holi,Electronics,Smartphone Redmi,8500,10999,29.4,0,11,10,7,170.0,0.72,68000,87992.0,19992.0,8
2024-03-11,11,0,11,3,2024,Summer,Holi,Grocery,Eid Special Dates,280,450,60.71,0,129,40,4,5.6,0.73,30240,48600.0,18360.0,108
2024-03-12,12,1,11,3,2024,Summer,None,FMCG,Shampoo Head&Shoulders,85,115,35.29,0,128,80,4,1.7,0.79,4845,6555.0,1710.0,57
2024-03-12,12,1,11,3,2024,Summer,None,Grocery,Basmati Rice 5kg,180,225,25.0,0,85,50,3,3.6,0.97,10620,13275.0,2655.0,59
2024-03-12,12,1,11,3,2024,Summer,None,Fashion,Jeans Men,450,899,99.78,10,49,20,6,9.0,0.95,26100,46927.8,20827.8,58
2024-03-13,13,2,11,3,2024,Summer,Holi,Fashion,Kurta Women,280,549,96.07,10,41,20,5,5.6,0.82,5600,9882.0,4282.0,20
2024-03-13,13,2,11,3,2024,Summer,Holi,Electronics,Smartphone Redmi,8500,10999,29.4,0,19,10,7,170.0,0.87,1173000,1517862.0,344862.0,138
2024-03-13,13,2,11,3,2024,Summer,Holi,Grocery,Dal Toor 1kg,95,118,24.21,20,256,80,3,1.9,0.73,13205,13121.6,-83.4,139
2024-03-13,13,2,11,3,2024,Summer,Holi,FMCG,Biscuit Parle-G,8,12,50.0,0,428,200,2,0.16,0.86,3312,4968.0,1656.0,414
2024-03-13,13,2,11,3,2024,Summer,Holi,FMCG,Soap Lux,22,32,45.45,10,500,150,3,0.44,0.99,6160,8064.0,1904.0,280
2024-03-13,13,2,11,3,2024,Summer,Holi,FMCG,Toothpaste Colgate,55,75,36.36,0,409,100,3,1.1,0.95,23925,32625.0,8700.0,435
2024-03-14,14,3,11,3,2024,Summer,None,Grocery,Dal Toor 1kg,95,118,24.21,0,96,80,3,1.9,0.98,5035,6254.0,1219.0,53
2024-03-14,14,3,11,3,2024,Summer,None,Electronics,USB Cable,45,89,97.78,5,189,50,4,0.9,0.95,1575,2959.25,1384.25,35
2024-03-14,14,3,11,3,2024,Summer,None,Fashion,Saree Cotton,350,699,99.71,5,43,15,7,7.0,0.78,26950,51131.85,24181.85,77
2024-03-14,14,3,11,3,2024,Summer,None,FMCG,Biscuit Parle-G,8,12,50.0,0,883,200,2,0.16,0.8,344,516.0,172.0,43
2024-03-14,14,3,11,3,2024,Summer,None,Grocery,Christmas Cake,180,320,77.78,5,122,30,2,3.6,0.92,16560,27968.0,11408.0,92
2024-03-14,14,3,11,3,2024,Summer,None,FMCG,Gulal Colors Set,35,75,114.29,20,463,200,2,0.7,0.96,1715,2940.0,1225.0,49
2024-03-14,14,3,11,3,2024,Summer,None,Fashion,Jeans Men,450,899,99.78,0,52,20,6,9.0,0.86,29700,59334.0,29634.0,66
2024-03-14,14,3,11,3,2024,Summer,None,FMCG,Cold Drink 500ml,20,30,50.0,10,214,200,2,0.4,0.88,2020,2727.0,707.0,101
2024-03-15,15,4,11,3,2024,Summer,Holi,Agriculture,Wheat Seeds 1kg,65,95,46.15,0,60,30,5,1.3,0.98,650,950.0,300.0,10
2024-03-15,15,4,11,3,2024,Summer,Holi,Grocery,Eid Special Dates,280,450,60.71,10,151,40,4,5.6,0.92,35840,51840.0,16000.0,128
2024-03-15,15,4,11,3,2024,Summer,Holi,Electronics,USB Cable,45,89,97.78,0,232,50,4,0.9,0.8,3600,7120.0,3520.0,80
2024-03-16,16,5,11,3,2024,Summer,None,Grocery,Christmas Cake,180,320,77.78,0,57,30,2,3.6,0.78,11160,19840.0,8680.0,62
2024-03-16,16,5,11,3,2024,Summer,None,FMCG,Kite + String,25,55,120.0,0,1386,300,2,0.5,0.99,4750,10450.0,5700.0,190
2024-03-16,16,5,11,3,2024,Summer,None,FMCG,Toothpaste Colgate,55,75,36.36,0,146,100,3,1.1,0.9,8030,10950.0,2920.0,146
2024-03-16,16,5,11,3,2024,Summer,None,FMCG,Shampoo Head&Shoulders,85,115,35.29,15,269,80,4,1.7,0.88,3740,4301.0,561.0,44
2024-03-16,16,5,11,3,2024,Summer,None,Stationery,Eraser Pack,12,20,66.67,0,197,150,2,0.24,0.96,924,1540.0,616.0,77
2024-03-16,16,5,11,3,2024,Summer,None,Agriculture,Fertilizer NPK 1kg,125,168,34.4,0,117,25,6,2.5,0.77,14750,19824.0,5074.0,118
2024-03-16,16,5,11,3,2024,Summer,None,Electronics,USB Cable,45,89,97.78,0,142,50,4,0.9,0.93,2970,5874.0,2904.0,66
2024-03-17,17,6,11,3,2024,Summer,Holi,Stationery,Pen Blue Pack 10,25,40,60.0,15,398,200,2,0.5,0.97,1625,2210.0,585.0,65
2024-03-17,17,6,11,3,2024,Summer,Holi,Agriculture,Pesticide 500ml,180,245,36.11,10,51,20,5,3.6,0.83,10260,12568.5,2308.5,57
2024-03-17,17,6,11,3,2024,Summer,Holi,FMCG,Cold Drink 500ml,20,30,50.0,10,286,200,2,0.4,0.97,7320,9882.0,2562.0,366
2024-03-17,17,6,11,3,2024,Summer,Holi,Grocery,Salt 1kg,18,25,38.89,15,419,120,2,0.36,0.85,1404,1657.5,253.5,78
2024-03-17,17,6,11,3,2024,Summer,Holi,FMCG,Soap Lux,22,32,45.45,0,567,150,3,0.44,0.74,2904,4224.0,1320.0,132
2024-03-17,17,6,11,3,2024,Summer,Holi,Fashion,Kurta Women,280,549,96.07,10,79,20,5,5.6,0.88,22680,40022.1,17342.1,81
2024-03-18,18,0,12,3,2024,Summer,Holi,Fashion,Kurta Women,280,549,96.07,0,84,20,5,5.6,0.85,12600,24705.0,12105.0,45
2024-03-18,18,0,12,3,2024,Summer,Holi,Grocery,Salt 1kg,18,25,38.89,20,423,120,2,0.36,0.86,828,920.0,92.0,46
2024-03-18,18,0,12,3,2024,Summer,Holi,Agriculture,Fertilizer NPK 1kg,125,168,34.4,5,125,25,6,2.5,0.8,15500,19790.4,4290.4,124
2024-03-18,18,0,12,3,2024,Summer,Holi,Electronics,Earphones Boat,350,599,71.14,0,81,20,5,7.0,0.73,41650,71281.0,29631.0,119
2024-03-18,18,0,12,3,2024,Summer,Holi,FMCG,Detergent Surf 1kg,95,125,31.58,0,353,90,3,1.9,0.9,24700,32500.0,7800.0,260
2024-03-18,18,0,12,3,2024,Summer,Holi,FMCG,Diya Set 12pc,48,95,97.92,5,449,150,2,0.96,0.8,1392,2617.25,1225.25,29
2024-03-19,19,1,12,3,2024,Summer,Holi,Grocery,Dal Toor 1kg,95,118,24.21,0,273,80,3,1.9,0.92,4940,6136.0,1196.0,52
2024-03-19,19,1,12,3,2024,Summer,Holi,Stationery,Notebook A4,28,45,60.71,10,384,100,3,0.56,0.88,1176,1701.0,525.0,42
2024-03-19,19,1,12,3,2024,Summer,Holi,Electronics,Smartphone Redmi,8500,10999,29.4,0,13,10,7,170.0,0.75,765000,989910.0,224910.0,90
2024-03-19,19,1,12,3,2024,Summer,Holi,Grocery,Sugar 1kg,42,54,28.57,0,489,100,2,0.84,0.82,6258,8046.0,1788.0,149
2024-03-19,19,1,12,3,2024,Summer,Holi,Electronics,LED Bulb 9W,48,85,77.08,0,194,40,4,0.96,0.93,912,1615.0,703.0,19
2024-03-19,19,1,12,3,2024,Summer,Holi,Electronics,Fan Table,850,1350,58.82,20,37,8,7,17.0,0.9,45900,58320.0,12420.0,54
2024-03-19,19,1,12,3,2024,Summer,Holi,Fashion,Saree Cotton,350,699,99.71,0,61,15,7,7.0,0.74,12600,25164.0,12564.0,36
2024-03-20,20,2,12,3,2024,Summer,None,FMCG,Kite + String,25,55,120.0,15,446,300,2,0.5,0.71,875,1636.25,761.25,35
2024-03-20,20,2,12,3,2024,Summer,None,FMCG,Diya Set 12pc,48,95,97.92,20,400,150,2,0.96,0.78,3120,4940.0,1820.0,65
2024-03-20,20,2,12,3,2024,Summer,None,FMCG,Biscuit Parle-G,8,12,50.0,0,363,200,2,0.16,0.74,240,360.0,120.0,30
2024-03-20,20,2,12,3,2024,Summer,None,Grocery,Sunflower Oil 1L,120,148,23.33,0,200,60,4,2.4,0.75,6360,7844.0,1484.0,53
2024-03-20,20,2,12,3,2024,Summer,None,Grocery,Salt 1kg,18,25,38.89,20,514,120,2,0.36,0.87,810,900.0,90.0,45
2024-03-20,20,2,12,3,2024,Summer,None,Electronics,Power Bank 10000mAh,650,1099,69.08,0,58,15,6,13.0,0.82,16900,28574.0,11674.0,26
2024-03-21,21,3,12,3,2024,Summer,Holi,Stationery,Eraser Pack,12,20,66.67,15,539,150,2,0.24,0.88,1092,1547.0,455.0,91
2024-03-21,21,3,12,3,2024,Summer,Holi,Electronics,USB Cable,45,89,97.78,5,128,50,4,0.9,0.89,6345,11921.55,5576.55,141
2024-03-21,21,3,12,3,2024,Summer,Holi,Grocery,Basmati Rice 5kg,180,225,25.0,5,60,50,3,3.6,0.71,23400,27787.5,4387.5,130
2024-03-22,22,4,12,3,2024,Summer,None,Grocery,Dal Toor 1kg,95,118,24.21,0,203,80,3,1.9,0.78,7600,9440.0,1840.0,80
2024-03-22,22,4,12,3,2024,Summer,None,Electronics,LED Bulb 9W,48,85,77.08,0,176,40,4,0.96,0.95,672,1190.0,518.0,14
2024-03-22,22,4,12,3,2024,Summer,None,FMCG,Biscuit Parle-G,8,12,50.0,0,669,200,2,0.16,0.7,216,324.0,108.0,27
2024-03-22,22,4,12,3,2024,Summer,None,Grocery,Sugar 1kg,42,54,28.57,0,499,100,2,0.84,0.88,1050,1350.0,300.0,25
2024-03-23,23,5,12,3,2024,Summer,Holi,Electronics,LED Bulb 9W,48,85,77.08,5,141,40,4,0.96,0.8,6768,11385.75,4617.75,141
2024-03-23,23,5,12,3,2024,Summer,Holi,Fashion,Jeans Men,450,899,99.78,5,78,20,6,9.0,0.83,31950,60637.55,28687.55,71
2024-03-23,23,5,12,3,2024,Summer,Holi,Stationery,Notebook A4,28,45,60.71,0,475,100,3,0.56,0.91,1428,2295.0,867.0,51
2024-03-24,24,6,12,3,2024,Summer,None,FMCG,Diya Set 12pc,48,95,97.92,0,259,150,2,0.96,0.74,8064,15960.0,7896.0,168
2024-03-24,24,6,12,3,2024,Summer,None,Stationery,Eraser Pack,12,20,66.67,5,601,150,2,0.24,0.86,1116,1767.0,651.0,93
2024-03-24,24,6,12,3,2024,Summer,None,FMCG,Toothpaste Colgate,55,75,36.36,0,206,100,3,1.1,0.84,6105,8325.0,2220.0,111
2024-03-25,25,0,13,3,2024,Summer,None,FMCG,Kite + String,25,55,120.0,0,745,300,2,0.5,0.91,1225,2695.0,1470.0,49
2024-03-25,25,0,13,3,2024,Summer,None,FMCG,Crackers Box,200,380,90.0,15,135,100,3,4.0,0.79,15200,24548.0,9348.0,76
2024-03-25,25,0,13,3,2024,Summer,None,FMCG,Gulal Colors Set,35,75,114.29,20,380,200,2,0.7,0.85,3850,6600.0,2750.0,110
2024-03-25,25,0,13,3,2024,Summer,None,Fashion,T-Shirt Men,180,349,93.89,0,117,30,5,3.6,0.73,6300,12215.0,5915.0,35
2024-03-26,26,1,13,3,2024,Summer,Holi,Stationery,Eraser Pack,12,20,66.67,0,581,150,2,0.24,0.76,912,1520.0,608.0,76
2024-03-26,26,1,13,3,2024,Summer,Holi,FMCG,Biscuit Parle-G,8,12,50.0,5,456,200,2,0.16,0.82,1832,2610.6,778.6,229
2024-03-26,26,1,13,3,2024,Summer,Holi,Fashion,Jeans Men,450,899,99.78,5,69,20,6,9.0,0.88,108900,206680.1,97780.1,242
2024-03-26,26,1,13,3,2024,Summer,Holi,FMCG,Cold Drink 500ml,20,30,50.0,5,764,200,2,0.4,0.87,740,1054.5,314.5,37
2024-03-26,26,1,13,3,2024,Summer,Holi,Grocery,Eid Special Dates,280,450,60.71,0,178,40,4,5.6,0.77,2520,4050.0,1530.0,9
2024-03-26,26,1,13,3,2024,Summer,Holi,Stationery,Notebook A4,28,45,60.71,15,216,100,3,0.56,0.91,1036,1415.25,379.25,37
2024-03-27,27,2,13,3,2024,Summer,None,Fashion,Shoes Casual,350,699,99.71,0,46,25,6,7.0,0.84,9800,19572.0,9772.0,28
2024-03-27,27,2,13,3,2024,Summer,None,Grocery,Eid Special Dates,280,450,60.71,0,97,40,4,5.6,0.78,21000,33750.0,12750.0,75
2024-03-27,27,2,13,3,2024,Summer,None,FMCG,Cold Drink 500ml,20,30,50.0,0,960,200,2,0.4,0.98,1080,1620.0,540.0,54
2024-03-28,28,3,13,3,2024,Summer,None,Grocery,Christmas Cake,180,320,77.78,0,91,30,2,3.6,0.74,16380,29120.0,12740.0,91
2024-03-28,28,3,13,3,2024,Summer,None,FMCG,Biscuit Parle-G,8,12,50.0,0,316,200,2,0.16,0.83,80,120.0,40.0,10
2024-03-28,28,3,13,3,2024,Summer,None,Grocery,Dal Toor 1kg,95,118,24.21,10,325,80,3,1.9,0.8,8455,9451.8,996.8,89
2024-03-28,28,3,13,3,2024,Summer,None,FMCG,Kite + String,25,55,120.0,5,1366,300,2,0.5,0.9,3250,6792.5,3542.5,130
2024-03-29,29,4,13,3,2024,Summer,Holi,FMCG,Gulal Colors Set,35,75,114.29,0,619,200,2,0.7,0.94,8680,18600.0,9920.0,248
2024-03-29,29,4,13,3,2024,Summer,Holi,Fashion,T-Shirt Men,180,349,93.89,5,42,30,5,3.6,0.87,25200,46417.0,21217.0,140
2024-03-29,29,4,13,3,2024,Summer,Holi,Agriculture,Fertilizer NPK 1kg,125,168,34.4,10,26,25,6,2.5,0.83,3750,4536.0,786.0,30
2024-03-29,29,4,13,3,2024,Summer,Holi,Grocery,Sugar 1kg,42,54,28.57,5,450,100,2,0.84,0.96,3192,3898.8,706.8,76
2024-03-29,29,4,13,3,2024,Summer,Holi,Fashion,Saree Cotton,350,699,99.71,20,30,15,7,7.0,0.73,42000,67104.0,25104.0,120
2024-03-29,29,4,13,3,2024,Summer,Holi,FMCG,Detergent Surf 1kg,95,125,31.58,5,176,90,3,1.9,0.88,19570,24462.5,4892.5,206
2024-03-29,29,4,13,3,2024,Summer,Holi,FMCG,Shampoo Head&Shoulders,85,115,35.29,0,171,80,4,1.7,0.92,25330,34270.0,8940.0,298
2024-03-30,30,5,13,3,2024,Summer,None,FMCG,Biscuit Parle-G,8,12,50.0,10,416,200,2,0.16,0.86,208,280.8,72.8,26
2024-03-30,30,5,13,3,2024,Summer,None,Stationery,Eraser Pack,12,20,66.67,15,749,150,2,0.24,0.72,1524,2159.0,635.0,127
2024-03-30,30,5,13,3,2024,Summer,None,Fashion,Jeans Men,450,899,99.78,10,34,20,6,9.0,0.93,22500,40455.0,17955.0,50
2024-03-30,30,5,13,3,2024,Summer,None,Grocery,Eid Special Dates,280,450,60.71,15,149,40,4,5.6,1.0,3080,4207.5,1127.5,11
2024-03-30,30,5,13,3,2024,Summer,None,Electronics,Earphones Boat,350,599,71.14,0,41,20,5,7.0,0.73,23800,40732.0,16932.0,68
2024-03-30,30,5,13,3,2024,Summer,None,FMCG,Puja Thali Set,125,245,96.0,0,80,50,3,2.5,0.94,7875,15435.0,7560.0,63
2024-03-31,31,6,13,3,2024,Summer,Holi,Grocery,Salt 1kg,18,25,38.89,20,428,120,2,0.36,0.95,486,540.0,54.0,27
2024-03-31,31,6,13,3,2024,Summer,Holi,FMCG,Gulal Colors Set,35,75,114.29,0,815,200,2,0.7,0.81,19250,41250.0,22000.0,550
2024-03-31,31,6,13,3,2024,Summer,Holi,FMCG,Crackers Box,200,380,90.0,0,270,100,3,4.0,0.85,82800,157320.0,74520.0,414
2024-03-31,31,6,13,3,2024,Summer,Holi,Fashion,Kurta Women,280,549,96.07,0,50,20,5,5.6,0.9,68040,133407.0,65367.0,243
2024-04-01,1,0,14,4,2024,Summer,Ram Navami,FMCG,Dandiya Sticks,40,85,112.5,20,478,200,2,0.8,0.72,3920,6664.0,2744.0,98
2024-04-01,1,0,14,4,2024,Summer,Ram Navami,FMCG,Soap Lux,22,32,45.45,10,218,150,3,0.44,0.89,1386,1814.4,428.4,63
2024-04-01,1,0,14,4,2024,Summer,Ram Navami,FMCG,Toothpaste Colgate,55,75,36.36,20,315,100,3,1.1,0.97,5610,6120.0,510.0,102
2024-04-01,1,0,14,4,2024,Summer,Ram Navami,FMCG,Gulal Colors Set,35,75,114.29,0,615,200,2,0.7,0.94,2555,5475.0,2920.0,73
2024-04-01,1,0,14,4,2024,Summer,Ram Navami,Electronics,Fan Table,850,1350,58.82,0,24,8,7,17.0,0.81,136850,217350.0,80500.0,161
2024-04-01,1,0,14,4,2024,Summer,Ram Navami,Electronics,Earphones Boat,350,599,71.14,0,91,20,5,7.0,0.78,26600,45524.0,18924.0,76
2024-04-01,1,0,14,4,2024,Summer,Ram Navami,Grocery,Christmas Cake,180,320,77.78,0,57,30,2,3.6,0.93,5940,10560.0,4620.0,33
2024-04-02,2,1,14,4,2024,Summer,None,Electronics,Power Bank 10000mAh,650,1099,69.08,5,65,15,6,13.0,0.87,43550,69951.35,26401.35,67
2024-04-02,2,1,14,4,2024,Summer,None,Grocery,Basmati Rice 5kg,180,225,25.0,5,236,50,3,3.6,0.71,6120,7267.5,1147.5,34
2024-04-02,2,1,14,4,2024,Summer,None,FMCG,Gulal Colors Set,35,75,114.29,15,671,200,2,0.7,0.85,1750,3187.5,1437.5,50
2024-04-02,2,1,14,4,2024,Summer,None,Stationery,Pencil Box,35,55,57.14,20,127,80,3,0.7,0.83,1085,1364.0,279.0,31
2024-04-02,2,1,14,4,2024,Summer,None,FMCG,Crackers Box,200,380,90.0,10,205,100,3,4.0,0.76,3600,6156.0,2556.0,18
2024-04-02,2,1,14,4,2024,Summer,None,Fashion,Kurta Women,280,549,96.07,10,74,20,5,5.6,0.84,22120,39033.9,16913.9,79
2024-04-02,2,1,14,4,2024,Summer,None,Grocery,Sunflower Oil 1L,120,148,23.33,5,228,60,4,2.4,0.77,3360,3936.8,576.8,28
2024-04-03,3,2,14,4,2024,Summer,None,Grocery,Basmati Rice 5kg,180,225,25.0,15,207,50,3,3.6,0.86,8820,9371.25,551.25,49
2024-04-03,3,2,14,4,2024,Summer,None,FMCG,Cold Drink 500ml,20,30,50.0,20,262,200,2,0.4,0.82,1320,1584.0,264.0,66
2024-04-03,3,2,14,4,2024,Summer,None,Fashion,Jeans Men,450,899,99.78,0,75,20,6,9.0,0.79,18900,37758.0,18858.0,42
2024-04-03,3,2,14,4,2024,Summer,None,FMCG,Shampoo Head&Shoulders,85,115,35.29,0,131,80,4,1.7,0.89,2890,3910.0,1020.0,34
2024-04-03,3,2,14,4,2024,Summer,None,FMCG,Detergent Surf 1kg,95,125,31.58,0,241,90,3,1.9,0.93,6270,8250.0,1980.0,66
2024-04-04,4,3,14,4,2024,Summer,Ram Navami,Electronics,Fan Table,850,1350,58.82,5,13,8,7,17.0,0.74,102850,155182.5,52332.5,121
2024-04-04,4,3,14,4,2024,Summer,Ram Navami,FMCG,Toothpaste Colgate,55,75,36.36,15,133,100,3,1.1,0.99,9075,10518.75,1443.75,165
2024-04-04,4,3,14,4,2024,Summer,Ram Navami,Grocery,Wheat Flour 10kg,320,385,20.31,5,187,40,3,6.4,0.79,21440,24505.25,3065.25,67
2024-04-04,4,3,14,4,2024,Summer,Ram Navami,FMCG,Detergent Surf 1kg,95,125,31.58,0,407,90,3,1.9,0.86,14725,19375.0,4650.0,155
2024-04-04,4,3,14,4,2024,Summer,Ram Navami,Grocery,Christmas Cake,180,320,77.78,15,89,30,2,3.6,0.71,5580,8432.0,2852.0,31
2024-04-04,4,3,14,4,2024,Summer,Ram Navami,Electronics,Power Bank 10000mAh,650,1099,69.08,0,35,15,6,13.0,1.0,29900,50554.0,20654.0,46
2024-04-04,4,3,14,4,2024,Summer,Ram Navami,Stationery,Notebook A4,28,45,60.71,15,191,100,3,0.56,0.82,532,726.75,194.75,19
2024-04-05,5,4,14,4,2024,Summer,None,Grocery,Salt 1kg,18,25,38.89,0,415,120,2,0.36,0.88,918,1275.0,357.0,51
2024-04-05,5,4,14,4,2024,Summer,None,Grocery,Wheat Flour 10kg,320,385,20.31,0,84,40,3,6.4,0.77,4480,5390.0,910.0,14
2024-04-05,5,4,14,4,2024,Summer,None,Electronics,Smartphone Redmi,8500,10999,29.4,5,37,10,7,170.0,0.88,705500,867271.15,161771.15,83
2024-04-06,6,5,14,4,2024,Summer,None,Grocery,Eid Special Dates,280,450,60.71,10,56,40,4,5.6,0.89,16800,24300.0,7500.0,60
2024-04-06,6,5,14,4,2024,Summer,None,Fashion,Shoes Casual,350,699,99.71,10,27,25,6,7.0,0.95,18900,33971.4,15071.4,54
2024-04-06,6,5,14,4,2024,Summer,None,Electronics,USB Cable,45,89,97.78,20,128,50,4,0.9,0.74,3555,5624.8,2069.8,79
2024-04-06,6,5,14,4,2024,Summer,None,FMCG,Kite + String,25,55,120.0,15,1075,300,2,0.5,0.83,1225,2290.75,1065.75,49
2024-04-07,7,6,14,4,2024,Summer,Ram Navami,FMCG,Diya Set 12pc,48,95,97.92,15,385,150,2,0.96,0.99,10944,18411.0,7467.0,228
2024-04-07,7,6,14,4,2024,Summer,Ram Navami,Electronics,Smartphone Redmi,8500,10999,29.4,0,16,10,7,170.0,0.98,765000,989910.0,224910.0,90
2024-04-07,7,6,14,4,2024,Summer,Ram Navami,Electronics,Fan Table,850,1350,58.82,15,24,8,7,17.0,0.92,171700,231795.0,60095.0,202
2024-04-07,7,6,14,4,2024,Summer,Ram Navami,Stationery,Eraser Pack,12,20,66.67,10,520,150,2,0.24,0.94,1680,2520.0,840.0,140
2024-04-08,8,0,15,4,2024,Summer,None,Fashion,T-Shirt Men,180,349,93.89,10,73,30,5,3.6,0.71,5580,9737.1,4157.1,31
2024-04-08,8,0,15,4,2024,Summer,None,Electronics,Power Bank 10000mAh,650,1099,69.08,0,68,15,6,13.0,0.71,30550,51653.0,21103.0,47
2024-04-08,8,0,15,4,2024,Summer,None,FMCG,Dandiya Sticks,40,85,112.5,20,977,200,2,0.8,0.96,2920,4964.0,2044.0,73
2024-04-08,8,0,15,4,2024,Summer,None,FMCG,Cold Drink 500ml,20,30,50.0,15,582,200,2,0.4,0.88,2760,3519.0,759.0,138
2024-04-09,9,1,15,4,2024,Summer,Eid,Grocery,Basmati Rice 5kg,180,225,25.0,20,61,50,3,3.6,0.78,37260,37260.0,0.0,207
2024-04-09,9,1,15,4,2024,Summer,Eid,Electronics,Power Bank 10000mAh,650,1099,69.08,0,15,15,6,13.0,0.71,119600,202216.0,82616.0,184
2024-04-09,9,1,15,4,2024,Summer,Eid,Agriculture,Wheat Seeds 1kg,65,95,46.15,10,47,30,5,1.3,0.87,6760,8892.0,2132.0,104
2024-04-09,9,1,15,4,2024,Summer,Eid,FMCG,Dandiya Sticks,40,85,112.5,5,491,200,2,0.8,0.92,5200,10497.5,5297.5,130
2024-04-09,9,1,15,4,2024,Summer,Eid,Fashion,T-Shirt Men,180,349,93.89,10,96,30,5,3.6,0.99,41760,72871.2,31111.2,232
2024-04-09,9,1,15,4,2024,Summer,Eid,Fashion,Saree Cotton,350,699,99.71,5,54,15,7,7.0,0.87,87500,166012.5,78512.5,250
2024-04-10,10,2,15,4,2024,Summer,None,Grocery,Wheat Flour 10kg,320,385,20.31,0,61,40,3,6.4,0.72,19200,23100.0,3900.0,60
2024-04-10,10,2,15,4,2024,Summer,None,Stationery,Eraser Pack,12,20,66.67,20,416,150,2,0.24,0.94,492,656.0,164.0,41
2024-04-10,10,2,15,4,2024,Summer,None,FMCG,Biscuit Parle-G,8,12,50.0,15,601,200,2,0.16,0.84,720,918.0,198.0,90
2024-04-10,10,2,15,4,2024,Summer,None,Agriculture,Pesticide 500ml,180,245,36.11,0,61,20,5,3.6,0.7,14040,19110.0,5070.0,78
2024-04-10,10,2,15,4,2024,Summer,None,Grocery,Christmas Cake,180,320,77.78,0,94,30,2,3.6,0.83,3780,6720.0,2940.0,21
2024-04-10,10,2,15,4,2024,Summer,None,Agriculture,Wheat Seeds 1kg,65,95,46.15,0,114,30,5,1.3,0.79,1430,2090.0,660.0,22
2024-04-11,11,3,15,4,2024,Summer,Ram Navami,FMCG,Cold Drink 500ml,20,30,50.0,0,1000,200,2,0.4,0.82,360,540.0,180.0,18
2024-04-11,11,3,15,4,2024,Summer,Ram Navami,Electronics,Earphones Boat,350,599,71.14,20,49,20,5,7.0,0.85,68950,94402.4,25452.4,197
2024-04-11,11,3,15,4,2024,Summer,Ram Navami,Fashion,T-Shirt Men,180,349,93.89,0,121,30,5,3.6,0.92,2880,5584.0,2704.0,16
2024-04-11,11,3,15,4,2024,Summer,Ram Navami,Grocery,Eid Special Dates,280,450,60.71,0,151,40,4,5.6,0.72,17640,28350.0,10710.0,63
2024-04-11,11,3,15,4,2024,Summer,Ram Navami,Stationery,Notebook A4,28,45,60.71,20,269,100,3,0.56,0.94,3416,4392.0,976.0,122
2024-04-11,11,3,15,4,2024,Summer,Ram Navami,Agriculture,Wheat Seeds 1kg,65,95,46.15,0,138,30,5,1.3,0.74,6435,9405.0,2970.0,99
2024-04-11,11,3,15,4,2024,Summer,Ram Navami,Fashion,Saree Cotton,350,699,99.71,0,70,15,7,7.0,0.91,24150,48231.0,24081.0,69
2024-04-12,12,4,15,4,2024,Summer,None,Agriculture,Wheat Seeds 1kg,65,95,46.15,20,66,30,5,1.3,0.87,3250,3800.0,550.0,50
2024-04-12,12,4,15,4,2024,Summer,None,FMCG,Cold Drink 500ml,20,30,50.0,20,253,200,2,0.4,0.9,2260,2712.0,452.0,113
2024-04-12,12,4,15,4,2024,Summer,None,Stationery,Pen Blue Pack 10,25,40,60.0,0,426,200,2,0.5,0.71,1325,2120.0,795.0,53
2024-04-12,12,4,15,4,2024,Summer,None,Fashion,Jeans Men,450,899,99.78,20,30,20,6,9.0,0.96,7200,11507.2,4307.2,16
2024-04-12,12,4,15,4,2024,Summer,None,FMCG,Diya Set 12pc,48,95,97.92,0,536,150,2,0.96,0.88,5184,10260.0,5076.0,108
2024-04-12,12,4,15,4,2024,Summer,None,Grocery,Salt 1kg,18,25,38.89,0,270,120,2,0.36,0.89,666,925.0,259.0,37
2024-04-13,13,5,15,4,2024,Summer,Eid,Stationery,Notebook A4,28,45,60.71,5,126,100,3,0.56,0.98,1876,2864.25,988.25,67
2024-04-13,13,5,15,4,2024,Summer,Eid,FMCG,Toothpaste Colgate,55,75,36.36,15,255,100,3,1.1,0.9,12980,15045.0,2065.0,236
2024-04-13,13,5,15,4,2024,Summer,Eid,FMCG,Puja Thali Set,125,245,96.0,0,249,50,3,2.5,0.88,20625,40425.0,19800.0,165
2024-04-13,13,5,15,4,2024,Summer,Eid,Agriculture,Pesticide 500ml,180,245,36.11,15,88,20,5,3.6,0.72,10440,12078.5,1638.5,58
2024-04-13,13,5,15,4,2024,Summer,Eid,Fashion,Shoes Casual,350,699,99.71,0,81,25,6,7.0,0.9,47250,94365.0,47115.0,135
2024-04-13,13,5,15,4,2024,Summer,Eid,Stationery,Pen Blue Pack 10,25,40,60.0,0,960,200,2,0.5,0.97,2700,4320.0,1620.0,108
2024-04-13,13,5,15,4,2024,Summer,Eid,FMCG,Gulal Colors Set,35,75,114.29,5,657,200,2,0.7,0.79,5915,12041.25,6126.25,169
2024-04-14,14,6,15,4,2024,Summer,None,Agriculture,Pesticide 500ml,180,245,36.11,5,25,20,5,3.6,0.85,20160,26068.0,5908.0,112
2024-04-14,14,6,15,4,2024,Summer,None,Agriculture,Wheat Seeds 1kg,65,95,46.15,10,63,30,5,1.3,0.94,8840,11628.0,2788.0,136
2024-04-14,14,6,15,4,2024,Summer,None,FMCG,Cold Drink 500ml,20,30,50.0,20,900,200,2,0.4,0.79,2440,2928.0,488.0,122
2024-04-14,14,6,15,4,2024,Summer,None,Stationery,Eraser Pack,12,20,66.67,0,492,150,2,0.24,0.74,840,1400.0,560.0,70
2024-04-14,14,6,15,4,2024,Summer,None,FMCG,Shampoo Head&Shoulders,85,115,35.29,0,315,80,4,1.7,0.94,5440,7360.0,1920.0,64
2024-04-15,15,0,16,4,2024,Summer,None,Electronics,Power Bank 10000mAh,650,1099,69.08,10,31,15,6,13.0,0.96,62400,94953.6,32553.6,96
2024-04-15,15,0,16,4,2024,Summer,None,FMCG,Gulal Colors Set,35,75,114.29,0,563,200,2,0.7,0.72,3885,8325.0,4440.0,111
2024-04-15,15,0,16,4,2024,Summer,None,Stationery,Pen Blue Pack 10,25,40,60.0,10,505,200,2,0.5,0.73,1650,2376.0,726.0,66
2024-04-16,16,1,16,4,2024,Summer,None,FMCG,Gulal Colors Set,35,75,114.29,0,956,200,2,0.7,0.71,5390,11550.0,6160.0,154
2024-04-16,16,1,16,4,2024,Summer,None,Electronics,Earphones Boat,350,599,71.14,5,84,20,5,7.0,0.75,28350,46093.05,17743.05,81
2024-04-16,16,1,16,4,2024,Summer,None,Grocery,Sugar 1kg,42,54,28.57,15,275,100,2,0.84,0.77,2856,3121.2,265.2,68
2024-04-16,16,1,16,4,2024,Summer,None,Grocery,Christmas Cake,180,320,77.78,20,84,30,2,3.6,0.81,13500,19200.0,5700.0,75
2024-04-16,16,1,16,4,2024,Summer,None,Grocery,Sunflower Oil 1L,120,148,23.33,0,281,60,4,2.4,0.9,5880,7252.0,1372.0,49
2024-04-17,17,2,16,4,2024,Summer,Eid,Agriculture,Wheat Seeds 1kg,65,95,46.15,0,134,30,5,1.3,0.79,1170,1710.0,540.0,18
2024-04-17,17,2,16,4,2024,Summer,Eid,Grocery,Sunflower Oil 1L,120,148,23.33,20,79,60,4,2.4,0.72,22920,22614.4,-305.6,191
2024-04-17,17,2,16,4,2024,Summer,Eid,Grocery,Basmati Rice 5kg,180,225,25.0,15,238,50,3,3.6,0.82,42300,44943.75,2643.75,235
2024-04-17,17,2,16,4,2024,Summer,Eid,Grocery,Eid Special Dates,280,450,60.71,0,66,40,4,5.6,0.9,11480,18450.0,6970.0,41
2024-04-17,17,2,16,4,2024,Summer,Eid,Electronics,LED Bulb 9W,48,85,77.08,0,154,40,4,0.96,0.94,7104,12580.0,5476.0,148
2024-04-17,17,2,16,4,2024,Summer,Eid,Agriculture,Pesticide 500ml,180,245,36.11,0,59,20,5,3.6,0.92,13500,18375.0,4875.0,75
2024-04-18,18,3,16,4,2024,Summer,None,Agriculture,Fertilizer NPK 1kg,125,168,34.4,0,118,25,6,2.5,0.88,7500,10080.0,2580.0,60
2024-04-18,18,3,16,4,2024,Summer,None,Agriculture,Wheat Seeds 1kg,65,95,46.15,5,48,30,5,1.3,0.91,4940,6859.0,1919.0,76
2024-04-18,18,3,16,4,2024,Summer,None,Grocery,Dal Toor 1kg,95,118,24.21,0,268,80,3,1.9,0.82,8075,10030.0,1955.0,85
2024-04-18,18,3,16,4,2024,Summer,None,FMCG,Diya Set 12pc,48,95,97.92,10,689,150,2,0.96,0.89,6336,11286.0,4950.0,132
2024-04-18,18,3,16,4,2024,Summer,None,Stationery,Eraser Pack,12,20,66.67,0,388,150,2,0.24,0.91,600,1000.0,400.0,50
2024-04-18,18,3,16,4,2024,Summer,None,FMCG,Kite + String,25,55,120.0,0,680,300,2,0.5,0.85,1250,2750.0,1500.0,50
2024-04-19,19,4,16,4,2024,Summer,None,Grocery,Wheat Flour 10kg,320,385,20.31,5,57,40,3,6.4,0.78,15040,17190.25,2150.25,47
2024-04-19,19,4,16,4,2024,Summer,None,Fashion,Saree Cotton,350,699,99.71,0,20,15,7,7.0,0.86,5600,11184.0,5584.0,16
2024-04-19,19,4,16,4,2024,Summer,None,Electronics,Fan Table,850,1350,58.82,5,27,8,7,17.0,0.84,11050,16672.5,5622.5,13
2024-04-19,19,4,16,4,2024,Summer,None,FMCG,Gulal Colors Set,35,75,114.29,0,292,200,2,0.7,0.78,1960,4200.0,2240.0,56
2024-04-19,19,4,16,4,2024,Summer,None,Electronics,Power Bank 10000mAh,650,1099,69.08,15,31,15,6,13.0,0.84,67600,97151.6,29551.6,104
2024-04-20,20,5,16,4,2024,Summer,Eid,FMCG,Shampoo Head&Shoulders,85,115,35.29,15,195,80,4,1.7,0.93,11645,13391.75,1746.75,137
2024-04-20,20,5,16,4,2024,Summer,Eid,Grocery,Basmati Rice 5kg,180,225,25.0,5,71,50,3,3.6,0.86,28980,34413.75,5433.75,161
2024-04-20,20,5,16,4,2024,Summer,Eid,Electronics,Smartphone Redmi,8500,10999,29.4,15,41,10,7,170.0,0.84,1479000,1626752.1,147752.1,174
2024-04-20,20,5,16,4,2024,Summer,Eid,Fashion,Saree Cotton,350,699,99.71,0,28,15,7,7.0,0.98,45850,91569.0,45719.0,131
2024-04-20,20,5,16,4,2024,Summer,Eid,Electronics,LED Bulb 9W,48,85,77.08,0,42,40,4,0.96,0.74,11184,19805.0,8621.0,233
2024-04-21,21,6,16,4,2024,Summer,Ram Navami,Stationery,Notebook A4,28,45,60.71,15,350,100,3,0.56,0.87,1652,2256.75,604.75,59
2024-04-21,21,6,16,4,2024,Summer,Ram Navami,Electronics,Smartphone Redmi,8500,10999,29.4,0,49,10,7,170.0,0.72,1385500,1792837.0,407337.0,163
2024-04-21,21,6,16,4,2024,Summer,Ram Navami,Electronics,Fan Table,850,1350,58.82,10,12,8,7,17.0,0.98,164050,234495.0,70445.0,193
2024-04-21,21,6,16,4,2024,Summer,Ram Navami,Stationery,Eraser Pack,12,20,66.67,10,681,150,2,0.24,0.95,1248,1872.0,624.0,104
2024-04-21,21,6,16,4,2024,Summer,Ram Navami,Fashion,Saree Cotton,350,699,99.71,20,37,15,7,7.0,0.93,15750,25164.0,9414.0,45
2024-04-21,21,6,16,4,2024,Summer,Ram Navami,Grocery,Dal Toor 1kg,95,118,24.21,0,129,80,3,1.9,0.88,8455,10502.0,2047.0,89
2024-04-21,21,6,16,4,2024,Summer,Ram Navami,Fashion,Shoes Casual,350,699,99.71,0,98,25,6,7.0,0.73,71400,142596.0,71196.0,204
2024-04-22,22,0,17,4,2024,Summer,Eid,Grocery,Sunflower Oil 1L,120,148,23.33,0,215,60,4,2.4,0.96,8280,10212.0,1932.0,69
2024-04-22,22,0,17,4,2024,Summer,Eid,Grocery,Sugar 1kg,42,54,28.57,10,223,100,2,0.84,0.99,9786,11323.8,1537.8,233
2024-04-22,22,0,17,4,2024,Summer,Eid,Electronics,Smartphone Redmi,8500,10999,29.4,20,16,10,7,170.0,0.75,255000,263976.0,8976.0,30
2024-04-22,22,0,17,4,2024,Summer,Eid,FMCG,Kite + String,25,55,120.0,10,695,300,2,0.5,0.79,3350,6633.0,3283.0,134
2024-04-22,22,0,17,4,2024,Summer,Eid,Grocery,Salt 1kg,18,25,38.89,0,165,120,2,0.36,0.76,2718,3775.0,1057.0,151
2024-04-22,22,0,17,4,2024,Summer,Eid,Electronics,LED Bulb 9W,48,85,77.08,0,131,40,4,0.96,0.81,6336,11220.0,4884.0,132
2024-04-22,22,0,17,4,2024,Summer,Eid,Stationery,Pen Blue Pack 10,25,40,60.0,20,528,200,2,0.5,0.77,375,480.0,105.0,15
2024-04-22,22,0,17,4,2024,Summer,Eid,FMCG,Biscuit Parle-G,8,12,50.0,0,503,200,2,0.16,0.7,368,552.0,184.0,46
2024-04-23,23,1,17,4,2024,Summer,None,FMCG,Kite + String,25,55,120.0,0,1133,300,2,0.5,0.92,1800,3960.0,2160.0,72
2024-04-23,23,1,17,4,2024,Summer,None,Grocery,Dal Toor 1kg,95,118,24.21,15,236,80,3,1.9,0.8,7600,8024.0,424.0,80
2024-04-23,23,1,17,4,2024,Summer,None,FMCG,Biscuit Parle-G,8,12,50.0,0,959,200,2,0.16,0.99,304,456.0,152.0,38
2024-04-23,23,1,17,4,2024,Summer,None,Grocery,Sugar 1kg,42,54,28.57,10,308,100,2,0.84,0.98,4242,4908.6,666.6,101
2024-04-23,23,1,17,4,2024,Summer,None,Stationery,Eraser Pack,12,20,66.67,20,206,150,2,0.24,0.83,504,672.0,168.0,42
2024-04-23,23,1,17,4,2024,Summer,None,Stationery,Notebook A4,28,45,60.71,15,475,100,3,0.56,0.94,560,765.0,205.0,20
2024-04-24,24,2,17,4,2024,Summer,None,Stationery,Eraser Pack,12,20,66.67,5,689,150,2,0.24,0.89,168,266.0,98.0,14
2024-04-24,24,2,17,4,2024,Summer,None,FMCG,Biscuit Parle-G,8,12,50.0,0,957,200,2,0.16,0.74,432,648.0,216.0,54
2024-04-24,24,2,17,4,2024,Summer,None,Stationery,Pen Blue Pack 10,25,40,60.0,10,715,200,2,0.5,0.98,625,900.0,275.0,25
2024-04-25,25,3,17,4,2024,Summer,Ram Navami,Grocery,Dal Toor 1kg,95,118,24.21,20,154,80,3,1.9,0.71,17100,16992.0,-108.0,180
2024-04-25,25,3,17,4,2024,Summer,Ram Navami,FMCG,Puja Thali Set,125,245,96.0,0,231,50,3,2.5,0.73,11750,23030.0,11280.0,94
2024-04-25,25,3,17,4,2024,Summer,Ram Navami,Fashion,Shoes Casual,350,699,99.71,0,54,25,6,7.0,0.74,3500,6990.0,3490.0,10
2024-04-25,25,3,17,4,2024,Summer,Ram Navami,Stationery,Pencil Box,35,55,57.14,20,147,80,3,0.7,0.87,2800,3520.0,720.0,80
2024-04-26,26,4,17,4,2024,Summer,None,Grocery,Sugar 1kg,42,54,28.57,15,236,100,2,0.84,0.87,4704,5140.8,436.8,112
2024-04-26,26,4,17,4,2024,Summer,None,Electronics,Smartphone Redmi,8500,10999,29.4,10,26,10,7,170.0,0.94,1020000,1187892.0,167892.0,120
2024-04-26,26,4,17,4,2024,Summer,None,FMCG,Detergent Surf 1kg,95,125,31.58,10,164,90,3,1.9,0.88,12350,14625.0,2275.0,130
2024-04-26,26,4,17,4,2024,Summer,None,FMCG,Toothpaste Colgate,55,75,36.36,0,467,100,3,1.1,0.94,3740,5100.0,1360.0,68
2024-04-26,26,4,17,4,2024,Summer,None,Grocery,Wheat Flour 10kg,320,385,20.31,0,45,40,3,6.4,0.91,38720,46585.0,7865.0,121
2024-04-26,26,4,17,4,2024,Summer,None,Grocery,Sunflower Oil 1L,120,148,23.33,0,266,60,4,2.4,0.81,12240,15096.0,2856.0,102
2024-04-27,27,5,17,4,2024,Summer,None,FMCG,Dandiya Sticks,40,85,112.5,0,469,200,2,0.8,0.84,4480,9520.0,5040.0,112
2024-04-27,27,5,17,4,2024,Summer,None,Grocery,Wheat Flour 10kg,320,385,20.31,20,195,40,3,6.4,0.99,37760,36344.0,-1416.0,118
2024-04-27,27,5,17,4,2024,Summer,None,FMCG,Cold Drink 500ml,20,30,50.0,0,285,200,2,0.4,0.89,2880,4320.0,1440.0,144
2024-04-27,27,5,17,4,2024,Summer,None,Electronics,LED Bulb 9W,48,85,77.08,15,151,40,4,0.96,0.82,8016,12065.75,4049.75,167
2024-04-27,27,5,17,4,2024,Summer,None,Grocery,Basmati Rice 5kg,180,225,25.0,15,74,50,3,3.6,0.97,11700,12431.25,731.25,65
2024-04-28,28,6,17,4,2024,Summer,None,Fashion,Shoes Casual,350,699,99.71,10,81,25,6,7.0,0.92,51800,93106.8,41306.8,148
2024-04-28,28,6,17,4,2024,Summer,None,Agriculture,Wheat Seeds 1kg,65,95,46.15,5,146,30,5,1.3,0.99,5590,7761.5,2171.5,86
2024-04-28,28,6,17,4,2024,Summer,None,FMCG,Shampoo Head&Shoulders,85,115,35.29,10,279,80,4,1.7,0.9,5525,6727.5,1202.5,65
2024-04-28,28,6,17,4,2024,Summer,None,Electronics,USB Cable,45,89,97.78,0,85,50,4,0.9,0.95,5805,11481.0,5676.0,129
2024-04-28,28,6,17,4,2024,Summer,None,FMCG,Diya Set 12pc,48,95,97.92,0,348,150,2,0.96,0.87,2064,4085.0,2021.0,43
2024-04-29,29,0,18,4,2024,Summer,Ram Navami,Electronics,Fan Table,850,1350,58.82,0,21,8,7,17.0,0.85,157250,249750.0,92500.0,185
2024-04-29,29,0,18,4,2024,Summer,Ram Navami,FMCG,Gulal Colors Set,35,75,114.29,0,938,200,2,0.7,0.92,3395,7275.0,3880.0,97
2024-04-29,29,0,18,4,2024,Summer,Ram Navami,Grocery,Christmas Cake,180,320,77.78,20,127,30,2,3.6,0.8,27900,39680.0,11780.0,155
2024-04-30,30,1,18,4,2024,Summer,None,FMCG,Dandiya Sticks,40,85,112.5,10,776,200,2,0.8,0.92,1240,2371.5,1131.5,31
2024-04-30,30,1,18,4,2024,Summer,None,FMCG,Detergent Surf 1kg,95,125,31.58,0,155,90,3,1.9,0.87,5130,6750.0,1620.0,54
2024-04-30,30,1,18,4,2024,Summer,None,Grocery,Eid Special Dates,280,450,60.71,10,144,40,4,5.6,0.84,24080,34830.0,10750.0,86
2024-04-30,30,1,18,4,2024,Summer,None,Fashion,T-Shirt Men,180,349,93.89,15,72,30,5,3.6,0.92,3240,5339.7,2099.7,18
2024-05-01,1,2,18,5,2024,Summer,Labour Day,Stationery,Pencil Box,35,55,57.14,20,291,80,3,0.7,0.95,3850,4840.0,990.0,110
2024-05-01,1,2,18,5,2024,Summer,Labour Day,FMCG,Puja Thali Set,125,245,96.0,0,88,50,3,2.5,0.88,14875,29155.0,14280.0,119
2024-05-01,1,2,18,5,2024,Summer,Labour Day,Grocery,Basmati Rice 5kg,180,225,25.0,0,219,50,3,3.6,0.86,18720,23400.0,4680.0,104
2024-05-01,1,2,18,5,2024,Summer,Labour Day,FMCG,Dandiya Sticks,40,85,112.5,0,368,200,2,0.8,0.92,2080,4420.0,2340.0,52
2024-05-02,2,3,18,5,2024,Summer,Labour Day,FMCG,Soap Lux,22,32,45.45,0,672,150,3,0.44,0.85,440,640.0,200.0,20
2024-05-02,2,3,18,5,2024,Summer,Labour Day,FMCG,Crackers Box,200,380,90.0,5,448,100,3,4.0,0.98,33200,59926.0,26726.0,166
2024-05-02,2,3,18,5,2024,Summer,Labour Day,Electronics,Earphones Boat,350,599,71.14,5,83,20,5,7.0,0.85,52850,85926.55,33076.55,151
2024-05-03,3,4,18,5,2024,Summer,None,Stationery,Pencil Box,35,55,57.14,20,155,80,3,0.7,0.72,3115,3916.0,801.0,89
2024-05-03,3,4,18,5,2024,Summer,None,Electronics,Fan Table,850,1350,58.82,0,38,8,7,17.0,0.8,34000,54000.0,20000.0,40
2024-05-03,3,4,18,5,2024,Summer,None,Fashion,Saree Cotton,350,699,99.71,0,25,15,7,7.0,0.98,23800,47532.0,23732.0,68
2024-05-03,3,4,18,5,2024,Summer,None,Electronics,USB Cable,45,89,97.78,15,231,50,4,0.9,0.84,4410,7413.7,3003.7,98
2024-05-03,3,4,18,5,2024,Summer,None,FMCG,Gulal Colors Set,35,75,114.29,0,265,200,2,0.7,0.91,1155,2475.0,1320.0,33
2024-05-03,3,4,18,5,2024,Summer,None,Grocery,Eid Special Dates,280,450,60.71,0,80,40,4,5.6,0.83,28840,46350.0,17510.0,103
2024-05-03,3,4,18,5,2024,Summer,None,FMCG,Diya Set 12pc,48,95,97.92,0,270,150,2,0.96,0.94,1872,3705.0,1833.0,39
2024-05-04,4,5,18,5,2024,Summer,None,FMCG,Puja Thali Set,125,245,96.0,0,249,50,3,2.5,0.89,4375,8575.0,4200.0,35
2024-05-04,4,5,18,5,2024,Summer,None,Agriculture,Wheat Seeds 1kg,65,95,46.15,0,86,30,5,1.3,0.86,2275,3325.0,1050.0,35
2024-05-04,4,5,18,5,2024,Summer,None,Electronics,LED Bulb 9W,48,85,77.08,5,42,40,4,0.96,0.97,4128,6944.5,2816.5,86
2024-05-04,4,5,18,5,2024,Summer,None,Fashion,Kurta Women,280,549,96.07,0,64,20,5,5.6,0.92,45920,90036.0,44116.0,164
2024-05-04,4,5,18,5,2024,Summer,None,Electronics,USB Cable,45,89,97.78,20,78,50,4,0.9,0.82,2160,3417.6,1257.6,48
2024-05-04,4,5,18,5,2024,Summer,None,Electronics,Fan Table,850,1350,58.82,0,28,8,7,17.0,0.87,12750,20250.0,7500.0,15
2024-05-04,4,5,18,5,2024,Summer,None,Stationery,Eraser Pack,12,20,66.67,15,437,150,2,0.24,0.74,372,527.0,155.0,31
2024-05-05,5,6,18,5,2024,Summer,None,Electronics,Fan Table,850,1350,58.82,0,24,8,7,17.0,0.83,144500,229500.0,85000.0,170
2024-05-05,5,6,18,5,2024,Summer,None,FMCG,Kite + String,25,55,120.0,15,1336,300,2,0.5,0.99,725,1355.75,630.75,29
2024-05-05,5,6,18,5,2024,Summer,None,Electronics,Earphones Boat,350,599,71.14,0,45,20,5,7.0,0.97,4900,8386.0,3486.0,14
2024-05-05,5,6,18,5,2024,Summer,None,Fashion,Jeans Men,450,899,99.78,10,62,20,6,9.0,0.96,3150,5663.7,2513.7,7
2024-05-05,5,6,18,5,2024,Summer,None,FMCG,Detergent Surf 1kg,95,125,31.58,5,359,90,3,1.9,0.82,7125,8906.25,1781.25,75
2024-05-05,5,6,18,5,2024,Summer,None,FMCG,Gulal Colors Set,35,75,114.29,15,554,200,2,0.7,0.8,4445,8096.25,3651.25,127
2024-05-05,5,6,18,5,2024,Summer,None,Stationery,Pen Blue Pack 10,25,40,60.0,0,553,200,2,0.5,0.77,2500,4000.0,1500.0,100
2024-05-06,6,0,19,5,2024,Summer,None,Stationery,Pencil Box,35,55,57.14,15,150,80,3,0.7,0.85,2380,3179.0,799.0,68
2024-05-06,6,0,19,5,2024,Summer,None,Grocery,Sunflower Oil 1L,120,148,23.33,0,161,60,4,2.4,0.98,9240,11396.0,2156.0,77
2024-05-06,6,0,19,5,2024,Summer,None,Agriculture,Wheat Seeds 1kg,65,95,46.15,20,38,30,5,1.3,0.73,4030,4712.0,682.0,62
2024-05-06,6,0,19,5,2024,Summer,None,FMCG,Puja Thali Set,125,245,96.0,15,139,50,3,2.5,0.82,5625,9371.25,3746.25,45
2024-05-07,7,1,19,5,2024,Summer,None,FMCG,Toothpaste Colgate,55,75,36.36,20,110,100,3,1.1,0.9,3080,3360.0,280.0,56
2024-05-07,7,1,19,5,2024,Summer,None,FMCG,Diya Set 12pc,48,95,97.92,5,712,150,2,0.96,0.74,4608,8664.0,4056.0,96
2024-05-07,7,1,19,5,2024,Summer,None,Stationery,Notebook A4,28,45,60.71,0,233,100,3,0.56,0.77,1512,2430.0,918.0,54
2024-05-07,7,1,19,5,2024,Summer,None,Grocery,Sunflower Oil 1L,120,148,23.33,10,224,60,4,2.4,0.85,9000,9990.0,990.0,75
2024-05-07,7,1,19,5,2024,Summer,None,FMCG,Detergent Surf 1kg,95,125,31.58,0,377,90,3,1.9,0.88,7220,9500.0,2280.0,76
2024-05-07,7,1,19,5,2024,Summer,None,Grocery,Dal Toor 1kg,95,118,24.21,20,255,80,3,1.9,0.72,1045,1038.4,-6.6,11
2024-05-07,7,1,19,5,2024,Summer,None,Fashion,Shoes Casual,350,699,99.71,20,37,25,6,7.0,0.88,40250,64308.0,24058.0,115
2024-05-07,7,1,19,5,2024,Summer,None,FMCG,Crackers Box,200,380,90.0,0,289,100,3,4.0,0.72,21600,41040.0,19440.0,108
2024-05-08,8,2,19,5,2024,Summer,None,Electronics,Fan Table,850,1350,58.82,5,19,8,7,17.0,0.86,57800,87210.0,29410.0,68
2024-05-08,8,2,19,5,2024,Summer,None,Fashion,Jeans Men,450,899,99.78,15,63,20,6,9.0,0.9,22500,38207.5,15707.5,50
2024-05-08,8,2,19,5,2024,Summer,None,FMCG,Biscuit Parle-G,8,12,50.0,5,644,200,2,0.16,0.81,528,752.4,224.4,66
2024-05-08,8,2,19,5,2024,Summer,None,Grocery,Eid Special Dates,280,450,60.71,20,49,40,4,5.6,0.84,19600,25200.0,5600.0,70
2024-05-08,8,2,19,5,2024,Summer,None,FMCG,Detergent Surf 1kg,95,125,31.58,0,403,90,3,1.9,0.78,6935,9125.0,2190.0,73
2024-05-08,8,2,19,5,2024,Summer,None,Fashion,Kurta Women,280,549,96.07,20,59,20,5,5.6,0.77,12600,19764.0,7164.0,45
2024-05-08,8,2,19,5,2024,Summer,None,Electronics,Earphones Boat,350,599,71.14,20,83,20,5,7.0,0.73,34300,46961.6,12661.6,98
2024-05-09,9,3,19,5,2024,Summer,None,Grocery,Eid Special Dates,280,450,60.71,15,68,40,4,5.6,0.8,13440,18360.0,4920.0,48
2024-05-09,9,3,19,5,2024,Summer,None,FMCG,Cold Drink 500ml,20,30,50.0,0,327,200,2,0.4,1.0,2740,4110.0,1370.0,137
2024-05-09,9,3,19,5,2024,Summer,None,FMCG,Toothpaste Colgate,55,75,36.36,15,270,100,3,1.1,0.89,880,1020.0,140.0,16
2024-05-09,9,3,19,5,2024,Summer,None,Grocery,Basmati Rice 5kg,180,225,25.0,5,246,50,3,3.6,0.79,19440,23085.0,3645.0,108
2024-05-09,9,3,19,5,2024,Summer,None,Electronics,Fan Table,850,1350,58.82,0,24,8,7,17.0,0.91,51000,81000.0,30000.0,60
2024-05-09,9,3,19,5,2024,Summer,None,Grocery,Sugar 1kg,42,54,28.57,5,287,100,2,0.84,0.84,1176,1436.4,260.4,28
2024-05-10,10,4,19,5,2024,Summer,None,Fashion,Kurta Women,280,549,96.07,15,70,20,5,5.6,0.86,24080,40131.9,16051.9,86
2024-05-10,10,4,19,5,2024,Summer,None,Stationery,Pencil Box,35,55,57.14,15,397,80,3,0.7,0.9,2065,2758.25,693.25,59
2024-05-10,10,4,19,5,2024,Summer,None,Electronics,LED Bulb 9W,48,85,77.08,0,177,40,4,0.96,0.81,3120,5525.0,2405.0,65
2024-05-10,10,4,19,5,2024,Summer,None,FMCG,Biscuit Parle-G,8,12,50.0,0,993,200,2,0.16,0.9,696,1044.0,348.0,87
2024-05-10,10,4,19,5,2024,Summer,None,Electronics,USB Cable,45,89,97.78,10,203,50,4,0.9,0.79,3555,6327.9,2772.9,79
2024-05-10,10,4,19,5,2024,Summer,None,Grocery,Christmas Cake,180,320,77.78,5,42,30,2,3.6,0.9,16200,27360.0,11160.0,90
2024-05-10,10,4,19,5,2024,Summer,None,Electronics,Fan Table,850,1350,58.82,5,24,8,7,17.0,0.89,11900,17955.0,6055.0,14
2024-05-11,11,5,19,5,2024,Summer,Labour Day,Electronics,Smartphone Redmi,8500,10999,29.4,5,39,10,7,170.0,0.73,93500,114939.55,21439.55,11
2024-05-11,11,5,19,5,2024,Summer,Labour Day,Stationery,Eraser Pack,12,20,66.67,5,605,150,2,0.24,0.89,2076,3287.0,1211.0,173
2024-05-11,11,5,19,5,2024,Summer,Labour Day,FMCG,Detergent Surf 1kg,95,125,31.58,0,342,90,3,1.9,0.9,10355,13625.0,3270.0,109
2024-05-12,12,6,19,5,2024,Summer,None,Electronics,Power Bank 10000mAh,650,1099,69.08,10,33,15,6,13.0,0.81,43550,66269.7,22719.7,67
2024-05-12,12,6,19,5,2024,Summer,None,Fashion,T-Shirt Men,180,349,93.89,20,89,30,5,3.6,0.71,14760,22894.4,8134.4,82
2024-05-12,12,6,19,5,2024,Summer,None,FMCG,Soap Lux,22,32,45.45,10,229,150,3,0.44,0.84,2244,2937.6,693.6,102
2024-05-12,12,6,19,5,2024,Summer,None,Fashion,Shoes Casual,350,699,99.71,10,30,25,6,7.0,0.93,5250,9436.5,4186.5,15
2024-05-12,12,6,19,5,2024,Summer,None,Fashion,Saree Cotton,350,699,99.71,5,44,15,7,7.0,0.87,6650,12616.95,5966.95,19
2024-05-12,12,6,19,5,2024,Summer,None,Fashion,Kurta Women,280,549,96.07,15,82,20,5,5.6,0.86,20160,33598.8,13438.8,72
2024-05-13,13,0,20,5,2024,Summer,None,FMCG,Cold Drink 500ml,20,30,50.0,0,442,200,2,0.4,0.9,3080,4620.0,1540.0,154
2024-05-13,13,0,20,5,2024,Summer,None,FMCG,Crackers Box,200,380,90.0,20,305,100,3,4.0,0.9,26600,40432.0,13832.0,133
2024-05-13,13,0,20,5,2024,Summer,None,Fashion,Saree Cotton,350,699,99.71,0,46,15,7,7.0,1.0,16100,32154.0,16054.0,46
2024-05-13,13,0,20,5,2024,Summer,None,FMCG,Dandiya Sticks,40,85,112.5,0,808,200,2,0.8,0.82,3760,7990.0,4230.0,94
2024-05-13,13,0,20,5,2024,Summer,None,FMCG,Biscuit Parle-G,8,12,50.0,5,336,200,2,0.16,0.86,160,228.0,68.0,20
2024-05-13,13,0,20,5,2024,Summer,None,Stationery,Pencil Box,35,55,57.14,0,189,80,3,0.7,0.77,1750,2750.0,1000.0,50
2024-05-13,13,0,20,5,2024,Summer,None,FMCG,Toothpaste Colgate,55,75,36.36,0,413,100,3,1.1,0.7,1870,2550.0,680.0,34
2024-05-13,13,0,20,5,2024,Summer,None,Grocery,Sugar 1kg,42,54,28.57,0,339,100,2,0.84,0.97,1470,1890.0,420.0,35
2024-05-14,14,1,20,5,2024,Summer,None,FMCG,Detergent Surf 1kg,95,125,31.58,15,380,90,3,1.9,0.82,5035,5631.25,596.25,53
2024-05-14,14,1,20,5,2024,Summer,None,FMCG,Puja Thali Set,125,245,96.0,20,118,50,3,2.5,0.86,3250,5096.0,1846.0,26
2024-05-14,14,1,20,5,2024,Summer,None,Fashion,Jeans Men,450,899,99.78,0,21,20,6,9.0,0.9,20250,40455.0,20205.0,45
2024-05-14,14,1,20,5,2024,Summer,None,Electronics,USB Cable,45,89,97.78,5,248,50,4,0.9,0.89,2745,5157.55,2412.55,61
2024-05-14,14,1,20,5,2024,Summer,None,Agriculture,Wheat Seeds 1kg,65,95,46.15,20,49,30,5,1.3,0.82,4680,5472.0,792.0,72
2024-05-15,15,2,20,5,2024,Summer,Labour Day,FMCG,Diya Set 12pc,48,95,97.92,0,420,150,2,0.96,0.91,7296,14440.0,7144.0,152
2024-05-15,15,2,20,5,2024,Summer,Labour Day,FMCG,Cold Drink 500ml,20,30,50.0,20,718,200,2,0.4,0.96,460,552.0,92.0,23
2024-05-15,15,2,20,5,2024,Summer,Labour Day,Fashion,Kurta Women,280,549,96.07,10,94,20,5,5.6,0.73,24360,42986.7,18626.7,87
2024-05-16,16,3,20,5,2024,Summer,Labour Day,FMCG,Shampoo Head&Shoulders,85,115,35.29,0,122,80,4,1.7,0.98,4930,6670.0,1740.0,58
2024-05-16,16,3,20,5,2024,Summer,Labour Day,Electronics,Smartphone Redmi,8500,10999,29.4,10,44,10,7,170.0,0.87,1232500,1435369.5,202869.5,145
2024-05-16,16,3,20,5,2024,Summer,Labour Day,FMCG,Detergent Surf 1kg,95,125,31.58,0,246,90,3,1.9,0.82,10450,13750.0,3300.0,110
2024-05-16,16,3,20,5,2024,Summer,Labour Day,Grocery,Salt 1kg,18,25,38.89,20,255,120,2,0.36,0.89,1422,1580.0,158.0,79
2024-05-17,17,4,20,5,2024,Summer,Labour Day,Stationery,Pen Blue Pack 10,25,40,60.0,0,991,200,2,0.5,0.91,2050,3280.0,1230.0,82
2024-05-17,17,4,20,5,2024,Summer,Labour Day,Stationery,Notebook A4,28,45,60.71,15,295,100,3,0.56,0.98,1540,2103.75,563.75,55
2024-05-17,17,4,20,5,2024,Summer,Labour Day,Electronics,Earphones Boat,350,599,71.14,0,63,20,5,7.0,0.74,56350,96439.0,40089.0,161
2024-05-17,17,4,20,5,2024,Summer,Labour Day,FMCG,Cold Drink 500ml,20,30,50.0,0,858,200,2,0.4,0.86,3520,5280.0,1760.0,176
2024-05-17,17,4,20,5,2024,Summer,Labour Day,Fashion,Saree Cotton,350,699,99.71,15,68,15,7,7.0,0.99,41300,70109.7,28809.7,118
2024-05-18,18,5,20,5,2024,Summer,None,FMCG,Diya Set 12pc,48,95,97.92,0,319,150,2,0.96,0.71,6144,12160.0,6016.0,128
2024-05-18,18,5,20,5,2024,Summer,None,Fashion,Jeans Men,450,899,99.78,0,51,20,6,9.0,0.76,32850,65627.0,32777.0,73
2024-05-18,18,5,20,5,2024,Summer,None,FMCG,Biscuit Parle-G,8,12,50.0,0,299,200,2,0.16,0.73,832,1248.0,416.0,104
2024-05-18,18,5,20,5,2024,Summer,None,FMCG,Kite + String,25,55,120.0,5,1097,300,2,0.5,0.7,1475,3082.75,1607.75,59
2024-05-18,18,5,20,5,2024,Summer,None,Electronics,Fan Table,850,1350,58.82,0,33,8,7,17.0,0.98,124100,197100.0,73000.0,146
2024-05-18,18,5,20,5,2024,Summer,None,FMCG,Puja Thali Set,125,245,96.0,5,196,50,3,2.5,0.7,15250,28395.5,13145.5,122
2024-05-19,19,6,20,5,2024,Summer,None,FMCG,Gulal Colors Set,35,75,114.29,15,631,200,2,0.7,0.9,3290,5992.5,2702.5,94
2024-05-19,19,6,20,5,2024,Summer,None,Agriculture,Wheat Seeds 1kg,65,95,46.15,15,53,30,5,1.3,0.99,1560,1938.0,378.0,24
2024-05-19,19,6,20,5,2024,Summer,None,FMCG,Biscuit Parle-G,8,12,50.0,5,758,200,2,0.16,0.86,336,478.8,142.8,42
2024-05-19,19,6,20,5,2024,Summer,None,FMCG,Kite + String,25,55,120.0,10,913,300,2,0.5,0.73,3175,6286.5,3111.5,127
2024-05-19,19,6,20,5,2024,Summer,None,Electronics,Power Bank 10000mAh,650,1099,69.08,5,29,15,6,13.0,0.97,94900,152431.3,57531.3,146
2024-05-19,19,6,20,5,2024,Summer,None,Agriculture,Pesticide 500ml,180,245,36.11,15,58,20,5,3.6,0.9,7740,8954.75,1214.75,43
2024-05-20,20,0,21,5,2024,Summer,None,Electronics,LED Bulb 9W,48,85,77.08,0,45,40,4,0.96,0.82,2736,4845.0,2109.0,57
2024-05-20,20,0,21,5,2024,Summer,None,Agriculture,Wheat Seeds 1kg,65,95,46.15,0,102,30,5,1.3,0.92,5655,8265.0,2610.0,87
2024-05-20,20,0,21,5,2024,Summer,None,Agriculture,Pesticide 500ml,180,245,36.11,20,49,20,5,3.6,0.79,17640,19208.0,1568.0,98
2024-05-20,20,0,21,5,2024,Summer,None,Fashion,Jeans Men,450,899,99.78,0,96,20,6,9.0,0.84,12600,25172.0,12572.0,28
2024-05-20,20,0,21,5,2024,Summer,None,FMCG,Biscuit Parle-G,8,12,50.0,0,955,200,2,0.16,0.96,280,420.0,140.0,35
2024-05-20,20,0,21,5,2024,Summer,None,Grocery,Dal Toor 1kg,95,118,24.21,10,283,80,3,1.9,1.0,9310,10407.6,1097.6,98
2024-05-21,21,1,21,5,2024,Summer,None,Grocery,Christmas Cake,180,320,77.78,0,148,30,2,3.6,0.77,6300,11200.0,4900.0,35
2024-05-21,21,1,21,5,2024,Summer,None,Stationery,Pencil Box,35,55,57.14,10,283,80,3,0.7,0.92,1540,2178.0,638.0,44
2024-05-21,21,1,21,5,2024,Summer,None,Agriculture,Pesticide 500ml,180,245,36.11,20,71,20,5,3.6,0.94,14040,15288.0,1248.0,78
2024-05-21,21,1,21,5,2024,Summer,None,Grocery,Basmati Rice 5kg,180,225,25.0,0,196,50,3,3.6,0.92,6120,7650.0,1530.0,34
2024-05-22,22,2,21,5,2024,Summer,None,FMCG,Dandiya Sticks,40,85,112.5,0,817,200,2,0.8,0.77,3880,8245.0,4365.0,97
2024-05-22,22,2,21,5,2024,Summer,None,FMCG,Diya Set 12pc,48,95,97.92,20,665,150,2,0.96,0.95,4416,6992.0,2576.0,92
2024-05-22,22,2,21,5,2024,Summer,None,Agriculture,Pesticide 500ml,180,245,36.11,0,66,20,5,3.6,0.83,2880,3920.0,1040.0,16
2024-05-23,23,3,21,5,2024,Summer,None,Grocery,Dal Toor 1kg,95,118,24.21,0,163,80,3,1.9,0.92,5890,7316.0,1426.0,62
2024-05-23,23,3,21,5,2024,Summer,None,FMCG,Gulal Colors Set,35,75,114.29,0,983,200,2,0.7,0.73,770,1650.0,880.0,22
2024-05-23,23,3,21,5,2024,Summer,None,Fashion,Jeans Men,450,899,99.78,10,93,20,6,9.0,0.8,19350,34791.3,15441.3,43
2024-05-23,23,3,21,5,2024,Summer,None,Fashion,Kurta Women,280,549,96.07,10,92,20,5,5.6,0.87,33320,58797.9,25477.9,119
2024-05-23,23,3,21,5,2024,Summer,None,Electronics,LED Bulb 9W,48,85,77.08,0,194,40,4,0.96,0.84,4176,7395.0,3219.0,87
2024-05-24,24,4,21,5,2024,Summer,None,FMCG,Puja Thali Set,125,245,96.0,10,196,50,3,2.5,0.79,15625,27562.5,11937.5,125
2024-05-24,24,4,21,5,2024,Summer,None,Grocery,Dal Toor 1kg,95,118,24.21,0,275,80,3,1.9,0.7,6080,7552.0,1472.0,64
2024-05-24,24,4,21,5,2024,Summer,None,Grocery,Christmas Cake,180,320,77.78,0,133,30,2,3.6,0.77,13320,23680.0,10360.0,74
2024-05-24,24,4,21,5,2024,Summer,None,Grocery,Wheat Flour 10kg,320,385,20.31,15,93,40,3,6.4,0.77,37760,38615.5,855.5,118
2024-05-24,24,4,21,5,2024,Summer,None,Electronics,Smartphone Redmi,8500,10999,29.4,5,45,10,7,170.0,0.84,943500,1159844.55,216344.55,111
2024-05-24,24,4,21,5,2024,Summer,None,Grocery,Sunflower Oil 1L,120,148,23.33,20,281,60,4,2.4,0.9,9960,9827.2,-132.8,83
2024-05-25,25,5,21,5,2024,Summer,Labour Day,Grocery,Basmati Rice 5kg,180,225,25.0,15,166,50,3,3.6,0.9,37800,40162.5,2362.5,210
2024-05-25,25,5,21,5,2024,Summer,Labour Day,Stationery,Pen Blue Pack 10,25,40,60.0,15,854,200,2,0.5,0.93,1725,2346.0,621.0,69
2024-05-25,25,5,21,5,2024,Summer,Labour Day,Electronics,Fan Table,850,1350,58.82,20,22,8,7,17.0,0.75,61200,77760.0,16560.0,72
2024-05-26,26,6,21,5,2024,Summer,None,Stationery,Eraser Pack,12,20,66.67,0,696,150,2,0.24,0.96,1212,2020.0,808.0,101
2024-05-26,26,6,21,5,2024,Summer,None,Agriculture,Fertilizer NPK 1kg,125,168,34.4,10,81,25,6,2.5,0.92,10500,12700.8,2200.8,84
2024-05-26,26,6,21,5,2024,Summer,None,Fashion,Kurta Women,280,549,96.07,0,64,20,5,5.6,0.82,9520,18666.0,9146.0,34
2024-05-26,26,6,21,5,2024,Summer,None,FMCG,Puja Thali Set,125,245,96.0,20,91,50,3,2.5,0.85,15375,24108.0,8733.0,123
2024-05-26,26,6,21,5,2024,Summer,None,Electronics,LED Bulb 9W,48,85,77.08,5,132,40,4,0.96,0.95,9216,15504.0,6288.0,192
2024-05-26,26,6,21,5,2024,Summer,None,FMCG,Dandiya Sticks,40,85,112.5,15,623,200,2,0.8,0.95,4360,7875.25,3515.25,109
2024-05-26,26,6,21,5,2024,Summer,None,FMCG,Soap Lux,22,32,45.45,0,739,150,3,0.44,0.84,726,1056.0,330.0,33
2024-05-27,27,0,22,5,2024,Summer,None,Agriculture,Fertilizer NPK 1kg,125,168,34.4,0,83,25,6,2.5,0.75,12375,16632.0,4257.0,99
2024-05-27,27,0,22,5,2024,Summer,None,Stationery,Notebook A4,28,45,60.71,5,359,100,3,0.56,0.8,2212,3377.25,1165.25,79
2024-05-27,27,0,22,5,2024,Summer,None,Fashion,T-Shirt Men,180,349,93.89,15,104,30,5,3.6,0.7,2160,3559.8,1399.8,12
2024-05-27,27,0,22,5,2024,Summer,None,Fashion,Shoes Casual,350,699,99.71,10,73,25,6,7.0,0.86,21700,39004.2,17304.2,62
2024-05-27,27,0,22,5,2024,Summer,None,Stationery,Eraser Pack,12,20,66.67,0,594,150,2,0.24,0.81,648,1080.0,432.0,54
2024-05-28,28,1,22,5,2024,Summer,None,FMCG,Cold Drink 500ml,20,30,50.0,5,653,200,2,0.4,0.96,320,456.0,136.0,16
2024-05-28,28,1,22,5,2024,Summer,None,Stationery,Eraser Pack,12,20,66.67,5,629,150,2,0.24,0.71,876,1387.0,511.0,73
2024-05-28,28,1,22,5,2024,Summer,None,Grocery,Salt 1kg,18,25,38.89,15,577,120,2,0.36,0.95,864,1020.0,156.0,48
2024-05-28,28,1,22,5,2024,Summer,None,Electronics,Earphones Boat,350,599,71.14,0,79,20,5,7.0,0.88,26600,45524.0,18924.0,76
2024-05-28,28,1,22,5,2024,Summer,None,FMCG,Crackers Box,200,380,90.0,15,143,100,3,4.0,0.72,17400,28101.0,10701.0,87
2024-05-28,28,1,22,5,2024,Summer,None,FMCG,Shampoo Head&Shoulders,85,115,35.29,5,143,80,4,1.7,0.74,6120,7866.0,1746.0,72
2024-05-28,28,1,22,5,2024,Summer,None,Grocery,Eid Special Dates,280,450,60.71,10,48,40,4,5.6,0.82,21280,30780.0,9500.0,76
2024-05-29,29,2,22,5,2024,Summer,None,FMCG,Detergent Surf 1kg,95,125,31.58,0,219,90,3,1.9,0.78,15485,20375.0,4890.0,163
2024-05-29,29,2,22,5,2024,Summer,None,Fashion,T-Shirt Men,180,349,93.89,0,143,30,5,3.6,0.71,15660,30363.0,14703.0,87
2024-05-29,29,2,22,5,2024,Summer,None,Electronics,Smartphone Redmi,8500,10999,29.4,20,26,10,7,170.0,0.91,748000,774329.6,26329.6,88
2024-05-29,29,2,22,5,2024,Summer,None,Grocery,Christmas Cake,180,320,77.78,15,74,30,2,3.6,0.9,1260,1904.0,644.0,7
2024-05-29,29,2,22,5,2024,Summer,None,Electronics,USB Cable,45,89,97.78,0,150,50,4,0.9,0.8,3420,6764.0,3344.0,76
2024-05-29,29,2,22,5,2024,Summer,None,FMCG,Dandiya Sticks,40,85,112.5,0,717,200,2,0.8,0.8,2560,5440.0,2880.0,64
2024-05-29,29,2,22,5,2024,Summer,None,Electronics,Power Bank 10000mAh,650,1099,69.08,5,39,15,6,13.0,0.96,9100,14616.7,5516.7,14
2024-05-29,29,2,22,5,2024,Summer,None,Grocery,Wheat Flour 10kg,320,385,20.31,0,182,40,3,6.4,0.8,17920,21560.0,3640.0,56
2024-05-30,30,3,22,5,2024,Summer,Labour Day,FMCG,Gulal Colors Set,35,75,114.29,0,206,200,2,0.7,0.8,1680,3600.0,1920.0,48
2024-05-30,30,3,22,5,2024,Summer,Labour Day,Fashion,Kurta Women,280,549,96.07,5,58,20,5,5.6,0.99,29400,54762.75,25362.75,105
2024-05-30,30,3,22,5,2024,Summer,Labour Day,Electronics,Power Bank 10000mAh,650,1099,69.08,0,45,15,6,13.0,0.87,66300,112098.0,45798.0,102
2024-05-30,30,3,22,5,2024,Summer,Labour Day,FMCG,Biscuit Parle-G,8,12,50.0,5,657,200,2,0.16,0.86,1264,1801.2,537.2,158
2024-05-30,30,3,22,5,2024,Summer,Labour Day,FMCG,Soap Lux,22,32,45.45,0,283,150,3,0.44,0.75,1034,1504.0,470.0,47
2024-05-30,30,3,22,5,2024,Summer,Labour Day,Grocery,Basmati Rice 5kg,180,225,25.0,0,58,50,3,3.6,0.97,5220,6525.0,1305.0,29
2024-05-30,30,3,22,5,2024,Summer,Labour Day,Electronics,LED Bulb 9W,48,85,77.08,0,146,40,4,0.96,0.98,4368,7735.0,3367.0,91
2024-05-31,31,4,22,5,2024,Summer,None,Grocery,Eid Special Dates,280,450,60.71,10,59,40,4,5.6,0.78,25200,36450.0,11250.0,90
2024-05-31,31,4,22,5,2024,Summer,None,FMCG,Shampoo Head&Shoulders,85,115,35.29,0,289,80,4,1.7,0.75,6630,8970.0,2340.0,78
2024-05-31,31,4,22,5,2024,Summer,None,FMCG,Kite + String,25,55,120.0,20,1482,300,2,0.5,0.82,800,1408.0,608.0,32
2024-05-31,31,4,22,5,2024,Summer,None,FMCG,Gulal Colors Set,35,75,114.29,0,440,200,2,0.7,0.76,1120,2400.0,1280.0,32
2024-05-31,31,4,22,5,2024,Summer,None,FMCG,Crackers Box,200,380,90.0,0,103,100,3,4.0,0.84,26200,49780.0,23580.0,131
2024-05-31,31,4,22,5,2024,Summer,None,FMCG,Dandiya Sticks,40,85,112.5,0,242,200,2,0.8,0.75,2640,5610.0,2970.0,66
2024-05-31,31,4,22,5,2024,Summer,None,FMCG,Detergent Surf 1kg,95,125,31.58,5,130,90,3,1.9,0.75,6745,8431.25,1686.25,71
2024-06-01,1,5,22,6,2024,Rainy,None,FMCG,Toothpaste Colgate,55,75,36.36,5,239,100,3,1.1,0.72,5005,6483.75,1478.75,91
2024-06-01,1,5,22,6,2024,Rainy,None,FMCG,Detergent Surf 1kg,95,125,31.58,0,160,90,3,1.9,0.9,13395,17625.0,4230.0,141
2024-06-01,1,5,22,6,2024,Rainy,None,Grocery,Basmati Rice 5kg,180,225,25.0,15,118,50,3,3.6,0.82,4320,4590.0,270.0,24
2024-06-02,2,6,22,6,2024,Rainy,None,Agriculture,Pesticide 500ml,180,245,36.11,5,55,20,5,3.6,0.75,28980,37472.75,8492.75,161
2024-06-02,2,6,22,6,2024,Rainy,None,Fashion,Saree Cotton,350,699,99.71,0,40,15,7,7.0,0.72,18200,36348.0,18148.0,52
2024-06-02,2,6,22,6,2024,Rainy,None,Grocery,Wheat Flour 10kg,320,385,20.31,10,178,40,3,6.4,0.98,31680,34303.5,2623.5,99
2024-06-02,2,6,22,6,2024,Rainy,None,FMCG,Biscuit Parle-G,8,12,50.0,20,786,200,2,0.16,0.99,400,480.0,80.0,50
2024-06-03,3,0,23,6,2024,Rainy,None,FMCG,Puja Thali Set,125,245,96.0,0,202,50,3,2.5,0.75,6625,12985.0,6360.0,53
2024-06-03,3,0,23,6,2024,Rainy,None,FMCG,Toothpaste Colgate,55,75,36.36,0,237,100,3,1.1,0.92,4565,6225.0,1660.0,83
2024-06-03,3,0,23,6,2024,Rainy,None,Electronics,Power Bank 10000mAh,650,1099,69.08,10,21,15,6,13.0,0.89,39650,60335.1,20685.1,61
2024-06-03,3,0,23,6,2024,Rainy,None,Electronics,Earphones Boat,350,599,71.14,5,25,20,5,7.0,0.92,1750,2845.25,1095.25,5
2024-06-03,3,0,23,6,2024,Rainy,None,Stationery,Pencil Box,35,55,57.14,10,327,80,3,0.7,0.9,2905,4108.5,1203.5,83
2024-06-03,3,0,23,6,2024,Rainy,None,Grocery,Basmati Rice 5kg,180,225,25.0,0,196,50,3,3.6,0.74,6120,7650.0,1530.0,34
2024-06-03,3,0,23,6,2024,Rainy,None,Agriculture,Wheat Seeds 1kg,65,95,46.15,0,122,30,5,1.3,0.92,6890,10070.0,3180.0,106
2024-06-04,4,1,23,6,2024,Rainy,None,Electronics,Power Bank 10000mAh,650,1099,69.08,0,69,15,6,13.0,0.76,33150,56049.0,22899.0,51
2024-06-04,4,1,23,6,2024,Rainy,None,Electronics,USB Cable,45,89,97.78,5,91,50,4,0.9,0.88,4230,7947.7,3717.7,94
2024-06-04,4,1,23,6,2024,Rainy,None,FMCG,Toothpaste Colgate,55,75,36.36,0,423,100,3,1.1,0.97,4015,5475.0,1460.0,73
2024-06-04,4,1,23,6,2024,Rainy,None,Grocery,Eid Special Dates,280,450,60.71,0,94,40,4,5.6,0.94,7840,12600.0,4760.0,28
2024-06-05,5,2,23,6,2024,Rainy,None,Agriculture,Fertilizer NPK 1kg,125,168,34.4,0,64,25,6,2.5,0.97,4500,6048.0,1548.0,36
2024-06-05,5,2,23,6,2024,Rainy,None,Grocery,Dal Toor 1kg,95,118,24.21,0,201,80,3,1.9,0.87,14060,17464.0,3404.0,148
2024-06-05,5,2,23,6,2024,Rainy,None,Fashion,T-Shirt Men,180,349,93.89,0,106,30,5,3.6,0.72,8640,16752.0,8112.0,48
2024-06-05,5,2,23,6,2024,Rainy,None,FMCG,Detergent Surf 1kg,95,125,31.58,10,181,90,3,1.9,0.79,5320,6300.0,980.0,56
2024-06-05,5,2,23,6,2024,Rainy,None,Grocery,Wheat Flour 10kg,320,385,20.31,10,100,40,3,6.4,0.93,39360,42619.5,3259.5,123
2024-06-05,5,2,23,6,2024,Rainy,None,Agriculture,Pesticide 500ml,180,245,36.11,15,79,20,5,3.6,0.84,18900,21866.25,2966.25,105
2024-06-05,5,2,23,6,2024,Rainy,None,Fashion,Kurta Women,280,549,96.07,20,59,20,5,5.6,0.76,10080,15811.2,5731.2,36
2024-06-05,5,2,23,6,2024,Rainy,None,Stationery,Eraser Pack,12,20,66.67,0,623,150,2,0.24,0.86,744,1240.0,496.0,62
2024-06-06,6,3,23,6,2024,Rainy,None,Stationery,Pen Blue Pack 10,25,40,60.0,5,730,200,2,0.5,0.96,1350,2052.0,702.0,54
2024-06-06,6,3,23,6,2024,Rainy,None,Stationery,Notebook A4,28,45,60.71,15,414,100,3,0.56,0.97,420,573.75,153.75,15
2024-06-06,6,3,23,6,2024,Rainy,None,FMCG,Gulal Colors Set,35,75,114.29,0,746,200,2,0.7,0.89,1575,3375.0,1800.0,45
2024-06-06,6,3,23,6,2024,Rainy,None,FMCG,Soap Lux,22,32,45.45,15,632,150,3,0.44,0.87,1166,1441.6,275.6,53
2024-06-07,7,4,23,6,2024,Rainy,None,Grocery,Sugar 1kg,42,54,28.57,0,312,100,2,0.84,0.74,4284,5508.0,1224.0,102
2024-06-07,7,4,23,6,2024,Rainy,None,Grocery,Wheat Flour 10kg,320,385,20.31,0,75,40,3,6.4,0.74,29440,35420.0,5980.0,92
2024-06-07,7,4,23,6,2024,Rainy,None,Grocery,Christmas Cake,180,320,77.78,0,58,30,2,3.6,0.82,8640,15360.0,6720.0,48
2024-06-07,7,4,23,6,2024,Rainy,None,Fashion,T-Shirt Men,180,349,93.89,10,127,30,5,3.6,0.73,5220,9108.9,3888.9,29
2024-06-07,7,4,23,6,2024,Rainy,None,Grocery,Basmati Rice 5kg,180,225,25.0,0,223,50,3,3.6,0.8,4320,5400.0,1080.0,24
2024-06-07,7,4,23,6,2024,Rainy,None,Grocery,Salt 1kg,18,25,38.89,5,483,120,2,0.36,0.73,918,1211.25,293.25,51
2024-06-08,8,5,23,6,2024,Rainy,None,FMCG,Cold Drink 500ml,20,30,50.0,20,213,200,2,0.4,0.96,1780,2136.0,356.0,89
2024-06-08,8,5,23,6,2024,Rainy,None,Grocery,Christmas Cake,180,320,77.78,15,46,30,2,3.6,0.98,5220,7888.0,2668.0,29
2024-06-08,8,5,23,6,2024,Rainy,None,Stationery,Pencil Box,35,55,57.14,20,248,80,3,0.7,0.88,1820,2288.0,468.0,52
2024-06-08,8,5,23,6,2024,Rainy,None,Fashion,Jeans Men,450,899,99.78,15,59,20,6,9.0,0.75,22950,38971.65,16021.65,51
2024-06-08,8,5,23,6,2024,Rainy,None,Grocery,Salt 1kg,18,25,38.89,10,547,120,2,0.36,0.94,3132,3915.0,783.0,174
2024-06-08,8,5,23,6,2024,Rainy,None,Electronics,LED Bulb 9W,48,85,77.08,20,146,40,4,0.96,0.97,3792,5372.0,1580.0,79
2024-06-09,9,6,23,6,2024,Rainy,None,FMCG,Gulal Colors Set,35,75,114.29,20,676,200,2,0.7,0.92,1855,3180.0,1325.0,53
2024-06-09,9,6,23,6,2024,Rainy,None,Grocery,Dal Toor 1kg,95,118,24.21,0,101,80,3,1.9,0.92,11115,13806.0,2691.0,117
2024-06-09,9,6,23,6,2024,Rainy,None,Fashion,Shoes Casual,350,699,99.71,0,29,25,6,7.0,0.91,29400,58716.0,29316.0,84
2024-06-09,9,6,23,6,2024,Rainy,None,Electronics,Power Bank 10000mAh,650,1099,69.08,15,68,15,6,13.0,0.84,12350,17748.85,5398.85,19
2024-06-09,9,6,23,6,2024,Rainy,None,Grocery,Wheat Flour 10kg,320,385,20.31,0,155,40,3,6.4,0.85,29120,35035.0,5915.0,91
2024-06-09,9,6,23,6,2024,Rainy,None,FMCG,Detergent Surf 1kg,95,125,31.58,0,427,90,3,1.9,0.98,7885,10375.0,2490.0,83
2024-06-10,10,0,24,6,2024,Rainy,None,Fashion,T-Shirt Men,180,349,93.89,0,76,30,5,3.6,0.94,10980,21289.0,10309.0,61
2024-06-10,10,0,24,6,2024,Rainy,None,FMCG,Cold Drink 500ml,20,30,50.0,0,401,200,2,0.4,0.79,2080,3120.0,1040.0,104
2024-06-10,10,0,24,6,2024,Rainy,None,Electronics,Power Bank 10000mAh,650,1099,69.08,0,16,15,6,13.0,0.78,61750,104405.0,42655.0,95
2024-06-10,10,0,24,6,2024,Rainy,None,FMCG,Soap Lux,22,32,45.45,20,337,150,3,0.44,0.94,1144,1331.2,187.2,52
2024-06-10,10,0,24,6,2024,Rainy,None,Stationery,Pencil Box,35,55,57.14,15,320,80,3,0.7,0.87,2065,2758.25,693.25,59
2024-06-10,10,0,24,6,2024,Rainy,None,FMCG,Puja Thali Set,125,245,96.0,0,113,50,3,2.5,0.95,8625,16905.0,8280.0,69
2024-06-10,10,0,24,6,2024,Rainy,None,FMCG,Toothpaste Colgate,55,75,36.36,20,213,100,3,1.1,0.77,4840,5280.0,440.0,88
2024-06-10,10,0,24,6,2024,Rainy,None,Stationery,Notebook A4,28,45,60.71,5,227,100,3,0.56,0.89,1204,1838.25,634.25,43
2024-06-11,11,1,24,6,2024,Rainy,None,Electronics,Earphones Boat,350,599,71.14,0,22,20,5,7.0,0.89,33950,58103.0,24153.0,97
2024-06-11,11,1,24,6,2024,Rainy,None,Grocery,Sugar 1kg,42,54,28.57,10,334,100,2,0.84,0.75,3318,3839.4,521.4,79
2024-06-11,11,1,24,6,2024,Rainy,None,FMCG,Cold Drink 500ml,20,30,50.0,0,531,200,2,0.4,0.97,960,1440.0,480.0,48
2024-06-11,11,1,24,6,2024,Rainy,None,Electronics,USB Cable,45,89,97.78,5,83,50,4,0.9,0.8,495,930.05,435.05,11
2024-06-11,11,1,24,6,2024,Rainy,None,Agriculture,Wheat Seeds 1kg,65,95,46.15,20,41,30,5,1.3,0.81,780,912.0,132.0,12
2024-06-11,11,1,24,6,2024,Rainy,None,Fashion,Jeans Men,450,899,99.78,0,83,20,6,9.0,0.72,21600,43152.0,21552.0,48
2024-06-11,11,1,24,6,2024,Rainy,None,FMCG,Biscuit Parle-G,8,12,50.0,10,915,200,2,0.16,0.72,488,658.8,170.8,61
2024-06-11,11,1,24,6,2024,Rainy,None,FMCG,Crackers Box,200,380,90.0,0,451,100,3,4.0,0.9,8200,15580.0,7380.0,41
2024-06-12,12,2,24,6,2024,Rainy,None,Stationery,Pencil Box,35,55,57.14,0,147,80,3,0.7,0.8,2870,4510.0,1640.0,82
2024-06-12,12,2,24,6,2024,Rainy,None,Fashion,Jeans Men,450,899,99.78,10,86,20,6,9.0,0.72,4950,8900.1,3950.1,11
2024-06-12,12,2,24,6,2024,Rainy,None,Grocery,Salt 1kg,18,25,38.89,0,495,120,2,0.36,0.99,1260,1750.0,490.0,70
2024-06-12,12,2,24,6,2024,Rainy,None,Grocery,Dal Toor 1kg,95,118,24.21,0,194,80,3,1.9,0.92,1045,1298.0,253.0,11
2024-06-12,12,2,24,6,2024,Rainy,None,Grocery,Christmas Cake,180,320,77.78,0,38,30,2,3.6,0.88,13500,24000.0,10500.0,75
2024-06-13,13,3,24,6,2024,Rainy,None,FMCG,Soap Lux,22,32,45.45,5,327,150,3,0.44,0.99,2222,3070.4,848.4,101
2024-06-13,13,3,24,6,2024,Rainy,None,Fashion,Kurta Women,280,549,96.07,15,72,20,5,5.6,0.77,7280,12132.9,4852.9,26
2024-06-13,13,3,24,6,2024,Rainy,None,FMCG,Puja Thali Set,125,245,96.0,20,155,50,3,2.5,0.74,9500,14896.0,5396.0,76
2024-06-13,13,3,24,6,2024,Rainy,None,Fashion,Saree Cotton,350,699,99.71,20,70,15,7,7.0,0.86,5250,8388.0,3138.0,15
2024-06-13,13,3,24,6,2024,Rainy,None,Fashion,Shoes Casual,350,699,99.71,0,41,25,6,7.0,0.7,19600,39144.0,19544.0,56
2024-06-13,13,3,24,6,2024,Rainy,None,FMCG,Dandiya Sticks,40,85,112.5,20,274,200,2,0.8,0.79,280,476.0,196.0,7
2024-06-14,14,4,24,6,2024,Rainy,None,FMCG,Toothpaste Colgate,55,75,36.36,0,335,100,3,1.1,0.96,4950,6750.0,1800.0,90
2024-06-14,14,4,24,6,2024,Rainy,None,Grocery,Sugar 1kg,42,54,28.57,0,454,100,2,0.84,0.99,2268,2916.0,648.0,54
2024-06-14,14,4,24,6,2024,Rainy,None,Fashion,Saree Cotton,350,699,99.71,0,63,15,7,7.0,0.88,20300,40542.0,20242.0,58
2024-06-14,14,4,24,6,2024,Rainy,None,FMCG,Dandiya Sticks,40,85,112.5,0,491,200,2,0.8,0.93,480,1020.0,540.0,12
2024-06-14,14,4,24,6,2024,Rainy,None,Stationery,Pen Blue Pack 10,25,40,60.0,5,950,200,2,0.5,0.76,650,988.0,338.0,26
2024-06-15,15,5,24,6,2024,Rainy,None,FMCG,Puja Thali Set,125,245,96.0,10,150,50,3,2.5,0.9,6125,10804.5,4679.5,49
2024-06-15,15,5,24,6,2024,Rainy,None,FMCG,Diya Set 12pc,48,95,97.92,5,266,150,2,0.96,0.82,3456,6498.0,3042.0,72
2024-06-15,15,5,24,6,2024,Rainy,None,FMCG,Crackers Box,200,380,90.0,10,475,100,3,4.0,0.81,27600,47196.0,19596.0,138
2024-06-15,15,5,24,6,2024,Rainy,None,FMCG,Dandiya Sticks,40,85,112.5,10,810,200,2,0.8,0.71,4560,8721.0,4161.0,114
2024-06-16,16,6,24,6,2024,Rainy,None,Grocery,Sunflower Oil 1L,120,148,23.33,10,105,60,4,2.4,0.86,6360,7059.6,699.6,53
2024-06-16,16,6,24,6,2024,Rainy,None,Grocery,Christmas Cake,180,320,77.78,0,121,30,2,3.6,0.85,31680,56320.0,24640.0,176
2024-06-16,16,6,24,6,2024,Rainy,None,Stationery,Pen Blue Pack 10,25,40,60.0,20,767,200,2,0.5,0.73,225,288.0,63.0,9
2024-06-16,16,6,24,6,2024,Rainy,None,Fashion,Kurta Women,280,549,96.07,15,100,20,5,5.6,0.76,15400,25665.75,10265.75,55
2024-06-16,16,6,24,6,2024,Rainy,None,Stationery,Pencil Box,35,55,57.14,0,89,80,3,0.7,0.84,3045,4785.0,1740.0,87
2024-06-17,17,0,25,6,2024,Rainy,None,Grocery,Wheat Flour 10kg,320,385,20.31,10,173,40,3,6.4,0.93,40000,43312.5,3312.5,125
2024-06-17,17,0,25,6,2024,Rainy,None,FMCG,Kite + String,25,55,120.0,10,822,300,2,0.5,0.8,2750,5445.0,2695.0,110
2024-06-17,17,0,25,6,2024,Rainy,None,Electronics,USB Cable,45,89,97.78,0,168,50,4,0.9,0.97,3780,7476.0,3696.0,84
2024-06-17,17,0,25,6,2024,Rainy,None,Grocery,Sugar 1kg,42,54,28.57,0,388,100,2,0.84,0.71,3906,5022.0,1116.0,93
2024-06-18,18,1,25,6,2024,Rainy,None,Stationery,Pen Blue Pack 10,25,40,60.0,10,303,200,2,0.5,0.73,1825,2628.0,803.0,73
2024-06-18,18,1,25,6,2024,Rainy,None,FMCG,Crackers Box,200,380,90.0,0,279,100,3,4.0,0.9,14600,27740.0,13140.0,73
2024-06-18,18,1,25,6,2024,Rainy,None,FMCG,Diya Set 12pc,48,95,97.92,20,362,150,2,0.96,1.0,4128,6536.0,2408.0,86
2024-06-18,18,1,25,6,2024,Rainy,None,Stationery,Eraser Pack,12,20,66.67,0,599,150,2,0.24,0.76,264,440.0,176.0,22
2024-06-18,18,1,25,6,2024,Rainy,None,Agriculture,Fertilizer NPK 1kg,125,168,34.4,0,42,25,6,2.5,0.8,1500,2016.0,516.0,12
2024-06-18,18,1,25,6,2024,Rainy,None,Stationery,Notebook A4,28,45,60.71,20,488,100,3,0.56,0.94,1848,2376.0,528.0,66
2024-06-19,19,2,25,6,2024,Rainy,None,FMCG,Gulal Colors Set,35,75,114.29,5,806,200,2,0.7,0.93,3955,8051.25,4096.25,113
2024-06-19,19,2,25,6,2024,Rainy,None,Electronics,Power Bank 10000mAh,650,1099,69.08,20,33,15,6,13.0,0.86,40300,54510.4,14210.4,62
2024-06-19,19,2,25,6,2024,Rainy,None,Grocery,Wheat Flour 10kg,320,385,20.31,15,66,40,3,6.4,0.74,10560,10799.25,239.25,33
2024-06-19,19,2,25,6,2024,Rainy,None,Electronics,Smartphone Redmi,8500,10999,29.4,15,33,10,7,170.0,0.99,110500,121538.95,11038.95,13
2024-06-20,20,3,25,6,2024,Rainy,None,Fashion,Kurta Women,280,549,96.07,0,24,20,5,5.6,0.9,24080,47214.0,23134.0,86
2024-06-20,20,3,25,6,2024,Rainy,None,Fashion,Saree Cotton,350,699,99.71,10,51,15,7,7.0,0.95,31150,55989.9,24839.9,89
2024-06-20,20,3,25,6,2024,Rainy,None,Grocery,Wheat Flour 10kg,320,385,20.31,5,170,40,3,6.4,0.84,31360,35843.5,4483.5,98
2024-06-20,20,3,25,6,2024,Rainy,None,Grocery,Sugar 1kg,42,54,28.57,0,209,100,2,0.84,0.7,3234,4158.0,924.0,77
2024-06-20,20,3,25,6,2024,Rainy,None,Fashion,T-Shirt Men,180,349,93.89,20,58,30,5,3.6,0.93,6840,10609.6,3769.6,38
2024-06-21,21,4,25,6,2024,Rainy,None,Grocery,Wheat Flour 10kg,320,385,20.31,0,198,40,3,6.4,0.98,14400,17325.0,2925.0,45
2024-06-21,21,4,25,6,2024,Rainy,None,Grocery,Christmas Cake,180,320,77.78,0,121,30,2,3.6,0.78,22500,40000.0,17500.0,125
2024-06-21,21,4,25,6,2024,Rainy,None,Grocery,Dal Toor 1kg,95,118,24.21,5,291,80,3,1.9,0.79,13015,15357.7,2342.7,137
2024-06-22,22,5,25,6,2024,Rainy,None,Stationery,Eraser Pack,12,20,66.67,0,536,150,2,0.24,0.75,372,620.0,248.0,31
2024-06-22,22,5,25,6,2024,Rainy,None,Stationery,Pen Blue Pack 10,25,40,60.0,0,535,200,2,0.5,0.89,1050,1680.0,630.0,42
2024-06-22,22,5,25,6,2024,Rainy,None,FMCG,Toothpaste Colgate,55,75,36.36,0,227,100,3,1.1,0.71,440,600.0,160.0,8
2024-06-22,22,5,25,6,2024,Rainy,None,FMCG,Diya Set 12pc,48,95,97.92,0,541,150,2,0.96,0.92,3120,6175.0,3055.0,65
2024-06-22,22,5,25,6,2024,Rainy,None,FMCG,Puja Thali Set,125,245,96.0,5,70,50,3,2.5,0.9,3750,6982.5,3232.5,30
2024-06-23,23,6,25,6,2024,Rainy,None,Grocery,Eid Special Dates,280,450,60.71,5,178,40,4,5.6,0.94,34440,52582.5,18142.5,123
2024-06-23,23,6,25,6,2024,Rainy,None,Grocery,Sunflower Oil 1L,120,148,23.33,20,92,60,4,2.4,0.85,6720,6630.4,-89.6,56
2024-06-23,23,6,25,6,2024,Rainy,None,Electronics,LED Bulb 9W,48,85,77.08,10,164,40,4,0.96,0.89,3696,5890.5,2194.5,77
2024-06-23,23,6,25,6,2024,Rainy,None,FMCG,Biscuit Parle-G,8,12,50.0,0,398,200,2,0.16,0.82,1264,1896.0,632.0,158
2024-06-23,23,6,25,6,2024,Rainy,None,FMCG,Crackers Box,200,380,90.0,0,413,100,3,4.0,0.8,8400,15960.0,7560.0,42
2024-06-23,23,6,25,6,2024,Rainy,None,FMCG,Detergent Surf 1kg,95,125,31.58,10,169,90,3,1.9,0.7,7030,8325.0,1295.0,74
2024-06-23,23,6,25,6,2024,Rainy,None,Grocery,Basmati Rice 5kg,180,225,25.0,0,88,50,3,3.6,0.78,16560,20700.0,4140.0,92
2024-06-24,24,0,26,6,2024,Rainy,None,Stationery,Pencil Box,35,55,57.14,0,117,80,3,0.7,0.95,420,660.0,240.0,12
2024-06-24,24,0,26,6,2024,Rainy,None,Electronics,Smartphone Redmi,8500,10999,29.4,20,12,10,7,170.0,0.91,238000,246377.6,8377.6,28
2024-06-24,24,0,26,6,2024,Rainy,None,Grocery,Salt 1kg,18,25,38.89,5,535,120,2,0.36,0.74,1746,2303.75,557.75,97
2024-06-24,24,0,26,6,2024,Rainy,None,Electronics,Power Bank 10000mAh,650,1099,69.08,0,30,15,6,13.0,0.9,16900,28574.0,11674.0,26
2024-06-24,24,0,26,6,2024,Rainy,None,Agriculture,Pesticide 500ml,180,245,36.11,5,23,20,5,3.6,0.78,1260,1629.25,369.25,7
2024-06-24,24,0,26,6,2024,Rainy,None,FMCG,Kite + String,25,55,120.0,20,1462,300,2,0.5,0.95,675,1188.0,513.0,27
2024-06-24,24,0,26,6,2024,Rainy,None,FMCG,Crackers Box,200,380,90.0,0,415,100,3,4.0,0.74,6000,11400.0,5400.0,30
2024-06-25,25,1,26,6,2024,Rainy,None,Stationery,Pen Blue Pack 10,25,40,60.0,15,246,200,2,0.5,0.77,1000,1360.0,360.0,40
2024-06-25,25,1,26,6,2024,Rainy,None,FMCG,Toothpaste Colgate,55,75,36.36,0,486,100,3,1.1,0.72,2750,3750.0,1000.0,50
2024-06-25,25,1,26,6,2024,Rainy,None,Fashion,Jeans Men,450,899,99.78,0,91,20,6,9.0,0.89,10350,20677.0,10327.0,23
2024-06-25,25,1,26,6,2024,Rainy,None,FMCG,Puja Thali Set,125,245,96.0,0,137,50,3,2.5,0.98,1250,2450.0,1200.0,10
2024-06-25,25,1,26,6,2024,Rainy,None,Stationery,Eraser Pack,12,20,66.67,15,268,150,2,0.24,0.83,480,680.0,200.0,40
2024-06-26,26,2,26,6,2024,Rainy,None,Grocery,Basmati Rice 5kg,180,225,25.0,10,148,50,3,3.6,0.84,13860,15592.5,1732.5,77
2024-06-26,26,2,26,6,2024,Rainy,None,Fashion,Jeans Men,450,899,99.78,0,47,20,6,9.0,0.72,31500,62930.0,31430.0,70
2024-06-26,26,2,26,6,2024,Rainy,None,Grocery,Eid Special Dates,280,450,60.71,0,130,40,4,5.6,0.93,7840,12600.0,4760.0,28
2024-06-26,26,2,26,6,2024,Rainy,None,Agriculture,Fertilizer NPK 1kg,125,168,34.4,5,41,25,6,2.5,0.98,7250,9256.8,2006.8,58
2024-06-26,26,2,26,6,2024,Rainy,None,Grocery,Sunflower Oil 1L,120,148,23.33,0,180,60,4,2.4,0.88,12240,15096.0,2856.0,102
2024-06-26,26,2,26,6,2024,Rainy,None,FMCG,Diya Set 12pc,48,95,97.92,20,424,150,2,0.96,0.71,768,1216.0,448.0,16
2024-06-26,26,2,26,6,2024,Rainy,None,Stationery,Notebook A4,28,45,60.71,0,416,100,3,0.56,0.89,2184,3510.0,1326.0,78
2024-06-27,27,3,26,6,2024,Rainy,None,FMCG,Crackers Box,200,380,90.0,10,422,100,3,4.0,0.82,10200,17442.0,7242.0,51
2024-06-27,27,3,26,6,2024,Rainy,None,Agriculture,Fertilizer NPK 1kg,125,168,34.4,0,74,25,6,2.5,0.71,2250,3024.0,774.0,18
2024-06-27,27,3,26,6,2024,Rainy,None,Grocery,Basmati Rice 5kg,180,225,25.0,0,165,50,3,3.6,0.81,20340,25425.0,5085.0,113
2024-06-27,27,3,26,6,2024,Rainy,None,Electronics,USB Cable,45,89,97.78,0,175,50,4,0.9,0.98,3555,7031.0,3476.0,79
2024-06-27,27,3,26,6,2024,Rainy,None,Electronics,Power Bank 10000mAh,650,1099,69.08,5,68,15,6,13.0,0.71,24050,38629.85,14579.85,37
2024-06-27,27,3,26,6,2024,Rainy,None,FMCG,Biscuit Parle-G,8,12,50.0,0,859,200,2,0.16,0.8,912,1368.0,456.0,114
2024-06-27,27,3,26,6,2024,Rainy,None,FMCG,Kite + String,25,55,120.0,5,762,300,2,0.5,0.82,550,1149.5,599.5,22
2024-06-28,28,4,26,6,2024,Rainy,None,Fashion,T-Shirt Men,180,349,93.89,5,142,30,5,3.6,0.87,12420,22876.95,10456.95,69
2024-06-28,28,4,26,6,2024,Rainy,None,Grocery,Wheat Flour 10kg,320,385,20.31,20,191,40,3,6.4,0.78,49280,47432.0,-1848.0,154
2024-06-28,28,4,26,6,2024,Rainy,None,Grocery,Sugar 1kg,42,54,28.57,0,106,100,2,0.84,0.97,4284,5508.0,1224.0,102
2024-06-28,28,4,26,6,2024,Rainy,None,Electronics,Fan Table,850,1350,58.82,0,9,8,7,17.0,1.0,68000,108000.0,40000.0,80
2024-06-28,28,4,26,6,2024,Rainy,None,Agriculture,Fertilizer NPK 1kg,125,168,34.4,5,34,25,6,2.5,0.83,10375,13246.8,2871.8,83
2024-06-28,28,4,26,6,2024,Rainy,None,Grocery,Christmas Cake,180,320,77.78,20,70,30,2,3.6,0.87,10800,15360.0,4560.0,60
2024-06-29,29,5,26,6,2024,Rainy,None,Electronics,Smartphone Redmi,8500,10999,29.4,0,37,10,7,170.0,0.95,722500,934915.0,212415.0,85
2024-06-29,29,5,26,6,2024,Rainy,None,Grocery,Sunflower Oil 1L,120,148,23.33,0,103,60,4,2.4,0.98,11280,13912.0,2632.0,94
2024-06-29,29,5,26,6,2024,Rainy,None,Agriculture,Fertilizer NPK 1kg,125,168,34.4,0,70,25,6,2.5,0.8,9875,13272.0,3397.0,79
2024-06-29,29,5,26,6,2024,Rainy,None,FMCG,Crackers Box,200,380,90.0,10,216,100,3,4.0,0.77,22600,38646.0,16046.0,113
2024-06-29,29,5,26,6,2024,Rainy,None,FMCG,Biscuit Parle-G,8,12,50.0,15,778,200,2,0.16,0.92,1024,1305.6,281.6,128
2024-06-30,30,6,26,6,2024,Rainy,None,Fashion,Kurta Women,280,549,96.07,0,20,20,5,5.6,0.96,17360,34038.0,16678.0,62
2024-06-30,30,6,26,6,2024,Rainy,None,Stationery,Notebook A4,28,45,60.71,20,455,100,3,0.56,0.94,560,720.0,160.0,20
2024-06-30,30,6,26,6,2024,Rainy,None,FMCG,Detergent Surf 1kg,95,125,31.58,10,296,90,3,1.9,0.99,4940,5850.0,910.0,52
2024-06-30,30,6,26,6,2024,Rainy,None,Electronics,USB Cable,45,89,97.78,0,239,50,4,0.9,0.88,4365,8633.0,4268.0,97
2024-06-30,30,6,26,6,2024,Rainy,None,FMCG,Biscuit Parle-G,8,12,50.0,15,665,200,2,0.16,0.76,880,1122.0,242.0,110
2024-06-30,30,6,26,6,2024,Rainy,None,FMCG,Gulal Colors Set,35,75,114.29,10,911,200,2,0.7,0.97,3255,6277.5,3022.5,93
2024-06-30,30,6,26,6,2024,Rainy,None,Grocery,Wheat Flour 10kg,320,385,20.31,0,78,40,3,6.4,0.98,49600,59675.0,10075.0,155
2024-06-30,30,6,26,6,2024,Rainy,None,Stationery,Eraser Pack,12,20,66.67,0,688,150,2,0.24,0.81,1860,3100.0,1240.0,155
2024-07-01,1,0,27,7,2024,Rainy,None,Electronics,Power Bank 10000mAh,650,1099,69.08,0,74,15,6,13.0,0.99,33800,57148.0,23348.0,52
2024-07-01,1,0,27,7,2024,Rainy,None,FMCG,Toothpaste Colgate,55,75,36.36,0,163,100,3,1.1,0.97,5665,7725.0,2060.0,103
2024-07-01,1,0,27,7,2024,Rainy,None,FMCG,Gulal Colors Set,35,75,114.29,5,234,200,2,0.7,0.83,2765,5628.75,2863.75,79
2024-07-01,1,0,27,7,2024,Rainy,None,Stationery,Pen Blue Pack 10,25,40,60.0,0,303,200,2,0.5,0.84,1800,2880.0,1080.0,72
2024-07-01,1,0,27,7,2024,Rainy,None,FMCG,Dandiya Sticks,40,85,112.5,0,328,200,2,0.8,0.74,2640,5610.0,2970.0,66
2024-07-02,2,1,27,7,2024,Rainy,None,FMCG,Soap Lux,22,32,45.45,20,560,150,3,0.44,0.76,1188,1382.4,194.4,54
2024-07-02,2,1,27,7,2024,Rainy,None,Stationery,Pen Blue Pack 10,25,40,60.0,10,658,200,2,0.5,0.7,2725,3924.0,1199.0,109
2024-07-02,2,1,27,7,2024,Rainy,None,FMCG,Shampoo Head&Shoulders,85,115,35.29,0,82,80,4,1.7,0.95,5525,7475.0,1950.0,65
2024-07-02,2,1,27,7,2024,Rainy,None,Fashion,Kurta Women,280,549,96.07,0,36,20,5,5.6,0.84,8960,17568.0,8608.0,32
2024-07-02,2,1,27,7,2024,Rainy,None,Grocery,Wheat Flour 10kg,320,385,20.31,20,141,40,3,6.4,0.82,10240,9856.0,-384.0,32
2024-07-02,2,1,27,7,2024,Rainy,None,Stationery,Pencil Box,35,55,57.14,15,265,80,3,0.7,0.8,4550,6077.5,1527.5,130
2024-07-02,2,1,27,7,2024,Rainy,None,Electronics,Smartphone Redmi,8500,10999,29.4,10,49,10,7,170.0,0.98,119000,138587.4,19587.4,14
2024-07-02,2,1,27,7,2024,Rainy,None,Agriculture,Pesticide 500ml,180,245,36.11,5,30,20,5,3.6,0.94,2520,3258.5,738.5,14
2024-07-03,3,2,27,7,2024,Rainy,None,Grocery,Sugar 1kg,42,54,28.57,5,335,100,2,0.84,0.76,1134,1385.1,251.1,27
2024-07-03,3,2,27,7,2024,Rainy,None,Grocery,Dal Toor 1kg,95,118,24.21,0,399,80,3,1.9,0.89,7220,8968.0,1748.0,76
2024-07-03,3,2,27,7,2024,Rainy,None,Fashion,Saree Cotton,350,699,99.71,0,69,15,7,7.0,0.77,9450,18873.0,9423.0,27
2024-07-04,4,3,27,7,2024,Rainy,None,FMCG,Dandiya Sticks,40,85,112.5,0,881,200,2,0.8,0.99,4920,10455.0,5535.0,123
2024-07-04,4,3,27,7,2024,Rainy,None,FMCG,Diya Set 12pc,48,95,97.92,20,724,150,2,0.96,0.96,5904,9348.0,3444.0,123
2024-07-04,4,3,27,7,2024,Rainy,None,FMCG,Shampoo Head&Shoulders,85,115,35.29,5,191,80,4,1.7,0.72,2295,2949.75,654.75,27
2024-07-05,5,4,27,7,2024,Rainy,None,Electronics,LED Bulb 9W,48,85,77.08,0,132,40,4,0.96,0.99,3984,7055.0,3071.0,83
2024-07-05,5,4,27,7,2024,Rainy,None,FMCG,Crackers Box,200,380,90.0,15,170,100,3,4.0,0.74,14400,23256.0,8856.0,72
2024-07-05,5,4,27,7,2024,Rainy,None,FMCG,Soap Lux,22,32,45.45,0,293,150,3,0.44,0.71,2420,3520.0,1100.0,110
2024-07-05,5,4,27,7,2024,Rainy,None,FMCG,Puja Thali Set,125,245,96.0,0,151,50,3,2.5,0.95,2750,5390.0,2640.0,22
2024-07-05,5,4,27,7,2024,Rainy,None,Agriculture,Pesticide 500ml,180,245,36.11,0,100,20,5,3.6,0.89,18360,24990.0,6630.0,102
2024-07-06,6,5,27,7,2024,Rainy,None,Electronics,USB Cable,45,89,97.78,10,98,50,4,0.9,0.8,2520,4485.6,1965.6,56
2024-07-06,6,5,27,7,2024,Rainy,None,Grocery,Wheat Flour 10kg,320,385,20.31,15,158,40,3,6.4,0.83,47680,48760.25,1080.25,149
2024-07-06,6,5,27,7,2024,Rainy,None,FMCG,Toothpaste Colgate,55,75,36.36,0,500,100,3,1.1,0.87,3300,4500.0,1200.0,60
2024-07-06,6,5,27,7,2024,Rainy,None,Electronics,Smartphone Redmi,8500,10999,29.4,0,21,10,7,170.0,0.99,1198500,1550859.0,352359.0,141
2024-07-06,6,5,27,7,2024,Rainy,None,Stationery,Eraser Pack,12,20,66.67,0,561,150,2,0.24,0.94,1356,2260.0,904.0,113
2024-07-06,6,5,27,7,2024,Rainy,None,Electronics,LED Bulb 9W,48,85,77.08,0,194,40,4,0.96,0.77,2016,3570.0,1554.0,42
2024-07-06,6,5,27,7,2024,Rainy,None,FMCG,Soap Lux,22,32,45.45,10,731,150,3,0.44,0.8,1694,2217.6,523.6,77
2024-07-06,6,5,27,7,2024,Rainy,None,Fashion,Shoes Casual,350,699,99.71,20,65,25,6,7.0,0.76,14350,22927.2,8577.2,41
2024-07-07,7,6,27,7,2024,Rainy,None,Stationery,Eraser Pack,12,20,66.67,15,705,150,2,0.24,0.83,1416,2006.0,590.0,118
2024-07-07,7,6,27,7,2024,Rainy,None,Electronics,LED Bulb 9W,48,85,77.08,0,96,40,4,0.96,0.77,1248,2210.0,962.0,26
2024-07-07,7,6,27,7,2024,Rainy,None,Grocery,Eid Special Dates,280,450,60.71,5,173,40,4,5.6,0.71,18760,28642.5,9882.5,67
2024-07-07,7,6,27,7,2024,Rainy,None,Fashion,Jeans Men,450,899,99.78,10,62,20,6,9.0,0.8,40950,73628.1,32678.1,91
2024-07-07,7,6,27,7,2024,Rainy,None,FMCG,Crackers Box,200,380,90.0,0,298,100,3,4.0,0.91,5200,9880.0,4680.0,26
2024-07-07,7,6,27,7,2024,Rainy,None,Electronics,Fan Table,850,1350,58.82,0,11,8,7,17.0,0.75,93500,148500.0,55000.0,110
2024-07-07,7,6,27,7,2024,Rainy,None,Electronics,Power Bank 10000mAh,650,1099,69.08,0,24,15,6,13.0,0.7,70200,118692.0,48492.0,108
2024-07-08,8,0,28,7,2024,Rainy,None,Electronics,Fan Table,850,1350,58.82,5,21,8,7,17.0,0.74,64600,97470.0,32870.0,76
2024-07-08,8,0,28,7,2024,Rainy,None,Stationery,Pen Blue Pack 10,25,40,60.0,0,748,200,2,0.5,0.94,2225,3560.0,1335.0,89
2024-07-08,8,0,28,7,2024,Rainy,None,Electronics,Power Bank 10000mAh,650,1099,69.08,0,54,15,6,13.0,0.88,34450,58247.0,23797.0,53
2024-07-08,8,0,28,7,2024,Rainy,None,Agriculture,Pesticide 500ml,180,245,36.11,5,78,20,5,3.6,0.99,20700,26766.25,6066.25,115
2024-07-08,8,0,28,7,2024,Rainy,None,FMCG,Detergent Surf 1kg,95,125,31.58,20,273,90,3,1.9,0.99,9785,10300.0,515.0,103
2024-07-08,8,0,28,7,2024,Rainy,None,FMCG,Soap Lux,22,32,45.45,20,504,150,3,0.44,0.72,2420,2816.0,396.0,110
2024-07-08,8,0,28,7,2024,Rainy,None,Stationery,Eraser Pack,12,20,66.67,15,612,150,2,0.24,0.78,336,476.0,140.0,28
2024-07-08,8,0,28,7,2024,Rainy,None,Grocery,Dal Toor 1kg,95,118,24.21,0,190,80,3,1.9,1.0,1900,2360.0,460.0,20
2024-07-09,9,1,28,7,2024,Rainy,None,Grocery,Basmati Rice 5kg,180,225,25.0,15,76,50,3,3.6,0.73,22860,24288.75,1428.75,127
2024-07-09,9,1,28,7,2024,Rainy,None,Electronics,Earphones Boat,350,599,71.14,0,40,20,5,7.0,0.76,30800,52712.0,21912.0,88
2024-07-09,9,1,28,7,2024,Rainy,None,FMCG,Crackers Box,200,380,90.0,0,285,100,3,4.0,0.82,1800,3420.0,1620.0,9
2024-07-09,9,1,28,7,2024,Rainy,None,Agriculture,Wheat Seeds 1kg,65,95,46.15,0,95,30,5,1.3,0.91,1040,1520.0,480.0,16
2024-07-09,9,1,28,7,2024,Rainy,None,FMCG,Toothpaste Colgate,55,75,36.36,10,426,100,3,1.1,0.87,2255,2767.5,512.5,41
2024-07-09,9,1,28,7,2024,Rainy,None,Fashion,Shoes Casual,350,699,99.71,10,46,25,6,7.0,0.94,20650,37116.9,16466.9,59
2024-07-10,10,2,28,7,2024,Rainy,Muharram,FMCG,Gulal Colors Set,35,75,114.29,0,980,200,2,0.7,0.98,4795,10275.0,5480.0,137
2024-07-10,10,2,28,7,2024,Rainy,Muharram,FMCG,Crackers Box,200,380,90.0,10,101,100,3,4.0,0.84,16400,28044.0,11644.0,82
2024-07-10,10,2,28,7,2024,Rainy,Muharram,Electronics,Smartphone Redmi,8500,10999,29.4,0,11,10,7,170.0,0.87,187000,241978.0,54978.0,22
2024-07-11,11,3,28,7,2024,Rainy,None,FMCG,Kite + String,25,55,120.0,15,1180,300,2,0.5,0.93,925,1729.75,804.75,37
2024-07-11,11,3,28,7,2024,Rainy,None,FMCG,Gulal Colors Set,35,75,114.29,0,360,200,2,0.7,0.89,2695,5775.0,3080.0,77
2024-07-11,11,3,28,7,2024,Rainy,None,Electronics,LED Bulb 9W,48,85,77.08,15,63,40,4,0.96,0.91,2640,3973.75,1333.75,55
2024-07-11,11,3,28,7,2024,Rainy,None,Grocery,Salt 1kg,18,25,38.89,0,573,120,2,0.36,0.72,252,350.0,98.0,14
2024-07-12,12,4,28,7,2024,Rainy,None,FMCG,Soap Lux,22,32,45.45,0,578,150,3,0.44,0.7,286,416.0,130.0,13
2024-07-12,12,4,28,7,2024,Rainy,None,Fashion,Jeans Men,450,899,99.78,5,61,20,6,9.0,0.71,8550,16226.95,7676.95,19
2024-07-12,12,4,28,7,2024,Rainy,None,FMCG,Kite + String,25,55,120.0,15,689,300,2,0.5,0.9,2400,4488.0,2088.0,96
2024-07-12,12,4,28,7,2024,Rainy,None,Electronics,LED Bulb 9W,48,85,77.08,15,110,40,4,0.96,0.76,1584,2384.25,800.25,33
2024-07-12,12,4,28,7,2024,Rainy,None,FMCG,Shampoo Head&Shoulders,85,115,35.29,5,374,80,4,1.7,0.73,6715,8630.75,1915.75,79
2024-07-12,12,4,28,7,2024,Rainy,None,FMCG,Crackers Box,200,380,90.0,5,386,100,3,4.0,0.71,20000,36100.0,16100.0,100
2024-07-12,12,4,28,7,2024,Rainy,None,Agriculture,Wheat Seeds 1kg,65,95,46.15,10,120,30,5,1.3,0.82,2275,2992.5,717.5,35
2024-07-13,13,5,28,7,2024,Rainy,None,Agriculture,Wheat Seeds 1kg,65,95,46.15,15,56,30,5,1.3,0.96,4810,5975.5,1165.5,74
2024-07-13,13,5,28,7,2024,Rainy,None,Stationery,Pen Blue Pack 10,25,40,60.0,0,458,200,2,0.5,0.72,2125,3400.0,1275.0,85
2024-07-13,13,5,28,7,2024,Rainy,None,FMCG,Dandiya Sticks,40,85,112.5,0,600,200,2,0.8,0.78,3520,7480.0,3960.0,88
2024-07-14,14,6,28,7,2024,Rainy,None,Grocery,Basmati Rice 5kg,180,225,25.0,0,74,50,3,3.6,0.85,20880,26100.0,5220.0,116
2024-07-14,14,6,28,7,2024,Rainy,None,Grocery,Wheat Flour 10kg,320,385,20.31,0,145,40,3,6.4,0.95,16960,20405.0,3445.0,53
2024-07-14,14,6,28,7,2024,Rainy,None,FMCG,Kite + String,25,55,120.0,0,565,300,2,0.5,0.79,2775,6105.0,3330.0,111
2024-07-14,14,6,28,7,2024,Rainy,None,Fashion,T-Shirt Men,180,349,93.89,0,134,30,5,3.6,0.71,9720,18846.0,9126.0,54
2024-07-14,14,6,28,7,2024,Rainy,None,FMCG,Dandiya Sticks,40,85,112.5,10,922,200,2,0.8,0.82,4640,8874.0,4234.0,116
2024-07-14,14,6,28,7,2024,Rainy,None,Fashion,Kurta Women,280,549,96.07,15,40,20,5,5.6,0.91,9240,15399.45,6159.45,33
2024-07-15,15,0,29,7,2024,Rainy,None,FMCG,Detergent Surf 1kg,95,125,31.58,20,323,90,3,1.9,0.89,9405,9900.0,495.0,99
2024-07-15,15,0,29,7,2024,Rainy,None,Electronics,Power Bank 10000mAh,650,1099,69.08,15,73,15,6,13.0,0.78,31850,45773.35,13923.35,49
2024-07-15,15,0,29,7,2024,Rainy,None,FMCG,Shampoo Head&Shoulders,85,115,35.29,0,287,80,4,1.7,0.75,5610,7590.0,1980.0,66
2024-07-15,15,0,29,7,2024,Rainy,None,FMCG,Dandiya Sticks,40,85,112.5,0,247,200,2,0.8,0.93,1840,3910.0,2070.0,46
2024-07-15,15,0,29,7,2024,Rainy,None,Grocery,Sugar 1kg,42,54,28.57,0,497,100,2,0.84,0.75,1596,2052.0,456.0,38
2024-07-16,16,1,29,7,2024,Rainy,None,Fashion,Saree Cotton,350,699,99.71,10,40,15,7,7.0,0.71,27650,49698.9,22048.9,79
2024-07-16,16,1,29,7,2024,Rainy,None,FMCG,Diya Set 12pc,48,95,97.92,0,169,150,2,0.96,0.99,3984,7885.0,3901.0,83
2024-07-16,16,1,29,7,2024,Rainy,None,Agriculture,Wheat Seeds 1kg,65,95,46.15,0,75,30,5,1.3,0.94,4485,6555.0,2070.0,69
2024-07-16,16,1,29,7,2024,Rainy,None,FMCG,Cold Drink 500ml,20,30,50.0,10,977,200,2,0.4,0.88,1660,2241.0,581.0,83
2024-07-16,16,1,29,7,2024,Rainy,None,Agriculture,Pesticide 500ml,180,245,36.11,0,59,20,5,3.6,0.95,20880,28420.0,7540.0,116
2024-07-17,17,2,29,7,2024,Rainy,None,FMCG,Cold Drink 500ml,20,30,50.0,20,573,200,2,0.4,0.88,1340,1608.0,268.0,67
2024-07-17,17,2,29,7,2024,Rainy,None,Electronics,USB Cable,45,89,97.78,0,140,50,4,0.9,0.87,495,979.0,484.0,11
2024-07-17,17,2,29,7,2024,Rainy,None,Stationery,Notebook A4,28,45,60.71,5,406,100,3,0.56,0.88,1736,2650.5,914.5,62
2024-07-17,17,2,29,7,2024,Rainy,None,Fashion,Kurta Women,280,549,96.07,20,44,20,5,5.6,0.94,3920,6148.8,2228.8,14
2024-07-18,18,3,29,7,2024,Rainy,None,FMCG,Dandiya Sticks,40,85,112.5,5,899,200,2,0.8,0.73,2040,4118.25,2078.25,51
2024-07-18,18,3,29,7,2024,Rainy,None,Electronics,USB Cable,45,89,97.78,5,141,50,4,0.9,0.99,270,507.3,237.3,6
2024-07-18,18,3,29,7,2024,Rainy,None,Grocery,Wheat Flour 10kg,320,385,20.31,10,49,40,3,6.4,0.94,41280,44698.5,3418.5,129
2024-07-18,18,3,29,7,2024,Rainy,None,Fashion,Jeans Men,450,899,99.78,0,41,20,6,9.0,0.75,24300,48546.0,24246.0,54
2024-07-18,18,3,29,7,2024,Rainy,None,Fashion,Kurta Women,280,549,96.07,20,86,20,5,5.6,0.88,7840,12297.6,4457.6,28
2024-07-18,18,3,29,7,2024,Rainy,None,Agriculture,Pesticide 500ml,180,245,36.11,5,85,20,5,3.6,0.76,2700,3491.25,791.25,15
2024-07-18,18,3,29,7,2024,Rainy,None,Stationery,Eraser Pack,12,20,66.67,5,222,150,2,0.24,0.74,1068,1691.0,623.0,89
2024-07-19,19,4,29,7,2024,Rainy,None,Grocery,Eid Special Dates,280,450,60.71,15,186,40,4,5.6,0.88,10080,13770.0,3690.0,36
2024-07-19,19,4,29,7,2024,Rainy,None,FMCG,Crackers Box,200,380,90.0,15,404,100,3,4.0,0.74,20400,32946.0,12546.0,102
2024-07-19,19,4,29,7,2024,Rainy,None,Electronics,USB Cable,45,89,97.78,0,62,50,4,0.9,0.97,2880,5696.0,2816.0,64
2024-07-19,19,4,29,7,2024,Rainy,None,Grocery,Basmati Rice 5kg,180,225,25.0,20,223,50,3,3.6,0.85,9000,9000.0,0.0,50
2024-07-19,19,4,29,7,2024,Rainy,None,FMCG,Puja Thali Set,125,245,96.0,10,87,50,3,2.5,0.85,14250,25137.0,10887.0,114
2024-07-19,19,4,29,7,2024,Rainy,None,Electronics,Fan Table,850,1350,58.82,15,40,8,7,17.0,0.82,93500,126225.0,32725.0,110
2024-07-19,19,4,29,7,2024,Rainy,None,Stationery,Pen Blue Pack 10,25,40,60.0,15,985,200,2,0.5,0.78,625,850.0,225.0,25
2024-07-20,20,5,29,7,2024,Rainy,Muharram,Grocery,Eid Special Dates,280,450,60.71,15,167,40,4,5.6,0.88,3920,5355.0,1435.0,14
2024-07-20,20,5,29,7,2024,Rainy,Muharram,Agriculture,Pesticide 500ml,180,245,36.11,10,58,20,5,3.6,0.93,46440,56889.0,10449.0,258
2024-07-20,20,5,29,7,2024,Rainy,Muharram,Stationery,Pencil Box,35,55,57.14,0,209,80,3,0.7,0.96,5635,8855.0,3220.0,161
2024-07-20,20,5,29,7,2024,Rainy,Muharram,Electronics,Power Bank 10000mAh,650,1099,69.08,0,17,15,6,13.0,0.84,46800,79128.0,32328.0,72
2024-07-21,21,6,29,7,2024,Rainy,Muharram,FMCG,Detergent Surf 1kg,95,125,31.58,20,145,90,3,1.9,0.91,14440,15200.0,760.0,152
2024-07-21,21,6,29,7,2024,Rainy,Muharram,Agriculture,Wheat Seeds 1kg,65,95,46.15,0,104,30,5,1.3,0.9,6045,8835.0,2790.0,93
2024-07-21,21,6,29,7,2024,Rainy,Muharram,FMCG,Shampoo Head&Shoulders,85,115,35.29,10,344,80,4,1.7,0.8,7820,9522.0,1702.0,92
2024-07-21,21,6,29,7,2024,Rainy,Muharram,Stationery,Pen Blue Pack 10,25,40,60.0,15,673,200,2,0.5,0.94,4950,6732.0,1782.0,198
2024-07-21,21,6,29,7,2024,Rainy,Muharram,Fashion,Kurta Women,280,549,96.07,15,66,20,5,5.6,0.85,45640,76063.95,30423.95,163
2024-07-21,21,6,29,7,2024,Rainy,Muharram,Fashion,T-Shirt Men,180,349,93.89,0,58,30,5,3.6,0.98,19620,38041.0,18421.0,109
2024-07-21,21,6,29,7,2024,Rainy,Muharram,Electronics,USB Cable,45,89,97.78,5,191,50,4,0.9,0.72,4365,8201.35,3836.35,97
2024-07-22,22,0,30,7,2024,Rainy,None,FMCG,Crackers Box,200,380,90.0,15,326,100,3,4.0,0.9,7600,12274.0,4674.0,38
2024-07-22,22,0,30,7,2024,Rainy,None,Fashion,Jeans Men,450,899,99.78,0,69,20,6,9.0,0.73,29250,58435.0,29185.0,65
2024-07-22,22,0,30,7,2024,Rainy,None,Electronics,Earphones Boat,350,599,71.14,15,23,20,5,7.0,0.89,11900,17311.1,5411.1,34
2024-07-22,22,0,30,7,2024,Rainy,None,Grocery,Eid Special Dates,280,450,60.71,0,95,40,4,5.6,0.82,32480,52200.0,19720.0,116
2024-07-22,22,0,30,7,2024,Rainy,None,Grocery,Sunflower Oil 1L,120,148,23.33,0,243,60,4,2.4,0.91,4320,5328.0,1008.0,36
2024-07-22,22,0,30,7,2024,Rainy,None,FMCG,Puja Thali Set,125,245,96.0,0,98,50,3,2.5,0.82,6125,12005.0,5880.0,49
2024-07-23,23,1,30,7,2024,Rainy,Muharram,Fashion,Kurta Women,280,549,96.07,20,40,20,5,5.6,0.84,19320,30304.8,10984.8,69
2024-07-23,23,1,30,7,2024,Rainy,Muharram,FMCG,Shampoo Head&Shoulders,85,115,35.29,0,225,80,4,1.7,0.89,8755,11845.0,3090.0,103
2024-07-23,23,1,30,7,2024,Rainy,Muharram,FMCG,Dandiya Sticks,40,85,112.5,0,254,200,2,0.8,0.76,3080,6545.0,3465.0,77
2024-07-23,23,1,30,7,2024,Rainy,Muharram,Grocery,Christmas Cake,180,320,77.78,0,92,30,2,3.6,0.72,13140,23360.0,10220.0,73
2024-07-23,23,1,30,7,2024,Rainy,Muharram,Grocery,Sunflower Oil 1L,120,148,23.33,5,209,60,4,2.4,0.77,14640,17153.2,2513.2,122
2024-07-23,23,1,30,7,2024,Rainy,Muharram,FMCG,Cold Drink 500ml,20,30,50.0,0,911,200,2,0.4,0.84,1660,2490.0,830.0,83
2024-07-23,23,1,30,7,2024,Rainy,Muharram,Electronics,USB Cable,45,89,97.78,0,155,50,4,0.9,0.73,1440,2848.0,1408.0,32
2024-07-24,24,2,30,7,2024,Rainy,None,Grocery,Salt 1kg,18,25,38.89,20,529,120,2,0.36,0.84,1620,1800.0,180.0,90
2024-07-24,24,2,30,7,2024,Rainy,None,Electronics,Smartphone Redmi,8500,10999,29.4,5,16,10,7,170.0,0.87,221000,271675.3,50675.3,26
2024-07-24,24,2,30,7,2024,Rainy,None,Stationery,Eraser Pack,12,20,66.67,0,301,150,2,0.24,0.84,312,520.0,208.0,26
2024-07-24,24,2,30,7,2024,Rainy,None,Fashion,Jeans Men,450,899,99.78,15,61,20,6,9.0,0.71,3150,5349.05,2199.05,7
2024-07-24,24,2,30,7,2024,Rainy,None,Electronics,LED Bulb 9W,48,85,77.08,15,79,40,4,0.96,0.75,2880,4335.0,1455.0,60
2024-07-25,25,3,30,7,2024,Rainy,None,FMCG,Kite + String,25,55,120.0,0,1022,300,2,0.5,0.77,2225,4895.0,2670.0,89
2024-07-25,25,3,30,7,2024,Rainy,None,Electronics,Power Bank 10000mAh,650,1099,69.08,0,35,15,6,13.0,0.94,28600,48356.0,19756.0,44
2024-07-25,25,3,30,7,2024,Rainy,None,Grocery,Wheat Flour 10kg,320,385,20.31,0,72,40,3,6.4,0.99,40960,49280.0,8320.0,128
2024-07-25,25,3,30,7,2024,Rainy,None,Stationery,Notebook A4,28,45,60.71,0,355,100,3,0.56,0.85,1764,2835.0,1071.0,63
2024-07-26,26,4,30,7,2024,Rainy,None,Fashion,Jeans Men,450,899,99.78,10,72,20,6,9.0,0.71,4950,8900.1,3950.1,11
2024-07-26,26,4,30,7,2024,Rainy,None,Electronics,Earphones Boat,350,599,71.14,10,51,20,5,7.0,0.82,12950,19946.7,6996.7,37
2024-07-26,26,4,30,7,2024,Rainy,None,Electronics,USB Cable,45,89,97.78,5,158,50,4,0.9,0.97,1530,2874.7,1344.7,34
2024-07-26,26,4,30,7,2024,Rainy,None,FMCG,Shampoo Head&Shoulders,85,115,35.29,10,174,80,4,1.7,0.74,765,931.5,166.5,9
2024-07-26,26,4,30,7,2024,Rainy,None,FMCG,Puja Thali Set,125,245,96.0,10,136,50,3,2.5,0.9,10875,19183.5,8308.5,87
2024-07-26,26,4,30,7,2024,Rainy,None,Stationery,Eraser Pack,12,20,66.67,5,188,150,2,0.24,0.83,288,456.0,168.0,24
2024-07-26,26,4,30,7,2024,Rainy,None,Electronics,Smartphone Redmi,8500,10999,29.4,5,14,10,7,170.0,0.99,93500,114939.55,21439.55,11
2024-07-27,27,5,30,7,2024,Rainy,None,FMCG,Biscuit Parle-G,8,12,50.0,5,367,200,2,0.16,0.97,976,1390.8,414.8,122
2024-07-27,27,5,30,7,2024,Rainy,None,FMCG,Cold Drink 500ml,20,30,50.0,5,764,200,2,0.4,0.89,1180,1681.5,501.5,59
2024-07-27,27,5,30,7,2024,Rainy,None,Grocery,Sunflower Oil 1L,120,148,23.33,15,269,60,4,2.4,0.77,10440,10944.6,504.6,87
2024-07-27,27,5,30,7,2024,Rainy,None,Grocery,Sugar 1kg,42,54,28.57,15,180,100,2,0.84,0.87,1428,1560.6,132.6,34
2024-07-27,27,5,30,7,2024,Rainy,None,Electronics,Earphones Boat,350,599,71.14,5,63,20,5,7.0,0.77,11200,18209.6,7009.6,32
2024-07-27,27,5,30,7,2024,Rainy,None,FMCG,Crackers Box,200,380,90.0,5,313,100,3,4.0,0.71,5000,9025.0,4025.0,25
2024-07-27,27,5,30,7,2024,Rainy,None,Electronics,LED Bulb 9W,48,85,77.08,0,77,40,4,0.96,0.85,5136,9095.0,3959.0,107
2024-07-27,27,5,30,7,2024,Rainy,None,FMCG,Toothpaste Colgate,55,75,36.36,15,243,100,3,1.1,0.75,6710,7777.5,1067.5,122
2024-07-28,28,6,30,7,2024,Rainy,None,Fashion,Saree Cotton,350,699,99.71,15,43,15,7,7.0,0.94,35350,60009.15,24659.15,101
2024-07-28,28,6,30,7,2024,Rainy,None,Fashion,T-Shirt Men,180,349,93.89,10,54,30,5,3.6,0.75,4500,7852.5,3352.5,25
2024-07-28,28,6,30,7,2024,Rainy,None,FMCG,Dandiya Sticks,40,85,112.5,15,965,200,2,0.8,0.92,6280,11343.25,5063.25,157
2024-07-29,29,0,31,7,2024,Rainy,None,FMCG,Detergent Surf 1kg,95,125,31.58,0,304,90,3,1.9,0.81,5225,6875.0,1650.0,55
2024-07-29,29,0,31,7,2024,Rainy,None,Stationery,Eraser Pack,12,20,66.67,10,427,150,2,0.24,0.85,648,972.0,324.0,54
2024-07-29,29,0,31,7,2024,Rainy,None,Grocery,Eid Special Dates,280,450,60.71,0,44,40,4,5.6,0.89,36120,58050.0,21930.0,129
2024-07-30,30,1,31,7,2024,Rainy,None,Agriculture,Fertilizer NPK 1kg,125,168,34.4,0,113,25,6,2.5,0.78,12750,17136.0,4386.0,102
2024-07-30,30,1,31,7,2024,Rainy,None,FMCG,Toothpaste Colgate,55,75,36.36,5,233,100,3,1.1,0.7,7205,9333.75,2128.75,131
2024-07-30,30,1,31,7,2024,Rainy,None,Electronics,LED Bulb 9W,48,85,77.08,0,162,40,4,0.96,0.84,2304,4080.0,1776.0,48
2024-07-30,30,1,31,7,2024,Rainy,None,Fashion,Kurta Women,280,549,96.07,20,31,20,5,5.6,0.74,3640,5709.6,2069.6,13
2024-07-30,30,1,31,7,2024,Rainy,None,FMCG,Cold Drink 500ml,20,30,50.0,10,664,200,2,0.4,0.99,2100,2835.0,735.0,105
2024-07-31,31,2,31,7,2024,Rainy,None,FMCG,Kite + String,25,55,120.0,20,600,300,2,0.5,0.97,825,1452.0,627.0,33
2024-07-31,31,2,31,7,2024,Rainy,None,Fashion,Jeans Men,450,899,99.78,15,68,20,6,9.0,0.78,6750,11462.25,4712.25,15
2024-07-31,31,2,31,7,2024,Rainy,None,FMCG,Toothpaste Colgate,55,75,36.36,5,200,100,3,1.1,0.96,495,641.25,146.25,9
2024-07-31,31,2,31,7,2024,Rainy,None,Stationery,Pencil Box,35,55,57.14,0,97,80,3,0.7,0.8,4060,6380.0,2320.0,116
2024-08-01,1,3,31,8,2024,Rainy,None,Stationery,Pencil Box,35,55,57.14,5,112,80,3,0.7,0.74,4305,6426.75,2121.75,123
2024-08-01,1,3,31,8,2024,Rainy,None,FMCG,Kite + String,25,55,120.0,10,552,300,2,0.5,0.96,2375,4702.5,2327.5,95
2024-08-01,1,3,31,8,2024,Rainy,None,FMCG,Diya Set 12pc,48,95,97.92,20,519,150,2,0.96,0.77,2304,3648.0,1344.0,48
2024-08-01,1,3,31,8,2024,Rainy,None,Grocery,Basmati Rice 5kg,180,225,25.0,0,152,50,3,3.6,0.94,10080,12600.0,2520.0,56
2024-08-01,1,3,31,8,2024,Rainy,None,Electronics,Smartphone Redmi,8500,10999,29.4,0,49,10,7,170.0,0.87,875500,1132897.0,257397.0,103
2024-08-01,1,3,31,8,2024,Rainy,None,Grocery,Salt 1kg,18,25,38.89,0,345,120,2,0.36,0.7,1908,2650.0,742.0,106
2024-08-01,1,3,31,8,2024,Rainy,None,Grocery,Christmas Cake,180,320,77.78,15,118,30,2,3.6,0.85,6120,9248.0,3128.0,34
2024-08-01,1,3,31,8,2024,Rainy,None,FMCG,Crackers Box,200,380,90.0,15,152,100,3,4.0,0.81,16600,26809.0,10209.0,83
2024-08-02,2,4,31,8,2024,Rainy,None,FMCG,Gulal Colors Set,35,75,114.29,0,259,200,2,0.7,0.79,3850,8250.0,4400.0,110
2024-08-02,2,4,31,8,2024,Rainy,None,Agriculture,Pesticide 500ml,180,245,36.11,0,94,20,5,3.6,0.81,20520,27930.0,7410.0,114
2024-08-02,2,4,31,8,2024,Rainy,None,FMCG,Biscuit Parle-G,8,12,50.0,5,355,200,2,0.16,0.89,624,889.2,265.2,78
2024-08-03,3,5,31,8,2024,Rainy,Janmashtami,Stationery,Eraser Pack,12,20,66.67,0,202,150,2,0.24,0.94,408,680.0,272.0,34
2024-08-03,3,5,31,8,2024,Rainy,Janmashtami,Grocery,Dal Toor 1kg,95,118,24.21,5,94,80,3,1.9,0.92,28595,33742.1,5147.1,301
2024-08-03,3,5,31,8,2024,Rainy,Janmashtami,Grocery,Sugar 1kg,42,54,28.57,0,278,100,2,0.84,0.9,6468,8316.0,1848.0,154
2024-08-03,3,5,31,8,2024,Rainy,Janmashtami,Fashion,Saree Cotton,350,699,99.71,10,63,15,7,7.0,0.98,42700,76750.2,34050.2,122
2024-08-03,3,5,31,8,2024,Rainy,Janmashtami,Grocery,Salt 1kg,18,25,38.89,0,126,120,2,0.36,1.0,1422,1975.0,553.0,79
2024-08-04,4,6,31,8,2024,Rainy,None,FMCG,Gulal Colors Set,35,75,114.29,15,813,200,2,0.7,0.83,3395,6183.75,2788.75,97
2024-08-04,4,6,31,8,2024,Rainy,None,Stationery,Notebook A4,28,45,60.71,10,230,100,3,0.56,0.95,3444,4981.5,1537.5,123
2024-08-04,4,6,31,8,2024,Rainy,None,Electronics,Fan Table,850,1350,58.82,0,24,8,7,17.0,0.9,58650,93150.0,34500.0,69
2024-08-04,4,6,31,8,2024,Rainy,None,Agriculture,Pesticide 500ml,180,245,36.11,0,71,20,5,3.6,0.79,4140,5635.0,1495.0,23
2024-08-05,5,0,32,8,2024,Rainy,Independence Day,Electronics,Earphones Boat,350,599,71.14,0,98,20,5,7.0,0.93,49350,84459.0,35109.0,141
2024-08-05,5,0,32,8,2024,Rainy,Independence Day,Agriculture,Fertilizer NPK 1kg,125,168,34.4,20,121,25,6,2.5,0.82,20625,22176.0,1551.0,165
2024-08-05,5,0,32,8,2024,Rainy,Independence Day,Fashion,T-Shirt Men,180,349,93.89,10,44,30,5,3.6,0.92,16560,28897.2,12337.2,92
2024-08-05,5,0,32,8,2024,Rainy,Independence Day,Grocery,Sunflower Oil 1L,120,148,23.33,5,141,60,4,2.4,0.8,1680,1968.4,288.4,14
2024-08-05,5,0,32,8,2024,Rainy,Independence Day,Stationery,Notebook A4,28,45,60.71,20,334,100,3,0.56,0.79,1036,1332.0,296.0,37
2024-08-06,6,1,32,8,2024,Rainy,Janmashtami,Grocery,Sunflower Oil 1L,120,148,23.33,0,269,60,4,2.4,0.94,19200,23680.0,4480.0,160
2024-08-06,6,1,32,8,2024,Rainy,Janmashtami,Stationery,Notebook A4,28,45,60.71,10,476,100,3,0.56,0.71,3024,4374.0,1350.0,108
2024-08-06,6,1,32,8,2024,Rainy,Janmashtami,FMCG,Crackers Box,200,380,90.0,0,269,100,3,4.0,0.71,26400,50160.0,23760.0,132
2024-08-06,6,1,32,8,2024,Rainy,Janmashtami,Fashion,Jeans Men,450,899,99.78,10,46,20,6,9.0,0.75,59850,107610.3,47760.3,133
2024-08-06,6,1,32,8,2024,Rainy,Janmashtami,Stationery,Pencil Box,35,55,57.14,0,305,80,3,0.7,0.92,2590,4070.0,1480.0,74
2024-08-06,6,1,32,8,2024,Rainy,Janmashtami,FMCG,Diya Set 12pc,48,95,97.92,0,242,150,2,0.96,0.91,2256,4465.0,2209.0,47
2024-08-06,6,1,32,8,2024,Rainy,Janmashtami,Grocery,Dal Toor 1kg,95,118,24.21,0,116,80,3,1.9,0.99,17765,22066.0,4301.0,187
2024-08-06,6,1,32,8,2024,Rainy,Janmashtami,FMCG,Shampoo Head&Shoulders,85,115,35.29,0,341,80,4,1.7,0.88,12495,16905.0,4410.0,147
2024-08-07,7,2,32,8,2024,Rainy,None,Fashion,Saree Cotton,350,699,99.71,0,44,15,7,7.0,0.92,4200,8388.0,4188.0,12
2024-08-07,7,2,32,8,2024,Rainy,None,Electronics,USB Cable,45,89,97.78,0,186,50,4,0.9,0.7,2430,4806.0,2376.0,54
2024-08-07,7,2,32,8,2024,Rainy,None,FMCG,Detergent Surf 1kg,95,125,31.58,20,165,90,3,1.9,0.9,1615,1700.0,85.0,17
2024-08-07,7,2,32,8,2024,Rainy,None,Grocery,Salt 1kg,18,25,38.89,5,435,120,2,0.36,0.99,1008,1330.0,322.0,56
2024-08-07,7,2,32,8,2024,Rainy,None,Electronics,Power Bank 10000mAh,650,1099,69.08,5,69,15,6,13.0,0.8,14300,22969.1,8669.1,22
2024-08-07,7,2,32,8,2024,Rainy,None,Fashion,Shoes Casual,350,699,99.71,10,91,25,6,7.0,0.96,10150,18243.9,8093.9,29
2024-08-07,7,2,32,8,2024,Rainy,None,Stationery,Eraser Pack,12,20,66.67,5,294,150,2,0.24,0.99,1428,2261.0,833.0,119
2024-08-07,7,2,32,8,2024,Rainy,None,Grocery,Sugar 1kg,42,54,28.57,20,449,100,2,0.84,0.78,2940,3024.0,84.0,70
2024-08-08,8,3,32,8,2024,Rainy,None,FMCG,Kite + String,25,55,120.0,5,1421,300,2,0.5,0.98,650,1358.5,708.5,26
2024-08-08,8,3,32,8,2024,Rainy,None,Electronics,Fan Table,850,1350,58.82,15,19,8,7,17.0,0.72,84150,113602.5,29452.5,99
2024-08-08,8,3,32,8,2024,Rainy,None,Agriculture,Fertilizer NPK 1kg,125,168,34.4,5,88,25,6,2.5,0.8,2875,3670.8,795.8,23
2024-08-08,8,3,32,8,2024,Rainy,None,Fashion,Jeans Men,450,899,99.78,0,38,20,6,9.0,0.89,17100,34162.0,17062.0,38
2024-08-08,8,3,32,8,2024,Rainy,None,Stationery,Pen Blue Pack 10,25,40,60.0,0,638,200,2,0.5,0.89,2000,3200.0,1200.0,80
2024-08-08,8,3,32,8,2024,Rainy,None,Grocery,Basmati Rice 5kg,180,225,25.0,10,166,50,3,3.6,0.88,23400,26325.0,2925.0,130
2024-08-08,8,3,32,8,2024,Rainy,None,Fashion,T-Shirt Men,180,349,93.89,10,90,30,5,3.6,0.8,13140,22929.3,9789.3,73
2024-08-08,8,3,32,8,2024,Rainy,None,Grocery,Dal Toor 1kg,95,118,24.21,0,311,80,3,1.9,0.93,7790,9676.0,1886.0,82
2024-08-09,9,4,32,8,2024,Rainy,Janmashtami,Electronics,Power Bank 10000mAh,650,1099,69.08,0,28,15,6,13.0,0.82,124800,211008.0,86208.0,192
2024-08-09,9,4,32,8,2024,Rainy,Janmashtami,Electronics,Fan Table,850,1350,58.82,0,35,8,7,17.0,0.75,96050,152550.0,56500.0,113
2024-08-09,9,4,32,8,2024,Rainy,Janmashtami,Grocery,Basmati Rice 5kg,180,225,25.0,5,66,50,3,3.6,1.0,25020,29711.25,4691.25,139
2024-08-10,10,5,32,8,2024,Rainy,Raksha Bandhan,Electronics,Earphones Boat,350,599,71.14,20,57,20,5,7.0,0.84,68600,93923.2,25323.2,196
2024-08-10,10,5,32,8,2024,Rainy,Raksha Bandhan,Electronics,LED Bulb 9W,48,85,77.08,0,129,40,4,0.96,0.82,9168,16235.0,7067.0,191
2024-08-10,10,5,32,8,2024,Rainy,Raksha Bandhan,Stationery,Pen Blue Pack 10,25,40,60.0,0,611,200,2,0.5,0.74,2200,3520.0,1320.0,88
2024-08-10,10,5,32,8,2024,Rainy,Raksha Bandhan,Electronics,Power Bank 10000mAh,650,1099,69.08,0,18,15,6,13.0,0.99,77350,130781.0,53431.0,119
2024-08-10,10,5,32,8,2024,Rainy,Raksha Bandhan,FMCG,Crackers Box,200,380,90.0,20,314,100,3,4.0,0.8,40600,61712.0,21112.0,203
2024-08-10,10,5,32,8,2024,Rainy,Raksha Bandhan,Grocery,Wheat Flour 10kg,320,385,20.31,0,120,40,3,6.4,0.99,62400,75075.0,12675.0,195
2024-08-10,10,5,32,8,2024,Rainy,Raksha Bandhan,FMCG,Soap Lux,22,32,45.45,0,283,150,3,0.44,0.83,3718,5408.0,1690.0,169
2024-08-11,11,6,32,8,2024,Rainy,None,Electronics,Power Bank 10000mAh,650,1099,69.08,15,41,15,6,13.0,0.89,59150,85007.65,25857.65,91
2024-08-11,11,6,32,8,2024,Rainy,None,Grocery,Sugar 1kg,42,54,28.57,0,280,100,2,0.84,0.83,3570,4590.0,1020.0,85
2024-08-11,11,6,32,8,2024,Rainy,None,Electronics,Earphones Boat,350,599,71.14,20,33,20,5,7.0,0.74,8400,11500.8,3100.8,24
2024-08-11,11,6,32,8,2024,Rainy,None,Agriculture,Fertilizer NPK 1kg,125,168,34.4,0,26,25,6,2.5,0.85,8250,11088.0,2838.0,66
2024-08-11,11,6,32,8,2024,Rainy,None,FMCG,Cold Drink 500ml,20,30,50.0,20,699,200,2,0.4,0.86,1120,1344.0,224.0,56
2024-08-12,12,0,33,8,2024,Rainy,None,Stationery,Pencil Box,35,55,57.14,0,341,80,3,0.7,0.8,2485,3905.0,1420.0,71
2024-08-12,12,0,33,8,2024,Rainy,None,Stationery,Eraser Pack,12,20,66.67,5,593,150,2,0.24,0.8,780,1235.0,455.0,65
2024-08-12,12,0,33,8,2024,Rainy,None,Grocery,Salt 1kg,18,25,38.89,20,596,120,2,0.36,0.71,1080,1200.0,120.0,60
2024-08-13,13,1,33,8,2024,Rainy,None,FMCG,Dandiya Sticks,40,85,112.5,15,798,200,2,0.8,0.71,4240,7658.5,3418.5,106
2024-08-13,13,1,33,8,2024,Rainy,None,FMCG,Crackers Box,200,380,90.0,0,465,100,3,4.0,0.88,11200,21280.0,10080.0,56
2024-08-13,13,1,33,8,2024,Rainy,None,FMCG,Cold Drink 500ml,20,30,50.0,20,713,200,2,0.4,0.97,1140,1368.0,228.0,57
2024-08-13,13,1,33,8,2024,Rainy,None,Fashion,Kurta Women,280,549,96.07,15,77,20,5,5.6,0.97,25480,42465.15,16985.15,91
2024-08-13,13,1,33,8,2024,Rainy,None,FMCG,Shampoo Head&Shoulders,85,115,35.29,0,120,80,4,1.7,0.9,2465,3335.0,870.0,29
2024-08-13,13,1,33,8,2024,Rainy,None,Grocery,Salt 1kg,18,25,38.89,20,396,120,2,0.36,0.87,900,1000.0,100.0,50
2024-08-13,13,1,33,8,2024,Rainy,None,FMCG,Detergent Surf 1kg,95,125,31.58,5,175,90,3,1.9,0.76,2470,3087.5,617.5,26
2024-08-13,13,1,33,8,2024,Rainy,None,Agriculture,Pesticide 500ml,180,245,36.11,0,75,20,5,3.6,0.98,1800,2450.0,650.0,10
2024-08-14,14,2,33,8,2024,Rainy,None,Agriculture,Wheat Seeds 1kg,65,95,46.15,10,48,30,5,1.3,0.86,4420,5814.0,1394.0,68
2024-08-14,14,2,33,8,2024,Rainy,None,Fashion,T-Shirt Men,180,349,93.89,15,122,30,5,3.6,0.77,11700,19282.25,7582.25,65
2024-08-14,14,2,33,8,2024,Rainy,None,FMCG,Shampoo Head&Shoulders,85,115,35.29,0,327,80,4,1.7,0.83,10540,14260.0,3720.0,124
2024-08-14,14,2,33,8,2024,Rainy,None,Agriculture,Fertilizer NPK 1kg,125,168,34.4,0,35,25,6,2.5,0.99,7625,10248.0,2623.0,61
2024-08-14,14,2,33,8,2024,Rainy,None,FMCG,Gulal Colors Set,35,75,114.29,0,749,200,2,0.7,0.77,2625,5625.0,3000.0,75
2024-08-14,14,2,33,8,2024,Rainy,None,Stationery,Pen Blue Pack 10,25,40,60.0,0,555,200,2,0.5,0.94,1425,2280.0,855.0,57
2024-08-14,14,2,33,8,2024,Rainy,None,FMCG,Dandiya Sticks,40,85,112.5,20,550,200,2,0.8,0.97,3080,5236.0,2156.0,77
2024-08-15,15,3,33,8,2024,Rainy,None,Electronics,Smartphone Redmi,8500,10999,29.4,20,31,10,7,170.0,0.76,76500,79192.8,2692.8,9
2024-08-15,15,3,33,8,2024,Rainy,None,FMCG,Shampoo Head&Shoulders,85,115,35.29,10,320,80,4,1.7,0.77,6885,8383.5,1498.5,81
2024-08-15,15,3,33,8,2024,Rainy,None,Agriculture,Fertilizer NPK 1kg,125,168,34.4,0,106,25,6,2.5,0.9,11500,15456.0,3956.0,92
2024-08-15,15,3,33,8,2024,Rainy,None,FMCG,Puja Thali Set,125,245,96.0,0,164,50,3,2.5,0.98,5000,9800.0,4800.0,40
2024-08-16,16,4,33,8,2024,Rainy,Janmashtami,Fashion,Jeans Men,450,899,99.78,0,57,20,6,9.0,0.97,32850,65627.0,32777.0,73
2024-08-16,16,4,33,8,2024,Rainy,Janmashtami,FMCG,Detergent Surf 1kg,95,125,31.58,10,320,90,3,1.9,0.97,8930,10575.0,1645.0,94
2024-08-16,16,4,33,8,2024,Rainy,Janmashtami,Electronics,LED Bulb 9W,48,85,77.08,5,66,40,4,0.96,0.82,768,1292.0,524.0,16
2024-08-17,17,5,33,8,2024,Rainy,Raksha Bandhan,FMCG,Kite + String,25,55,120.0,20,320,300,2,0.5,0.79,4475,7876.0,3401.0,179
2024-08-17,17,5,33,8,2024,Rainy,Raksha Bandhan,Grocery,Salt 1kg,18,25,38.89,0,579,120,2,0.36,0.78,4554,6325.0,1771.0,253
2024-08-17,17,5,33,8,2024,Rainy,Raksha Bandhan,Stationery,Notebook A4,28,45,60.71,15,216,100,3,0.56,0.76,3024,4131.0,1107.0,108
2024-08-17,17,5,33,8,2024,Rainy,Raksha Bandhan,Stationery,Eraser Pack,12,20,66.67,15,222,150,2,0.24,0.99,612,867.0,255.0,51
2024-08-17,17,5,33,8,2024,Rainy,Raksha Bandhan,Fashion,T-Shirt Men,180,349,93.89,0,72,30,5,3.6,0.81,25380,49209.0,23829.0,141
2024-08-17,17,5,33,8,2024,Rainy,Raksha Bandhan,Stationery,Pencil Box,35,55,57.14,5,296,80,3,0.7,0.97,3115,4650.25,1535.25,89
2024-08-17,17,5,33,8,2024,Rainy,Raksha Bandhan,Agriculture,Pesticide 500ml,180,245,36.11,0,94,20,5,3.6,0.95,16920,23030.0,6110.0,94
2024-08-18,18,6,33,8,2024,Rainy,None,Electronics,Fan Table,850,1350,58.82,10,13,8,7,17.0,0.74,56950,81405.0,24455.0,67
2024-08-18,18,6,33,8,2024,Rainy,None,FMCG,Detergent Surf 1kg,95,125,31.58,15,215,90,3,1.9,0.87,1805,2018.75,213.75,19
2024-08-18,18,6,33,8,2024,Rainy,None,Stationery,Eraser Pack,12,20,66.67,0,666,150,2,0.24,0.85,384,640.0,256.0,32
2024-08-18,18,6,33,8,2024,Rainy,None,Grocery,Christmas Cake,180,320,77.78,20,58,30,2,3.6,0.77,18360,26112.0,7752.0,102
2024-08-18,18,6,33,8,2024,Rainy,None,Grocery,Sunflower Oil 1L,120,148,23.33,5,142,60,4,2.4,0.97,21360,25026.8,3666.8,178
2024-08-18,18,6,33,8,2024,Rainy,None,FMCG,Puja Thali Set,125,245,96.0,10,222,50,3,2.5,0.71,2750,4851.0,2101.0,22
2024-08-18,18,6,33,8,2024,Rainy,None,FMCG,Dandiya Sticks,40,85,112.5,0,411,200,2,0.8,0.84,4480,9520.0,5040.0,112
2024-08-18,18,6,33,8,2024,Rainy,None,Grocery,Basmati Rice 5kg,180,225,25.0,20,167,50,3,3.6,0.71,11340,11340.0,0.0,63
2024-08-19,19,0,34,8,2024,Rainy,None,Agriculture,Fertilizer NPK 1kg,125,168,34.4,10,72,25,6,2.5,0.84,12875,15573.6,2698.6,103
2024-08-19,19,0,34,8,2024,Rainy,None,FMCG,Puja Thali Set,125,245,96.0,10,176,50,3,2.5,0.8,7375,13009.5,5634.5,59
2024-08-19,19,0,34,8,2024,Rainy,None,FMCG,Detergent Surf 1kg,95,125,31.58,0,278,90,3,1.9,0.71,10450,13750.0,3300.0,110
2024-08-19,19,0,34,8,2024,Rainy,None,FMCG,Diya Set 12pc,48,95,97.92,0,395,150,2,0.96,0.91,3840,7600.0,3760.0,80
2024-08-19,19,0,34,8,2024,Rainy,None,Agriculture,Pesticide 500ml,180,245,36.11,5,100,20,5,3.6,0.72,6480,8379.0,1899.0,36
2024-08-19,19,0,34,8,2024,Rainy,None,Grocery,Salt 1kg,18,25,38.89,0,568,120,2,0.36,0.97,1350,1875.0,525.0,75
2024-08-19,19,0,34,8,2024,Rainy,None,Fashion,Saree Cotton,350,699,99.71,20,50,15,7,7.0,0.77,17150,27400.8,10250.8,49
2024-08-19,19,0,34,8,2024,Rainy,None,FMCG,Crackers Box,200,380,90.0,0,167,100,3,4.0,0.92,8000,15200.0,7200.0,40
2024-08-20,20,1,34,8,2024,Rainy,None,Stationery,Notebook A4,28,45,60.71,5,134,100,3,0.56,0.88,1456,2223.0,767.0,52
2024-08-20,20,1,34,8,2024,Rainy,None,FMCG,Toothpaste Colgate,55,75,36.36,15,291,100,3,1.1,0.85,1925,2231.25,306.25,35
2024-08-20,20,1,34,8,2024,Rainy,None,Grocery,Sugar 1kg,42,54,28.57,15,130,100,2,0.84,0.94,2814,3075.3,261.3,67
2024-08-20,20,1,34,8,2024,Rainy,None,Agriculture,Pesticide 500ml,180,245,36.11,0,69,20,5,3.6,0.93,6300,8575.0,2275.0,35
2024-08-20,20,1,34,8,2024,Rainy,None,FMCG,Crackers Box,200,380,90.0,0,362,100,3,4.0,0.92,17000,32300.0,15300.0,85
2024-08-20,20,1,34,8,2024,Rainy,None,FMCG,Diya Set 12pc,48,95,97.92,10,208,150,2,0.96,0.76,1488,2650.5,1162.5,31
2024-08-20,20,1,34,8,2024,Rainy,None,FMCG,Detergent Surf 1kg,95,125,31.58,15,213,90,3,1.9,0.75,7790,8712.5,922.5,82
2024-08-20,20,1,34,8,2024,Rainy,None,Stationery,Pen Blue Pack 10,25,40,60.0,0,491,200,2,0.5,0.96,975,1560.0,585.0,39
2024-08-21,21,2,34,8,2024,Rainy,Janmashtami,Grocery,Basmati Rice 5kg,180,225,25.0,20,73,50,3,3.6,0.75,3600,3600.0,0.0,20
2024-08-21,21,2,34,8,2024,Rainy,Janmashtami,FMCG,Cold Drink 500ml,20,30,50.0,15,239,200,2,0.4,0.81,860,1096.5,236.5,43
2024-08-21,21,2,34,8,2024,Rainy,Janmashtami,Grocery,Christmas Cake,180,320,77.78,20,103,30,2,3.6,0.8,12240,17408.0,5168.0,68
2024-08-21,21,2,34,8,2024,Rainy,Janmashtami,Electronics,Smartphone Redmi,8500,10999,29.4,10,28,10,7,170.0,0.98,221000,257376.6,36376.6,26
2024-08-21,21,2,34,8,2024,Rainy,Janmashtami,Agriculture,Wheat Seeds 1kg,65,95,46.15,5,132,30,5,1.3,0.97,5200,7220.0,2020.0,80
2024-08-22,22,3,34,8,2024,Rainy,Janmashtami,FMCG,Toothpaste Colgate,55,75,36.36,10,500,100,3,1.1,0.73,2475,3037.5,562.5,45
2024-08-22,22,3,34,8,2024,Rainy,Janmashtami,Fashion,Saree Cotton,350,699,99.71,20,61,15,7,7.0,0.99,27300,43617.6,16317.6,78
2024-08-22,22,3,34,8,2024,Rainy,Janmashtami,Fashion,Jeans Men,450,899,99.78,0,80,20,6,9.0,0.72,55800,111476.0,55676.0,124
2024-08-22,22,3,34,8,2024,Rainy,Janmashtami,Stationery,Eraser Pack,12,20,66.67,0,622,150,2,0.24,0.83,1716,2860.0,1144.0,143
2024-08-23,23,4,34,8,2024,Rainy,Independence Day,Grocery,Dal Toor 1kg,95,118,24.21,0,397,80,3,1.9,0.73,2185,2714.0,529.0,23
2024-08-23,23,4,34,8,2024,Rainy,Independence Day,FMCG,Cold Drink 500ml,20,30,50.0,15,429,200,2,0.4,0.71,1400,1785.0,385.0,70
2024-08-23,23,4,34,8,2024,Rainy,Independence Day,FMCG,Puja Thali Set,125,245,96.0,0,193,50,3,2.5,0.71,25750,50470.0,24720.0,206
2024-08-23,23,4,34,8,2024,Rainy,Independence Day,Electronics,Power Bank 10000mAh,650,1099,69.08,10,18,15,6,13.0,0.87,105300,160234.2,54934.2,162
2024-08-23,23,4,34,8,2024,Rainy,Independence Day,Fashion,T-Shirt Men,180,349,93.89,15,104,30,5,3.6,0.81,21960,36191.3,14231.3,122
2024-08-23,23,4,34,8,2024,Rainy,Independence Day,FMCG,Shampoo Head&Shoulders,85,115,35.29,5,160,80,4,1.7,0.76,9265,11908.25,2643.25,109
2024-08-24,24,5,34,8,2024,Rainy,Raksha Bandhan,FMCG,Biscuit Parle-G,8,12,50.0,10,355,200,2,0.16,0.77,808,1090.8,282.8,101
2024-08-24,24,5,34,8,2024,Rainy,Raksha Bandhan,Grocery,Eid Special Dates,280,450,60.71,5,116,40,4,5.6,0.99,52920,80797.5,27877.5,189
2024-08-24,24,5,34,8,2024,Rainy,Raksha Bandhan,Grocery,Sunflower Oil 1L,120,148,23.33,15,81,60,4,2.4,0.7,6120,6415.8,295.8,51
2024-08-24,24,5,34,8,2024,Rainy,Raksha Bandhan,FMCG,Diya Set 12pc,48,95,97.92,15,726,150,2,0.96,0.73,6480,10901.25,4421.25,135
2024-08-24,24,5,34,8,2024,Rainy,Raksha Bandhan,FMCG,Toothpaste Colgate,55,75,36.36,0,345,100,3,1.1,0.79,16610,22650.0,6040.0,302
2024-08-24,24,5,34,8,2024,Rainy,Raksha Bandhan,Grocery,Salt 1kg,18,25,38.89,0,489,120,2,0.36,0.76,396,550.0,154.0,22
2024-08-24,24,5,34,8,2024,Rainy,Raksha Bandhan,Electronics,Earphones Boat,350,599,71.14,0,51,20,5,7.0,0.78,8050,13777.0,5727.0,23
2024-08-25,25,6,34,8,2024,Rainy,Janmashtami,Grocery,Christmas Cake,180,320,77.78,5,135,30,2,3.6,0.91,33480,56544.0,23064.0,186
2024-08-25,25,6,34,8,2024,Rainy,Janmashtami,Stationery,Notebook A4,28,45,60.71,5,178,100,3,0.56,0.81,4368,6669.0,2301.0,156
2024-08-25,25,6,34,8,2024,Rainy,Janmashtami,Agriculture,Wheat Seeds 1kg,65,95,46.15,20,39,30,5,1.3,0.95,11895,13908.0,2013.0,183
2024-08-25,25,6,34,8,2024,Rainy,Janmashtami,Grocery,Wheat Flour 10kg,320,385,20.31,20,46,40,3,6.4,0.95,30400,29260.0,-1140.0,95
2024-08-25,25,6,34,8,2024,Rainy,Janmashtami,FMCG,Puja Thali Set,125,245,96.0,15,178,50,3,2.5,0.92,31500,52479.0,20979.0,252
2024-08-26,26,0,35,8,2024,Rainy,None,Grocery,Sugar 1kg,42,54,28.57,0,393,100,2,0.84,0.88,2310,2970.0,660.0,55
2024-08-26,26,0,35,8,2024,Rainy,None,Fashion,Saree Cotton,350,699,99.71,20,40,15,7,7.0,0.96,9100,14539.2,5439.2,26
2024-08-26,26,0,35,8,2024,Rainy,None,Agriculture,Fertilizer NPK 1kg,125,168,34.4,0,102,25,6,2.5,0.78,1125,1512.0,387.0,9
2024-08-27,27,1,35,8,2024,Rainy,Raksha Bandhan,Stationery,Pencil Box,35,55,57.14,0,84,80,3,0.7,0.93,2205,3465.0,1260.0,63
2024-08-27,27,1,35,8,2024,Rainy,Raksha Bandhan,Grocery,Christmas Cake,180,320,77.78,10,38,30,2,3.6,0.78,36540,58464.0,21924.0,203
2024-08-27,27,1,35,8,2024,Rainy,Raksha Bandhan,Electronics,Power Bank 10000mAh,650,1099,69.08,0,30,15,6,13.0,0.75,109850,185731.0,75881.0,169
2024-08-27,27,1,35,8,2024,Rainy,Raksha Bandhan,FMCG,Shampoo Head&Shoulders,85,115,35.29,0,287,80,4,1.7,0.8,9265,12535.0,3270.0,109
2024-08-27,27,1,35,8,2024,Rainy,Raksha Bandhan,FMCG,Dandiya Sticks,40,85,112.5,10,912,200,2,0.8,0.86,7400,14152.5,6752.5,185
2024-08-27,27,1,35,8,2024,Rainy,Raksha Bandhan,Electronics,Earphones Boat,350,599,71.14,10,41,20,5,7.0,0.77,52850,81404.1,28554.1,151
2024-08-27,27,1,35,8,2024,Rainy,Raksha Bandhan,Agriculture,Pesticide 500ml,180,245,36.11,0,83,20,5,3.6,0.76,1620,2205.0,585.0,9
2024-08-28,28,2,35,8,2024,Rainy,None,Fashion,Saree Cotton,350,699,99.71,20,64,15,7,7.0,0.73,5950,9506.4,3556.4,17
2024-08-28,28,2,35,8,2024,Rainy,None,FMCG,Kite + String,25,55,120.0,10,739,300,2,0.5,0.98,2425,4801.5,2376.5,97
2024-08-28,28,2,35,8,2024,Rainy,None,FMCG,Toothpaste Colgate,55,75,36.36,10,220,100,3,1.1,0.83,2365,2902.5,537.5,43
2024-08-28,28,2,35,8,2024,Rainy,None,Stationery,Notebook A4,28,45,60.71,10,380,100,3,0.56,0.91,3444,4981.5,1537.5,123
2024-08-28,28,2,35,8,2024,Rainy,None,Fashion,Kurta Women,280,549,96.07,0,44,20,5,5.6,0.74,18480,36234.0,17754.0,66
2024-08-28,28,2,35,8,2024,Rainy,None,Electronics,Fan Table,850,1350,58.82,0,24,8,7,17.0,0.91,63750,101250.0,37500.0,75
2024-08-28,28,2,35,8,2024,Rainy,None,Fashion,Shoes Casual,350,699,99.71,5,91,25,6,7.0,0.79,12950,24569.85,11619.85,37
2024-08-29,29,3,35,8,2024,Rainy,None,Electronics,Fan Table,850,1350,58.82,5,33,8,7,17.0,0.77,14450,21802.5,7352.5,17
2024-08-29,29,3,35,8,2024,Rainy,None,FMCG,Crackers Box,200,380,90.0,5,186,100,3,4.0,0.87,13200,23826.0,10626.0,66
2024-08-29,29,3,35,8,2024,Rainy,None,Agriculture,Wheat Seeds 1kg,65,95,46.15,5,63,30,5,1.3,0.81,4810,6678.5,1868.5,74
2024-08-29,29,3,35,8,2024,Rainy,None,FMCG,Gulal Colors Set,35,75,114.29,0,313,200,2,0.7,0.92,245,525.0,280.0,7
2024-08-29,29,3,35,8,2024,Rainy,None,Grocery,Christmas Cake,180,320,77.78,0,77,30,2,3.6,0.83,12960,23040.0,10080.0,72
2024-08-29,29,3,35,8,2024,Rainy,None,FMCG,Biscuit Parle-G,8,12,50.0,10,928,200,2,0.16,0.76,248,334.8,86.8,31
2024-08-30,30,4,35,8,2024,Rainy,Raksha Bandhan,Grocery,Salt 1kg,18,25,38.89,0,158,120,2,0.36,0.73,1620,2250.0,630.0,90
2024-08-30,30,4,35,8,2024,Rainy,Raksha Bandhan,Grocery,Christmas Cake,180,320,77.78,10,125,30,2,3.6,0.71,11700,18720.0,7020.0,65
2024-08-30,30,4,35,8,2024,Rainy,Raksha Bandhan,Stationery,Eraser Pack,12,20,66.67,0,426,150,2,0.24,0.81,744,1240.0,496.0,62
2024-08-30,30,4,35,8,2024,Rainy,Raksha Bandhan,FMCG,Kite + String,25,55,120.0,0,1115,300,2,0.5,0.85,2475,5445.0,2970.0,99
2024-08-30,30,4,35,8,2024,Rainy,Raksha Bandhan,Stationery,Pen Blue Pack 10,25,40,60.0,0,461,200,2,0.5,0.98,1825,2920.0,1095.0,73
2024-08-30,30,4,35,8,2024,Rainy,Raksha Bandhan,FMCG,Soap Lux,22,32,45.45,20,241,150,3,0.44,1.0,2244,2611.2,367.2,102
2024-08-31,31,5,35,8,2024,Rainy,None,Electronics,Smartphone Redmi,8500,10999,29.4,0,46,10,7,170.0,0.81,671500,868921.0,197421.0,79
2024-08-31,31,5,35,8,2024,Rainy,None,Fashion,T-Shirt Men,180,349,93.89,5,59,30,5,3.6,1.0,11520,21219.2,9699.2,64
2024-08-31,31,5,35,8,2024,Rainy,None,Electronics,Fan Table,850,1350,58.82,20,34,8,7,17.0,0.89,18700,23760.0,5060.0,22
2024-09-01,1,6,35,9,2024,Autumn,None,FMCG,Toothpaste Colgate,55,75,36.36,10,451,100,3,1.1,0.74,8140,9990.0,1850.0,148
2024-09-01,1,6,35,9,2024,Autumn,None,FMCG,Puja Thali Set,125,245,96.0,0,103,50,3,2.5,0.82,16375,32095.0,15720.0,131
2024-09-01,1,6,35,9,2024,Autumn,None,Electronics,USB Cable,45,89,97.78,10,218,50,4,0.9,0.94,2790,4966.2,2176.2,62
2024-09-01,1,6,35,9,2024,Autumn,None,FMCG,Crackers Box,200,380,90.0,0,447,100,3,4.0,0.89,28800,54720.0,25920.0,144
2024-09-02,2,0,36,9,2024,Autumn,Navratri,Grocery,Christmas Cake,180,320,77.78,5,44,30,2,3.6,0.72,18540,31312.0,12772.0,103
2024-09-02,2,0,36,9,2024,Autumn,Navratri,Electronics,Smartphone Redmi,8500,10999,29.4,5,11,10,7,170.0,0.77,663000,815025.9,152025.9,78
2024-09-02,2,0,36,9,2024,Autumn,Navratri,Electronics,LED Bulb 9W,48,85,77.08,20,183,40,4,0.96,0.78,6528,9248.0,2720.0,136
2024-09-03,3,1,36,9,2024,Autumn,None,FMCG,Gulal Colors Set,35,75,114.29,15,926,200,2,0.7,0.74,3815,6948.75,3133.75,109
2024-09-03,3,1,36,9,2024,Autumn,None,Agriculture,Pesticide 500ml,180,245,36.11,20,65,20,5,3.6,0.78,6660,7252.0,592.0,37
2024-09-03,3,1,36,9,2024,Autumn,None,Grocery,Sunflower Oil 1L,120,148,23.33,10,144,60,4,2.4,0.79,8640,9590.4,950.4,72
2024-09-03,3,1,36,9,2024,Autumn,None,Grocery,Basmati Rice 5kg,180,225,25.0,20,242,50,3,3.6,0.91,4320,4320.0,0.0,24
2024-09-03,3,1,36,9,2024,Autumn,None,Stationery,Eraser Pack,12,20,66.67,20,283,150,2,0.24,0.84,1020,1360.0,340.0,85
2024-09-03,3,1,36,9,2024,Autumn,None,FMCG,Cold Drink 500ml,20,30,50.0,0,212,200,2,0.4,0.73,1660,2490.0,830.0,83
2024-09-03,3,1,36,9,2024,Autumn,None,FMCG,Puja Thali Set,125,245,96.0,15,164,50,3,2.5,0.76,2500,4165.0,1665.0,20
2024-09-03,3,1,36,9,2024,Autumn,None,Grocery,Eid Special Dates,280,450,60.71,0,112,40,4,5.6,0.91,25480,40950.0,15470.0,91
2024-09-04,4,2,36,9,2024,Autumn,None,Grocery,Christmas Cake,180,320,77.78,15,135,30,2,3.6,0.75,8100,12240.0,4140.0,45
2024-09-04,4,2,36,9,2024,Autumn,None,FMCG,Cold Drink 500ml,20,30,50.0,0,935,200,2,0.4,0.73,2200,3300.0,1100.0,110
2024-09-04,4,2,36,9,2024,Autumn,None,Electronics,USB Cable,45,89,97.78,15,163,50,4,0.9,0.7,495,832.15,337.15,11
2024-09-04,4,2,36,9,2024,Autumn,None,Fashion,Saree Cotton,350,699,99.71,10,60,15,7,7.0,0.89,8400,15098.4,6698.4,24
2024-09-04,4,2,36,9,2024,Autumn,None,FMCG,Soap Lux,22,32,45.45,15,226,150,3,0.44,0.92,1540,1904.0,364.0,70
2024-09-05,5,3,36,9,2024,Autumn,None,Grocery,Sunflower Oil 1L,120,148,23.33,0,240,60,4,2.4,0.97,5880,7252.0,1372.0,49
2024-09-05,5,3,36,9,2024,Autumn,None,Electronics,Fan Table,850,1350,58.82,20,30,8,7,17.0,0.93,39100,49680.0,10580.0,46
2024-09-05,5,3,36,9,2024,Autumn,None,Grocery,Eid Special Dates,280,450,60.71,20,94,40,4,5.6,0.85,25200,32400.0,7200.0,90
2024-09-05,5,3,36,9,2024,Autumn,None,Fashion,Jeans Men,450,899,99.78,15,65,20,6,9.0,0.96,59850,101631.95,41781.95,133
2024-09-06,6,4,36,9,2024,Autumn,None,FMCG,Puja Thali Set,125,245,96.0,5,232,50,3,2.5,0.84,7875,14663.25,6788.25,63
2024-09-06,6,4,36,9,2024,Autumn,None,Grocery,Eid Special Dates,280,450,60.71,20,183,40,4,5.6,0.74,5320,6840.0,1520.0,19
2024-09-06,6,4,36,9,2024,Autumn,None,FMCG,Dandiya Sticks,40,85,112.5,15,679,200,2,0.8,0.99,880,1589.5,709.5,22
2024-09-06,6,4,36,9,2024,Autumn,None,FMCG,Soap Lux,22,32,45.45,15,434,150,3,0.44,0.72,2618,3236.8,618.8,119
2024-09-06,6,4,36,9,2024,Autumn,None,Electronics,Earphones Boat,350,599,71.14,15,93,20,5,7.0,0.74,2100,3054.9,954.9,6
2024-09-06,6,4,36,9,2024,Autumn,None,Grocery,Sugar 1kg,42,54,28.57,5,305,100,2,0.84,0.78,966,1179.9,213.9,23
2024-09-06,6,4,36,9,2024,Autumn,None,FMCG,Shampoo Head&Shoulders,85,115,35.29,5,378,80,4,1.7,0.96,2210,2840.5,630.5,26
2024-09-06,6,4,36,9,2024,Autumn,None,FMCG,Crackers Box,200,380,90.0,0,334,100,3,4.0,0.81,3800,7220.0,3420.0,19
2024-09-07,7,5,36,9,2024,Autumn,None,FMCG,Cold Drink 500ml,20,30,50.0,20,389,200,2,0.4,0.77,2220,2664.0,444.0,111
2024-09-07,7,5,36,9,2024,Autumn,None,Fashion,Jeans Men,450,899,99.78,15,91,20,6,9.0,0.9,74250,126084.75,51834.75,165
2024-09-07,7,5,36,9,2024,Autumn,None,FMCG,Puja Thali Set,125,245,96.0,15,64,50,3,2.5,0.84,16375,27280.75,10905.75,131
2024-09-07,7,5,36,9,2024,Autumn,None,Electronics,Earphones Boat,350,599,71.14,10,63,20,5,7.0,0.77,13300,20485.8,7185.8,38
2024-09-07,7,5,36,9,2024,Autumn,None,FMCG,Crackers Box,200,380,90.0,0,484,100,3,4.0,0.89,5600,10640.0,5040.0,28
2024-09-08,8,6,36,9,2024,Autumn,None,Grocery,Wheat Flour 10kg,320,385,20.31,15,44,40,3,6.4,0.74,31040,31743.25,703.25,97
2024-09-08,8,6,36,9,2024,Autumn,None,FMCG,Dandiya Sticks,40,85,112.5,5,408,200,2,0.8,0.86,4640,9367.0,4727.0,116
2024-09-08,8,6,36,9,2024,Autumn,None,FMCG,Detergent Surf 1kg,95,125,31.58,0,274,90,3,1.9,0.84,15295,20125.0,4830.0,161
2024-09-08,8,6,36,9,2024,Autumn,None,Grocery,Eid Special Dates,280,450,60.71,5,175,40,4,5.6,0.74,21280,32490.0,11210.0,76
2024-09-08,8,6,36,9,2024,Autumn,None,Stationery,Pencil Box,35,55,57.14,0,176,80,3,0.7,0.9,385,605.0,220.0,11
2024-09-08,8,6,36,9,2024,Autumn,None,FMCG,Gulal Colors Set,35,75,114.29,15,975,200,2,0.7,0.92,3570,6502.5,2932.5,102
2024-09-08,8,6,36,9,2024,Autumn,None,Grocery,Sugar 1kg,42,54,28.57,20,225,100,2,0.84,0.85,504,518.4,14.4,12
2024-09-09,9,0,37,9,2024,Autumn,None,FMCG,Crackers Box,200,380,90.0,15,396,100,3,4.0,0.77,19800,31977.0,12177.0,99
2024-09-09,9,0,37,9,2024,Autumn,None,FMCG,Diya Set 12pc,48,95,97.92,0,185,150,2,0.96,0.87,5472,10830.0,5358.0,114
2024-09-09,9,0,37,9,2024,Autumn,None,Stationery,Eraser Pack,12,20,66.67,10,427,150,2,0.24,0.88,564,846.0,282.0,47
2024-09-10,10,1,37,9,2024,Autumn,None,Agriculture,Wheat Seeds 1kg,65,95,46.15,0,116,30,5,1.3,0.96,5980,8740.0,2760.0,92
2024-09-10,10,1,37,9,2024,Autumn,None,FMCG,Puja Thali Set,125,245,96.0,20,163,50,3,2.5,0.74,8625,13524.0,4899.0,69
2024-09-10,10,1,37,9,2024,Autumn,None,Fashion,Jeans Men,450,899,99.78,5,55,20,6,9.0,0.73,37800,71740.2,33940.2,84
2024-09-10,10,1,37,9,2024,Autumn,None,FMCG,Kite + String,25,55,120.0,10,510,300,2,0.5,0.83,2275,4504.5,2229.5,91
2024-09-10,10,1,37,9,2024,Autumn,None,Agriculture,Fertilizer NPK 1kg,125,168,34.4,10,98,25,6,2.5,0.81,6125,7408.8,1283.8,49
2024-09-10,10,1,37,9,2024,Autumn,None,Stationery,Eraser Pack,12,20,66.67,20,491,150,2,0.24,0.93,156,208.0,52.0,13
2024-09-10,10,1,37,9,2024,Autumn,None,FMCG,Cold Drink 500ml,20,30,50.0,20,647,200,2,0.4,0.99,580,696.0,116.0,29
2024-09-10,10,1,37,9,2024,Autumn,None,FMCG,Dandiya Sticks,40,85,112.5,5,328,200,2,0.8,0.95,1600,3230.0,1630.0,40
2024-09-11,11,2,37,9,2024,Autumn,Navratri,Electronics,LED Bulb 9W,48,85,77.08,5,50,40,4,0.96,0.92,3648,6137.0,2489.0,76
2024-09-11,11,2,37,9,2024,Autumn,Navratri,Fashion,Shoes Casual,350,699,99.71,0,90,25,6,7.0,0.8,66850,133509.0,66659.0,191
2024-09-11,11,2,37,9,2024,Autumn,Navratri,FMCG,Detergent Surf 1kg,95,125,31.58,15,294,90,3,1.9,0.92,7790,8712.5,922.5,82
2024-09-11,11,2,37,9,2024,Autumn,Navratri,Stationery,Notebook A4,28,45,60.71,0,462,100,3,0.56,0.87,700,1125.0,425.0,25
2024-09-11,11,2,37,9,2024,Autumn,Navratri,Agriculture,Fertilizer NPK 1kg,125,168,34.4,5,28,25,6,2.5,0.72,12875,16438.8,3563.8,103
2024-09-11,11,2,37,9,2024,Autumn,Navratri,Electronics,USB Cable,45,89,97.78,20,103,50,4,0.9,0.82,4590,7262.4,2672.4,102
2024-09-12,12,3,37,9,2024,Autumn,Onam,Electronics,Earphones Boat,350,599,71.14,0,65,20,5,7.0,0.91,21000,35940.0,14940.0,60
2024-09-12,12,3,37,9,2024,Autumn,Onam,Electronics,Smartphone Redmi,8500,10999,29.4,0,18,10,7,170.0,0.97,1343000,1737842.0,394842.0,158
2024-09-12,12,3,37,9,2024,Autumn,Onam,FMCG,Shampoo Head&Shoulders,85,115,35.29,20,170,80,4,1.7,0.76,7565,8188.0,623.0,89
2024-09-12,12,3,37,9,2024,Autumn,Onam,FMCG,Puja Thali Set,125,245,96.0,20,59,50,3,2.5,0.77,23625,37044.0,13419.0,189
2024-09-12,12,3,37,9,2024,Autumn,Onam,Agriculture,Wheat Seeds 1kg,65,95,46.15,0,123,30,5,1.3,0.91,10920,15960.0,5040.0,168
2024-09-12,12,3,37,9,2024,Autumn,Onam,Electronics,USB Cable,45,89,97.78,0,199,50,4,0.9,0.79,540,1068.0,528.0,12
2024-09-13,13,4,37,9,2024,Autumn,Navratri,Electronics,Earphones Boat,350,599,71.14,15,88,20,5,7.0,0.97,13300,19347.7,6047.7,38
2024-09-13,13,4,37,9,2024,Autumn,Navratri,Electronics,LED Bulb 9W,48,85,77.08,10,133,40,4,0.96,0.82,2688,4284.0,1596.0,56
2024-09-13,13,4,37,9,2024,Autumn,Navratri,Grocery,Sunflower Oil 1L,120,148,23.33,20,225,60,4,2.4,0.85,3720,3670.4,-49.6,31
2024-09-13,13,4,37,9,2024,Autumn,Navratri,Grocery,Christmas Cake,180,320,77.78,10,58,30,2,3.6,0.83,2340,3744.0,1404.0,13
2024-09-13,13,4,37,9,2024,Autumn,Navratri,Agriculture,Fertilizer NPK 1kg,125,168,34.4,10,107,25,6,2.5,0.89,12750,15422.4,2672.4,102
2024-09-13,13,4,37,9,2024,Autumn,Navratri,Grocery,Basmati Rice 5kg,180,225,25.0,20,157,50,3,3.6,0.87,8460,8460.0,0.0,47
2024-09-13,13,4,37,9,2024,Autumn,Navratri,Electronics,Fan Table,850,1350,58.82,5,32,8,7,17.0,0.79,91800,138510.0,46710.0,108
2024-09-13,13,4,37,9,2024,Autumn,Navratri,FMCG,Biscuit Parle-G,8,12,50.0,20,945,200,2,0.16,0.95,1384,1660.8,276.8,173
2024-09-14,14,5,37,9,2024,Autumn,None,FMCG,Biscuit Parle-G,8,12,50.0,5,230,200,2,0.16,0.8,376,535.8,159.8,47
2024-09-14,14,5,37,9,2024,Autumn,None,Stationery,Notebook A4,28,45,60.71,15,330,100,3,0.56,0.76,1316,1797.75,481.75,47
2024-09-14,14,5,37,9,2024,Autumn,None,FMCG,Puja Thali Set,125,245,96.0,10,142,50,3,2.5,0.89,14500,25578.0,11078.0,116
2024-09-14,14,5,37,9,2024,Autumn,None,FMCG,Kite + String,25,55,120.0,0,1438,300,2,0.5,0.76,1025,2255.0,1230.0,41
2024-09-15,15,6,37,9,2024,Autumn,Onam,Grocery,Sunflower Oil 1L,120,148,23.33,0,212,60,4,2.4,0.85,11760,14504.0,2744.0,98
2024-09-15,15,6,37,9,2024,Autumn,Onam,Electronics,USB Cable,45,89,97.78,20,157,50,4,0.9,0.99,13050,20648.0,7598.0,290
2024-09-15,15,6,37,9,2024,Autumn,Onam,Agriculture,Pesticide 500ml,180,245,36.11,20,23,20,5,3.6,0.74,30420,33124.0,2704.0,169
2024-09-15,15,6,37,9,2024,Autumn,Onam,FMCG,Dandiya Sticks,40,85,112.5,0,954,200,2,0.8,0.89,7560,16065.0,8505.0,189
2024-09-15,15,6,37,9,2024,Autumn,Onam,FMCG,Crackers Box,200,380,90.0,5,334,100,3,4.0,0.77,6000,10830.0,4830.0,30
2024-09-15,15,6,37,9,2024,Autumn,Onam,Electronics,Earphones Boat,350,599,71.14,0,31,20,5,7.0,0.96,74900,128186.0,53286.0,214
2024-09-15,15,6,37,9,2024,Autumn,Onam,FMCG,Diya Set 12pc,48,95,97.92,20,694,150,2,0.96,0.83,13440,21280.0,7840.0,280
2024-09-16,16,0,38,9,2024,Autumn,None,FMCG,Dandiya Sticks,40,85,112.5,0,389,200,2,0.8,0.79,2040,4335.0,2295.0,51
2024-09-16,16,0,38,9,2024,Autumn,None,Grocery,Christmas Cake,180,320,77.78,20,49,30,2,3.6,0.73,15480,22016.0,6536.0,86
2024-09-16,16,0,38,9,2024,Autumn,None,Fashion,Shoes Casual,350,699,99.71,0,55,25,6,7.0,0.97,48300,96462.0,48162.0,138
2024-09-16,16,0,38,9,2024,Autumn,None,Grocery,Dal Toor 1kg,95,118,24.21,5,292,80,3,1.9,0.77,4845,5717.1,872.1,51
2024-09-17,17,1,38,9,2024,Autumn,None,Electronics,LED Bulb 9W,48,85,77.08,0,134,40,4,0.96,0.76,3648,6460.0,2812.0,76
2024-09-17,17,1,38,9,2024,Autumn,None,Fashion,Kurta Women,280,549,96.07,5,47,20,5,5.6,0.71,5320,9909.45,4589.45,19
2024-09-17,17,1,38,9,2024,Autumn,None,Fashion,T-Shirt Men,180,349,93.89,0,48,30,5,3.6,0.92,3600,6980.0,3380.0,20
2024-09-17,17,1,38,9,2024,Autumn,None,Grocery,Basmati Rice 5kg,180,225,25.0,5,146,50,3,3.6,0.77,7380,8763.75,1383.75,41
2024-09-17,17,1,38,9,2024,Autumn,None,Electronics,Smartphone Redmi,8500,10999,29.4,15,34,10,7,170.0,0.9,289000,317871.1,28871.1,34
2024-09-17,17,1,38,9,2024,Autumn,None,Fashion,Shoes Casual,350,699,99.71,5,48,25,6,7.0,0.75,18900,35858.7,16958.7,54
2024-09-17,17,1,38,9,2024,Autumn,None,Fashion,Saree Cotton,350,699,99.71,15,47,15,7,7.0,0.84,16100,27330.9,11230.9,46
2024-09-18,18,2,38,9,2024,Autumn,Navratri,Electronics,Earphones Boat,350,599,71.14,0,70,20,5,7.0,0.92,47600,81464.0,33864.0,136
2024-09-18,18,2,38,9,2024,Autumn,Navratri,Grocery,Salt 1kg,18,25,38.89,15,226,120,2,0.36,0.99,342,403.75,61.75,19
2024-09-18,18,2,38,9,2024,Autumn,Navratri,Agriculture,Wheat Seeds 1kg,65,95,46.15,15,68,30,5,1.3,0.98,1885,2341.75,456.75,29
2024-09-18,18,2,38,9,2024,Autumn,Navratri,Stationery,Pencil Box,35,55,57.14,5,181,80,3,0.7,0.9,4620,6897.0,2277.0,132
2024-09-18,18,2,38,9,2024,Autumn,Navratri,Grocery,Basmati Rice 5kg,180,225,25.0,10,211,50,3,3.6,0.98,23400,26325.0,2925.0,130
2024-09-18,18,2,38,9,2024,Autumn,Navratri,FMCG,Biscuit Parle-G,8,12,50.0,0,259,200,2,0.16,0.94,2376,3564.0,1188.0,297
2024-09-18,18,2,38,9,2024,Autumn,Navratri,FMCG,Soap Lux,22,32,45.45,10,657,150,3,0.44,0.73,594,777.6,183.6,27
2024-09-19,19,3,38,9,2024,Autumn,None,Fashion,T-Shirt Men,180,349,93.89,5,83,30,5,3.6,0.83,11340,20887.65,9547.65,63
2024-09-19,19,3,38,9,2024,Autumn,None,Stationery,Notebook A4,28,45,60.71,10,352,100,3,0.56,0.94,1624,2349.0,725.0,58
2024-09-19,19,3,38,9,2024,Autumn,None,FMCG,Dandiya Sticks,40,85,112.5,15,986,200,2,0.8,0.86,2080,3757.0,1677.0,52
2024-09-19,19,3,38,9,2024,Autumn,None,FMCG,Biscuit Parle-G,8,12,50.0,0,786,200,2,0.16,0.71,472,708.0,236.0,59
2024-09-19,19,3,38,9,2024,Autumn,None,Grocery,Basmati Rice 5kg,180,225,25.0,0,72,50,3,3.6,0.87,13140,16425.0,3285.0,73
2024-09-19,19,3,38,9,2024,Autumn,None,Grocery,Christmas Cake,180,320,77.78,5,68,30,2,3.6,0.92,20700,34960.0,14260.0,115
2024-09-20,20,4,38,9,2024,Autumn,Onam,Grocery,Dal Toor 1kg,95,118,24.21,0,286,80,3,1.9,0.85,2470,3068.0,598.0,26
2024-09-20,20,4,38,9,2024,Autumn,Onam,FMCG,Crackers Box,200,380,90.0,10,302,100,3,4.0,0.75,17200,29412.0,12212.0,86
2024-09-20,20,4,38,9,2024,Autumn,Onam,FMCG,Kite + String,25,55,120.0,0,392,300,2,0.5,0.85,700,1540.0,840.0,28
2024-09-20,20,4,38,9,2024,Autumn,Onam,FMCG,Diya Set 12pc,48,95,97.92,10,549,150,2,0.96,0.78,11760,20947.5,9187.5,245
2024-09-20,20,4,38,9,2024,Autumn,Onam,Electronics,Power Bank 10000mAh,650,1099,69.08,20,29,15,6,13.0,0.79,38350,51872.8,13522.8,59
2024-09-20,20,4,38,9,2024,Autumn,Onam,Agriculture,Fertilizer NPK 1kg,125,168,34.4,20,92,25,6,2.5,0.82,9125,9811.2,686.2,73
2024-09-21,21,5,38,9,2024,Autumn,Navratri,FMCG,Cold Drink 500ml,20,30,50.0,10,733,200,2,0.4,0.86,5000,6750.0,1750.0,250
2024-09-21,21,5,38,9,2024,Autumn,Navratri,FMCG,Soap Lux,22,32,45.45,0,579,150,3,0.44,0.89,5808,8448.0,2640.0,264
2024-09-21,21,5,38,9,2024,Autumn,Navratri,FMCG,Biscuit Parle-G,8,12,50.0,5,506,200,2,0.16,0.88,1848,2633.4,785.4,231
2024-09-21,21,5,38,9,2024,Autumn,Navratri,Fashion,Shoes Casual,350,699,99.71,0,58,25,6,7.0,0.83,70000,139800.0,69800.0,200
2024-09-21,21,5,38,9,2024,Autumn,Navratri,Stationery,Pen Blue Pack 10,25,40,60.0,5,796,200,2,0.5,0.74,3200,4864.0,1664.0,128
2024-09-22,22,6,38,9,2024,Autumn,None,Grocery,Dal Toor 1kg,95,118,24.21,0,287,80,3,1.9,0.91,15010,18644.0,3634.0,158
2024-09-22,22,6,38,9,2024,Autumn,None,Agriculture,Wheat Seeds 1kg,65,95,46.15,0,120,30,5,1.3,0.85,8970,13110.0,4140.0,138
2024-09-22,22,6,38,9,2024,Autumn,None,Grocery,Christmas Cake,180,320,77.78,15,145,30,2,3.6,0.89,4320,6528.0,2208.0,24
2024-09-22,22,6,38,9,2024,Autumn,None,FMCG,Cold Drink 500ml,20,30,50.0,0,733,200,2,0.4,0.88,1420,2130.0,710.0,71
2024-09-22,22,6,38,9,2024,Autumn,None,FMCG,Kite + String,25,55,120.0,0,1413,300,2,0.5,0.82,1475,3245.0,1770.0,59
2024-09-22,22,6,38,9,2024,Autumn,None,FMCG,Soap Lux,22,32,45.45,15,378,150,3,0.44,0.85,1914,2366.4,452.4,87
2024-09-22,22,6,38,9,2024,Autumn,None,Fashion,Kurta Women,280,549,96.07,0,23,20,5,5.6,0.75,3080,6039.0,2959.0,11
2024-09-22,22,6,38,9,2024,Autumn,None,Grocery,Wheat Flour 10kg,320,385,20.31,0,172,40,3,6.4,0.7,33280,40040.0,6760.0,104
2024-09-23,23,0,39,9,2024,Autumn,None,Grocery,Salt 1kg,18,25,38.89,20,397,120,2,0.36,0.73,1332,1480.0,148.0,74
2024-09-23,23,0,39,9,2024,Autumn,None,FMCG,Cold Drink 500ml,20,30,50.0,0,965,200,2,0.4,0.97,1880,2820.0,940.0,94
2024-09-23,23,0,39,9,2024,Autumn,None,Fashion,T-Shirt Men,180,349,93.89,20,107,30,5,3.6,0.87,4680,7259.2,2579.2,26
2024-09-24,24,1,39,9,2024,Autumn,Navratri,FMCG,Soap Lux,22,32,45.45,15,740,150,3,0.44,0.82,5896,7289.6,1393.6,268
2024-09-24,24,1,39,9,2024,Autumn,Navratri,Electronics,Smartphone Redmi,8500,10999,29.4,5,41,10,7,170.0,0.72,229500,282124.35,52624.35,27
2024-09-24,24,1,39,9,2024,Autumn,Navratri,Stationery,Pencil Box,35,55,57.14,0,239,80,3,0.7,0.88,3080,4840.0,1760.0,88
2024-09-24,24,1,39,9,2024,Autumn,Navratri,Stationery,Notebook A4,28,45,60.71,0,484,100,3,0.56,0.95,1400,2250.0,850.0,50
2024-09-24,24,1,39,9,2024,Autumn,Navratri,Grocery,Sunflower Oil 1L,120,148,23.33,20,260,60,4,2.4,0.95,26520,26166.4,-353.6,221
2024-09-24,24,1,39,9,2024,Autumn,Navratri,Fashion,Shoes Casual,350,699,99.71,0,114,25,6,7.0,0.73,11550,23067.0,11517.0,33
2024-09-24,24,1,39,9,2024,Autumn,Navratri,Fashion,Kurta Women,280,549,96.07,5,95,20,5,5.6,0.77,17360,32336.1,14976.1,62
2024-09-25,25,2,39,9,2024,Autumn,None,Grocery,Salt 1kg,18,25,38.89,0,560,120,2,0.36,0.93,252,350.0,98.0,14
2024-09-25,25,2,39,9,2024,Autumn,None,Electronics,Smartphone Redmi,8500,10999,29.4,0,23,10,7,170.0,0.84,119000,153986.0,34986.0,14
2024-09-25,25,2,39,9,2024,Autumn,None,Electronics,Fan Table,850,1350,58.82,15,38,8,7,17.0,0.85,18700,25245.0,6545.0,22
2024-09-25,25,2,39,9,2024,Autumn,None,Grocery,Eid Special Dates,280,450,60.71,10,79,40,4,5.6,0.91,27720,40095.0,12375.0,99
2024-09-26,26,3,39,9,2024,Autumn,Navratri,FMCG,Kite + String,25,55,120.0,5,770,300,2,0.5,0.98,2150,4493.5,2343.5,86
2024-09-26,26,3,39,9,2024,Autumn,Navratri,Grocery,Basmati Rice 5kg,180,225,25.0,5,144,50,3,3.6,0.98,43200,51300.0,8100.0,240
2024-09-26,26,3,39,9,2024,Autumn,Navratri,Stationery,Pen Blue Pack 10,25,40,60.0,5,295,200,2,0.5,0.75,1675,2546.0,871.0,67
2024-09-26,26,3,39,9,2024,Autumn,Navratri,Stationery,Pencil Box,35,55,57.14,0,112,80,3,0.7,0.86,3850,6050.0,2200.0,110
2024-09-26,26,3,39,9,2024,Autumn,Navratri,FMCG,Biscuit Parle-G,8,12,50.0,0,927,200,2,0.16,0.89,720,1080.0,360.0,90
2024-09-27,27,4,39,9,2024,Autumn,None,Electronics,USB Cable,45,89,97.78,10,198,50,4,0.9,0.92,4815,8570.7,3755.7,107
2024-09-27,27,4,39,9,2024,Autumn,None,Electronics,Smartphone Redmi,8500,10999,29.4,0,19,10,7,170.0,0.77,136000,175984.0,39984.0,16
2024-09-27,27,4,39,9,2024,Autumn,None,Grocery,Sugar 1kg,42,54,28.57,20,274,100,2,0.84,0.88,2688,2764.8,76.8,64
2024-09-27,27,4,39,9,2024,Autumn,None,FMCG,Cold Drink 500ml,20,30,50.0,10,307,200,2,0.4,0.95,2240,3024.0,784.0,112
2024-09-28,28,5,39,9,2024,Autumn,None,Stationery,Pen Blue Pack 10,25,40,60.0,0,250,200,2,0.5,0.95,525,840.0,315.0,21
2024-09-28,28,5,39,9,2024,Autumn,None,FMCG,Biscuit Parle-G,8,12,50.0,20,325,200,2,0.16,0.82,736,883.2,147.2,92
2024-09-28,28,5,39,9,2024,Autumn,None,Stationery,Pencil Box,35,55,57.14,0,365,80,3,0.7,0.93,1435,2255.0,820.0,41
2024-09-28,28,5,39,9,2024,Autumn,None,Grocery,Sugar 1kg,42,54,28.57,0,308,100,2,0.84,0.95,3066,3942.0,876.0,73
2024-09-28,28,5,39,9,2024,Autumn,None,Fashion,T-Shirt Men,180,349,93.89,10,93,30,5,3.6,0.97,5580,9737.1,4157.1,31
2024-09-28,28,5,39,9,2024,Autumn,None,Fashion,Shoes Casual,350,699,99.71,0,95,25,6,7.0,0.95,7350,14679.0,7329.0,21
2024-09-28,28,5,39,9,2024,Autumn,None,Grocery,Wheat Flour 10kg,320,385,20.31,0,107,40,3,6.4,0.78,34880,41965.0,7085.0,109
2024-09-29,29,6,39,9,2024,Autumn,None,Grocery,Wheat Flour 10kg,320,385,20.31,10,73,40,3,6.4,0.91,4800,5197.5,397.5,15
2024-09-29,29,6,39,9,2024,Autumn,None,Stationery,Pencil Box,35,55,57.14,5,301,80,3,0.7,0.88,2415,3605.25,1190.25,69
2024-09-29,29,6,39,9,2024,Autumn,None,Grocery,Basmati Rice 5kg,180,225,25.0,0,139,50,3,3.6,0.87,28080,35100.0,7020.0,156
2024-09-29,29,6,39,9,2024,Autumn,None,Grocery,Christmas Cake,180,320,77.78,0,107,30,2,3.6,0.99,19620,34880.0,15260.0,109
2024-09-29,29,6,39,9,2024,Autumn,None,Fashion,Kurta Women,280,549,96.07,0,99,20,5,5.6,0.9,22120,43371.0,21251.0,79
2024-09-30,30,0,40,9,2024,Autumn,None,Fashion,Shoes Casual,350,699,99.71,0,76,25,6,7.0,0.93,37800,75492.0,37692.0,108
2024-09-30,30,0,40,9,2024,Autumn,None,Agriculture,Pesticide 500ml,180,245,36.11,10,64,20,5,3.6,0.76,3960,4851.0,891.0,22
2024-09-30,30,0,40,9,2024,Autumn,None,Agriculture,Fertilizer NPK 1kg,125,168,34.4,0,61,25,6,2.5,0.85,10250,13776.0,3526.0,82
2024-09-30,30,0,40,9,2024,Autumn,None,Agriculture,Wheat Seeds 1kg,65,95,46.15,10,67,30,5,1.3,0.9,3900,5130.0,1230.0,60
2024-09-30,30,0,40,9,2024,Autumn,None,FMCG,Cold Drink 500ml,20,30,50.0,5,214,200,2,0.4,0.74,1980,2821.5,841.5,99
2024-10-01,1,1,40,10,2024,Autumn,Diwali,Stationery,Pen Blue Pack 10,25,40,60.0,10,986,200,2,0.5,0.76,3075,4428.0,1353.0,123
2024-10-01,1,1,40,10,2024,Autumn,Diwali,FMCG,Shampoo Head&Shoulders,85,115,35.29,10,284,80,4,1.7,0.96,23205,28255.5,5050.5,273
2024-10-01,1,1,40,10,2024,Autumn,Diwali,Agriculture,Fertilizer NPK 1kg,125,168,34.4,10,30,25,6,2.5,0.74,9000,10886.4,1886.4,72
2024-10-01,1,1,40,10,2024,Autumn,Diwali,Grocery,Christmas Cake,180,320,77.78,0,93,30,2,3.6,0.92,22860,40640.0,17780.0,127
2024-10-01,1,1,40,10,2024,Autumn,Diwali,Grocery,Dal Toor 1kg,95,118,24.21,20,112,80,3,1.9,0.97,9025,8968.0,-57.0,95
2024-10-01,1,1,40,10,2024,Autumn,Diwali,FMCG,Soap Lux,22,32,45.45,20,361,150,3,0.44,0.73,7986,9292.8,1306.8,363
2024-10-01,1,1,40,10,2024,Autumn,Diwali,FMCG,Kite + String,25,55,120.0,0,667,300,2,0.5,0.99,4450,9790.0,5340.0,178
2024-10-01,1,1,40,10,2024,Autumn,Diwali,Electronics,Smartphone Redmi,8500,10999,29.4,0,34,10,7,170.0,0.95,663000,857922.0,194922.0,78
2024-10-02,2,2,40,10,2024,Autumn,None,FMCG,Crackers Box,200,380,90.0,0,285,100,3,4.0,0.99,16200,30780.0,14580.0,81
2024-10-02,2,2,40,10,2024,Autumn,None,Fashion,Saree Cotton,350,699,99.71,0,15,15,7,7.0,0.89,30100,60114.0,30014.0,86
2024-10-02,2,2,40,10,2024,Autumn,None,Fashion,Jeans Men,450,899,99.78,15,31,20,6,9.0,0.76,22950,38971.65,16021.65,51
2024-10-03,3,3,40,10,2024,Autumn,None,FMCG,Diya Set 12pc,48,95,97.92,0,385,150,2,0.96,0.79,3552,7030.0,3478.0,74
2024-10-03,3,3,40,10,2024,Autumn,None,Electronics,Fan Table,850,1350,58.82,0,15,8,7,17.0,0.7,36550,58050.0,21500.0,43
2024-10-03,3,3,40,10,2024,Autumn,None,Stationery,Notebook A4,28,45,60.71,0,396,100,3,0.56,0.78,1120,1800.0,680.0,40
2024-10-04,4,4,40,10,2024,Autumn,None,Electronics,USB Cable,45,89,97.78,10,117,50,4,0.9,0.91,4185,7449.3,3264.3,93
2024-10-04,4,4,40,10,2024,Autumn,None,FMCG,Biscuit Parle-G,8,12,50.0,20,850,200,2,0.16,0.84,384,460.8,76.8,48
2024-10-04,4,4,40,10,2024,Autumn,None,Electronics,Fan Table,850,1350,58.82,20,17,8,7,17.0,0.91,80750,102600.0,21850.0,95
2024-10-04,4,4,40,10,2024,Autumn,None,Grocery,Salt 1kg,18,25,38.89,0,169,120,2,0.36,0.98,270,375.0,105.0,15
2024-10-04,4,4,40,10,2024,Autumn,None,Grocery,Wheat Flour 10kg,320,385,20.31,5,63,40,3,6.4,0.77,27520,31454.5,3934.5,86
2024-10-05,5,5,40,10,2024,Autumn,None,Grocery,Eid Special Dates,280,450,60.71,10,119,40,4,5.6,0.75,23520,34020.0,10500.0,84
2024-10-05,5,5,40,10,2024,Autumn,None,FMCG,Crackers Box,200,380,90.0,5,365,100,3,4.0,0.93,23000,41515.0,18515.0,115
2024-10-05,5,5,40,10,2024,Autumn,None,Grocery,Dal Toor 1kg,95,118,24.21,20,250,80,3,1.9,0.81,11590,11516.8,-73.2,122
2024-10-05,5,5,40,10,2024,Autumn,None,FMCG,Diya Set 12pc,48,95,97.92,5,505,150,2,0.96,0.96,6912,12996.0,6084.0,144
2024-10-05,5,5,40,10,2024,Autumn,None,FMCG,Biscuit Parle-G,8,12,50.0,5,507,200,2,0.16,0.85,552,786.6,234.6,69
2024-10-05,5,5,40,10,2024,Autumn,None,Grocery,Basmati Rice 5kg,180,225,25.0,10,243,50,3,3.6,1.0,6480,7290.0,810.0,36
2024-10-05,5,5,40,10,2024,Autumn,None,Grocery,Sunflower Oil 1L,120,148,23.33,20,135,60,4,2.4,0.92,4800,4736.0,-64.0,40
2024-10-06,6,6,40,10,2024,Autumn,None,Fashion,Saree Cotton,350,699,99.71,10,50,15,7,7.0,0.71,61600,110721.6,49121.6,176
2024-10-06,6,6,40,10,2024,Autumn,None,Electronics,Smartphone Redmi,8500,10999,29.4,0,33,10,7,170.0,0.77,493000,637942.0,144942.0,58
2024-10-06,6,6,40,10,2024,Autumn,None,FMCG,Soap Lux,22,32,45.45,15,633,150,3,0.44,0.75,2706,3345.6,639.6,123
2024-10-06,6,6,40,10,2024,Autumn,None,Grocery,Salt 1kg,18,25,38.89,0,342,120,2,0.36,0.81,1890,2625.0,735.0,105
2024-10-07,7,0,41,10,2024,Autumn,None,Grocery,Sunflower Oil 1L,120,148,23.33,15,245,60,4,2.4,0.9,11280,11825.2,545.2,94
2024-10-07,7,0,41,10,2024,Autumn,None,FMCG,Kite + String,25,55,120.0,0,447,300,2,0.5,0.91,2250,4950.0,2700.0,90
2024-10-07,7,0,41,10,2024,Autumn,None,FMCG,Shampoo Head&Shoulders,85,115,35.29,20,279,80,4,1.7,0.87,4420,4784.0,364.0,52
2024-10-07,7,0,41,10,2024,Autumn,None,Grocery,Eid Special Dates,280,450,60.71,10,74,40,4,5.6,0.82,9240,13365.0,4125.0,33
2024-10-07,7,0,41,10,2024,Autumn,None,FMCG,Puja Thali Set,125,245,96.0,0,125,50,3,2.5,0.91,1625,3185.0,1560.0,13
2024-10-07,7,0,41,10,2024,Autumn,None,Fashion,Jeans Men,450,899,99.78,0,53,20,6,9.0,0.77,30150,60233.0,30083.0,67
2024-10-08,8,1,41,10,2024,Autumn,None,FMCG,Soap Lux,22,32,45.45,20,510,150,3,0.44,0.91,2046,2380.8,334.8,93
2024-10-08,8,1,41,10,2024,Autumn,None,Grocery,Basmati Rice 5kg,180,225,25.0,0,104,50,3,3.6,0.72,11340,14175.0,2835.0,63
2024-10-08,8,1,41,10,2024,Autumn,None,Stationery,Pen Blue Pack 10,25,40,60.0,20,325,200,2,0.5,0.91,2075,2656.0,581.0,83
2024-10-08,8,1,41,10,2024,Autumn,None,Grocery,Dal Toor 1kg,95,118,24.21,0,204,80,3,1.9,0.97,3990,4956.0,966.0,42
2024-10-08,8,1,41,10,2024,Autumn,None,Electronics,Fan Table,850,1350,58.82,20,18,8,7,17.0,0.89,109650,139320.0,29670.0,129
2024-10-08,8,1,41,10,2024,Autumn,None,Fashion,T-Shirt Men,180,349,93.89,20,33,30,5,3.6,0.93,15120,23452.8,8332.8,84
2024-10-08,8,1,41,10,2024,Autumn,None,Fashion,Shoes Casual,350,699,99.71,15,63,25,6,7.0,0.77,19600,33272.4,13672.4,56
2024-10-08,8,1,41,10,2024,Autumn,None,Grocery,Salt 1kg,18,25,38.89,0,484,120,2,0.36,0.86,1602,2225.0,623.0,89
2024-10-09,9,2,41,10,2024,Autumn,Navratri,FMCG,Dandiya Sticks,40,85,112.5,10,927,200,2,0.8,1.0,6920,13234.5,6314.5,173
2024-10-09,9,2,41,10,2024,Autumn,Navratri,Stationery,Eraser Pack,12,20,66.67,20,736,150,2,0.24,0.88,312,416.0,104.0,26
2024-10-09,9,2,41,10,2024,Autumn,Navratri,Grocery,Salt 1kg,18,25,38.89,5,343,120,2,0.36,0.99,1476,1947.5,471.5,82
2024-10-09,9,2,41,10,2024,Autumn,Navratri,FMCG,Crackers Box,200,380,90.0,0,247,100,3,4.0,0.88,44800,85120.0,40320.0,224
2024-10-09,9,2,41,10,2024,Autumn,Navratri,FMCG,Diya Set 12pc,48,95,97.92,0,314,150,2,0.96,0.75,4944,9785.0,4841.0,103
2024-10-10,10,3,41,10,2024,Autumn,None,Fashion,Saree Cotton,350,699,99.71,5,28,15,7,7.0,0.91,2800,5312.4,2512.4,8
2024-10-10,10,3,41,10,2024,Autumn,None,Electronics,LED Bulb 9W,48,85,77.08,0,141,40,4,0.96,0.87,4224,7480.0,3256.0,88
2024-10-10,10,3,41,10,2024,Autumn,None,FMCG,Dandiya Sticks,40,85,112.5,0,708,200,2,0.8,0.78,3720,7905.0,4185.0,93
2024-10-10,10,3,41,10,2024,Autumn,None,Grocery,Sunflower Oil 1L,120,148,23.33,5,158,60,4,2.4,0.82,960,1124.8,164.8,8
2024-10-11,11,4,41,10,2024,Autumn,Diwali,Stationery,Pencil Box,35,55,57.14,20,172,80,3,0.7,0.94,1610,2024.0,414.0,46
2024-10-11,11,4,41,10,2024,Autumn,Diwali,Grocery,Basmati Rice 5kg,180,225,25.0,15,198,50,3,3.6,0.95,30960,32895.0,1935.0,172
2024-10-11,11,4,41,10,2024,Autumn,Diwali,Agriculture,Fertilizer NPK 1kg,125,168,34.4,0,93,25,6,2.5,0.75,10625,14280.0,3655.0,85
2024-10-11,11,4,41,10,2024,Autumn,Diwali,Stationery,Pen Blue Pack 10,25,40,60.0,10,336,200,2,0.5,0.83,2350,3384.0,1034.0,94
2024-10-11,11,4,41,10,2024,Autumn,Diwali,FMCG,Shampoo Head&Shoulders,85,115,35.29,15,181,80,4,1.7,0.96,12750,14662.5,1912.5,150
2024-10-12,12,5,41,10,2024,Autumn,None,Stationery,Notebook A4,28,45,60.71,0,303,100,3,0.56,0.71,2940,4725.0,1785.0,105
2024-10-12,12,5,41,10,2024,Autumn,None,Grocery,Christmas Cake,180,320,77.78,0,59,30,2,3.6,0.73,22500,40000.0,17500.0,125
2024-10-12,12,5,41,10,2024,Autumn,None,Agriculture,Wheat Seeds 1kg,65,95,46.15,0,63,30,5,1.3,0.76,4225,6175.0,1950.0,65
2024-10-12,12,5,41,10,2024,Autumn,None,Grocery,Eid Special Dates,280,450,60.71,0,110,40,4,5.6,0.87,40320,64800.0,24480.0,144
2024-10-12,12,5,41,10,2024,Autumn,None,FMCG,Detergent Surf 1kg,95,125,31.58,10,356,90,3,1.9,0.9,2470,2925.0,455.0,26
2024-10-13,13,6,41,10,2024,Autumn,Navratri,Fashion,Shoes Casual,350,699,99.71,15,112,25,6,7.0,0.73,76300,129524.7,53224.7,218
2024-10-13,13,6,41,10,2024,Autumn,Navratri,FMCG,Biscuit Parle-G,8,12,50.0,20,927,200,2,0.16,0.92,248,297.6,49.6,31
2024-10-13,13,6,41,10,2024,Autumn,Navratri,FMCG,Toothpaste Colgate,55,75,36.36,0,370,100,3,1.1,0.73,12870,17550.0,4680.0,234
2024-10-13,13,6,41,10,2024,Autumn,Navratri,Electronics,LED Bulb 9W,48,85,77.08,15,188,40,4,0.96,0.8,7008,10548.5,3540.5,146
2024-10-13,13,6,41,10,2024,Autumn,Navratri,FMCG,Cold Drink 500ml,20,30,50.0,0,926,200,2,0.4,0.81,8240,12360.0,4120.0,412
2024-10-13,13,6,41,10,2024,Autumn,Navratri,FMCG,Soap Lux,22,32,45.45,0,402,150,3,0.44,0.85,2310,3360.0,1050.0,105
2024-10-14,14,0,42,10,2024,Autumn,None,FMCG,Biscuit Parle-G,8,12,50.0,5,381,200,2,0.16,0.85,592,843.6,251.6,74
2024-10-14,14,0,42,10,2024,Autumn,None,Electronics,Earphones Boat,350,599,71.14,5,80,20,5,7.0,0.85,28700,46662.1,17962.1,82
2024-10-14,14,0,42,10,2024,Autumn,None,Stationery,Eraser Pack,12,20,66.67,10,722,150,2,0.24,0.83,528,792.0,264.0,44
2024-10-14,14,0,42,10,2024,Autumn,None,Electronics,Smartphone Redmi,8500,10999,29.4,0,26,10,7,170.0,1.0,433500,560949.0,127449.0,51
2024-10-15,15,1,42,10,2024,Autumn,None,Grocery,Christmas Cake,180,320,77.78,10,113,30,2,3.6,0.86,2340,3744.0,1404.0,13
2024-10-15,15,1,42,10,2024,Autumn,None,Fashion,Shoes Casual,350,699,99.71,0,87,25,6,7.0,0.96,14700,29358.0,14658.0,42
2024-10-15,15,1,42,10,2024,Autumn,None,Electronics,USB Cable,45,89,97.78,0,53,50,4,0.9,0.9,1935,3827.0,1892.0,43
2024-10-16,16,2,42,10,2024,Autumn,Dussehra,Stationery,Pencil Box,35,55,57.14,10,349,80,3,0.7,0.99,1050,1485.0,435.0,30
2024-10-16,16,2,42,10,2024,Autumn,Dussehra,FMCG,Soap Lux,22,32,45.45,0,353,150,3,0.44,0.82,2596,3776.0,1180.0,118
2024-10-16,16,2,42,10,2024,Autumn,Dussehra,Stationery,Notebook A4,28,45,60.71,0,488,100,3,0.56,0.72,3584,5760.0,2176.0,128
2024-10-16,16,2,42,10,2024,Autumn,Dussehra,Grocery,Wheat Flour 10kg,320,385,20.31,10,174,40,3,6.4,0.99,3520,3811.5,291.5,11
2024-10-16,16,2,42,10,2024,Autumn,Dussehra,Grocery,Sunflower Oil 1L,120,148,23.33,0,292,60,4,2.4,0.95,15960,19684.0,3724.0,133
2024-10-16,16,2,42,10,2024,Autumn,Dussehra,FMCG,Biscuit Parle-G,8,12,50.0,20,218,200,2,0.16,0.79,1808,2169.6,361.6,226
2024-10-17,17,3,42,10,2024,Autumn,None,Grocery,Eid Special Dates,280,450,60.71,10,99,40,4,5.6,0.82,20160,29160.0,9000.0,72
2024-10-17,17,3,42,10,2024,Autumn,None,Grocery,Dal Toor 1kg,95,118,24.21,0,281,80,3,1.9,0.74,1140,1416.0,276.0,12
2024-10-17,17,3,42,10,2024,Autumn,None,Fashion,Kurta Women,280,549,96.07,20,78,20,5,5.6,0.75,14000,21960.0,7960.0,50
2024-10-17,17,3,42,10,2024,Autumn,None,FMCG,Gulal Colors Set,35,75,114.29,0,258,200,2,0.7,0.81,1855,3975.0,2120.0,53
2024-10-17,17,3,42,10,2024,Autumn,None,Electronics,USB Cable,45,89,97.78,20,162,50,4,0.9,0.99,3465,5482.4,2017.4,77
2024-10-17,17,3,42,10,2024,Autumn,None,Grocery,Wheat Flour 10kg,320,385,20.31,0,160,40,3,6.4,0.73,23680,28490.0,4810.0,74
2024-10-17,17,3,42,10,2024,Autumn,None,Stationery,Pen Blue Pack 10,25,40,60.0,20,898,200,2,0.5,0.83,1800,2304.0,504.0,72
2024-10-17,17,3,42,10,2024,Autumn,None,FMCG,Crackers Box,200,380,90.0,0,350,100,3,4.0,0.84,8200,15580.0,7380.0,41
2024-10-18,18,4,42,10,2024,Autumn,None,FMCG,Soap Lux,22,32,45.45,0,360,150,3,0.44,0.89,2266,3296.0,1030.0,103
2024-10-18,18,4,42,10,2024,Autumn,None,Fashion,Kurta Women,280,549,96.07,0,95,20,5,5.6,0.83,20720,40626.0,19906.0,74
2024-10-18,18,4,42,10,2024,Autumn,None,Fashion,Jeans Men,450,899,99.78,0,88,20,6,9.0,0.96,41400,82708.0,41308.0,92
2024-10-19,19,5,42,10,2024,Autumn,None,FMCG,Dandiya Sticks,40,85,112.5,10,690,200,2,0.8,0.96,4960,9486.0,4526.0,124
2024-10-19,19,5,42,10,2024,Autumn,None,Stationery,Eraser Pack,12,20,66.67,20,367,150,2,0.24,0.98,1716,2288.0,572.0,143
2024-10-19,19,5,42,10,2024,Autumn,None,Grocery,Salt 1kg,18,25,38.89,0,572,120,2,0.36,0.85,1674,2325.0,651.0,93
2024-10-19,19,5,42,10,2024,Autumn,None,Grocery,Sunflower Oil 1L,120,148,23.33,0,185,60,4,2.4,0.82,10080,12432.0,2352.0,84
2024-10-19,19,5,42,10,2024,Autumn,None,FMCG,Crackers Box,200,380,90.0,5,491,100,3,4.0,0.96,26600,48013.0,21413.0,133
2024-10-19,19,5,42,10,2024,Autumn,None,Fashion,Kurta Women,280,549,96.07,10,53,20,5,5.6,0.92,36400,64233.0,27833.0,130
2024-10-19,19,5,42,10,2024,Autumn,None,FMCG,Gulal Colors Set,35,75,114.29,10,596,200,2,0.7,0.82,4445,8572.5,4127.5,127
2024-10-19,19,5,42,10,2024,Autumn,None,FMCG,Biscuit Parle-G,8,12,50.0,0,653,200,2,0.16,0.92,1304,1956.0,652.0,163
2024-10-20,20,6,42,10,2024,Autumn,None,Fashion,Shoes Casual,350,699,99.71,15,41,25,6,7.0,0.78,7000,11883.0,4883.0,20
2024-10-20,20,6,42,10,2024,Autumn,None,Electronics,Power Bank 10000mAh,650,1099,69.08,20,46,15,6,13.0,0.75,53300,72094.4,18794.4,82
2024-10-20,20,6,42,10,2024,Autumn,None,Electronics,Fan Table,850,1350,58.82,15,25,8,7,17.0,0.9,7650,10327.5,2677.5,9
2024-10-20,20,6,42,10,2024,Autumn,None,Agriculture,Fertilizer NPK 1kg,125,168,34.4,15,65,25,6,2.5,0.96,15500,17707.2,2207.2,124
2024-10-20,20,6,42,10,2024,Autumn,None,Electronics,LED Bulb 9W,48,85,77.08,15,46,40,4,0.96,0.77,3072,4624.0,1552.0,64
2024-10-21,21,0,43,10,2024,Autumn,Dussehra,Electronics,Fan Table,850,1350,58.82,10,31,8,7,17.0,0.98,45900,65610.0,19710.0,54
2024-10-21,21,0,43,10,2024,Autumn,Dussehra,FMCG,Dandiya Sticks,40,85,112.5,10,821,200,2,0.8,0.74,3360,6426.0,3066.0,84
2024-10-21,21,0,43,10,2024,Autumn,Dussehra,Grocery,Sunflower Oil 1L,120,148,23.33,5,249,60,4,2.4,0.86,12960,15184.8,2224.8,108
2024-10-21,21,0,43,10,2024,Autumn,Dussehra,FMCG,Gulal Colors Set,35,75,114.29,15,229,200,2,0.7,0.84,5215,9498.75,4283.75,149
2024-10-21,21,0,43,10,2024,Autumn,Dussehra,FMCG,Crackers Box,200,380,90.0,5,240,100,3,4.0,0.73,16800,30324.0,13524.0,84
2024-10-22,22,1,43,10,2024,Autumn,None,Stationery,Pen Blue Pack 10,25,40,60.0,15,521,200,2,0.5,0.73,1575,2142.0,567.0,63
2024-10-22,22,1,43,10,2024,Autumn,None,Electronics,Earphones Boat,350,599,71.14,20,86,20,5,7.0,0.77,10500,14376.0,3876.0,30
2024-10-22,22,1,43,10,2024,Autumn,None,FMCG,Cold Drink 500ml,20,30,50.0,10,642,200,2,0.4,0.76,1960,2646.0,686.0,98
2024-10-23,23,2,43,10,2024,Autumn,Dussehra,Stationery,Pencil Box,35,55,57.14,5,372,80,3,0.7,0.89,2135,3187.25,1052.25,61
2024-10-23,23,2,43,10,2024,Autumn,Dussehra,Agriculture,Pesticide 500ml,180,245,36.11,0,38,20,5,3.6,0.93,3960,5390.0,1430.0,22
2024-10-23,23,2,43,10,2024,Autumn,Dussehra,Electronics,Fan Table,850,1350,58.82,15,12,8,7,17.0,0.72,117300,158355.0,41055.0,138
2024-10-23,23,2,43,10,2024,Autumn,Dussehra,Agriculture,Wheat Seeds 1kg,65,95,46.15,0,92,30,5,1.3,0.83,455,665.0,210.0,7
2024-10-23,23,2,43,10,2024,Autumn,Dussehra,Grocery,Sunflower Oil 1L,120,148,23.33,5,283,60,4,2.4,0.88,16440,19262.2,2822.2,137
2024-10-24,24,3,43,10,2024,Autumn,Navratri,Stationery,Pencil Box,35,55,57.14,5,183,80,3,0.7,0.86,4270,6374.5,2104.5,122
2024-10-24,24,3,43,10,2024,Autumn,Navratri,Fashion,Jeans Men,450,899,99.78,0,53,20,6,9.0,0.78,14850,29667.0,14817.0,33
2024-10-24,24,3,43,10,2024,Autumn,Navratri,FMCG,Crackers Box,200,380,90.0,0,290,100,3,4.0,0.78,53400,101460.0,48060.0,267
2024-10-25,25,4,43,10,2024,Autumn,None,FMCG,Crackers Box,200,380,90.0,0,306,100,3,4.0,0.96,15600,29640.0,14040.0,78
2024-10-25,25,4,43,10,2024,Autumn,None,Electronics,Earphones Boat,350,599,71.14,5,80,20,5,7.0,0.72,22050,35850.15,13800.15,63
2024-10-25,25,4,43,10,2024,Autumn,None,Fashion,Kurta Women,280,549,96.07,0,35,20,5,5.6,0.98,35840,70272.0,34432.0,128
2024-10-25,25,4,43,10,2024,Autumn,None,Grocery,Wheat Flour 10kg,320,385,20.31,10,142,40,3,6.4,0.98,10880,11781.0,901.0,34
2024-10-25,25,4,43,10,2024,Autumn,None,Fashion,Shoes Casual,350,699,99.71,20,41,25,6,7.0,0.76,18550,29637.6,11087.6,53
2024-10-25,25,4,43,10,2024,Autumn,None,FMCG,Cold Drink 500ml,20,30,50.0,5,860,200,2,0.4,0.88,1040,1482.0,442.0,52
2024-10-26,26,5,43,10,2024,Autumn,None,FMCG,Biscuit Parle-G,8,12,50.0,5,910,200,2,0.16,0.85,80,114.0,34.0,10
2024-10-26,26,5,43,10,2024,Autumn,None,Electronics,Earphones Boat,350,599,71.14,0,25,20,5,7.0,0.89,43750,74875.0,31125.0,125
2024-10-26,26,5,43,10,2024,Autumn,None,Electronics,Power Bank 10000mAh,650,1099,69.08,20,38,15,6,13.0,0.74,74750,101108.0,26358.0,115
2024-10-26,26,5,43,10,2024,Autumn,None,FMCG,Puja Thali Set,125,245,96.0,0,176,50,3,2.5,0.71,13000,25480.0,12480.0,104
2024-10-26,26,5,43,10,2024,Autumn,None,Stationery,Eraser Pack,12,20,66.67,5,700,150,2,0.24,0.9,1488,2356.0,868.0,124
2024-10-27,27,6,43,10,2024,Autumn,None,Agriculture,Fertilizer NPK 1kg,125,168,34.4,0,123,25,6,2.5,0.81,7625,10248.0,2623.0,61
2024-10-27,27,6,43,10,2024,Autumn,None,FMCG,Crackers Box,200,380,90.0,0,268,100,3,4.0,0.9,27400,52060.0,24660.0,137
2024-10-27,27,6,43,10,2024,Autumn,None,Electronics,Fan Table,850,1350,58.82,15,24,8,7,17.0,0.89,8500,11475.0,2975.0,10
2024-10-27,27,6,43,10,2024,Autumn,None,FMCG,Diya Set 12pc,48,95,97.92,5,160,150,2,0.96,0.76,2640,4963.75,2323.75,55
2024-10-27,27,6,43,10,2024,Autumn,None,Electronics,Smartphone Redmi,8500,10999,29.4,20,42,10,7,170.0,0.77,969000,1003108.8,34108.8,114
2024-10-28,28,0,44,10,2024,Autumn,None,Stationery,Pen Blue Pack 10,25,40,60.0,20,473,200,2,0.5,0.97,1725,2208.0,483.0,69
2024-10-28,28,0,44,10,2024,Autumn,None,Electronics,LED Bulb 9W,48,85,77.08,10,120,40,4,0.96,1.0,5376,8568.0,3192.0,112
2024-10-28,28,0,44,10,2024,Autumn,None,Electronics,Power Bank 10000mAh,650,1099,69.08,10,26,15,6,13.0,0.99,23400,35607.6,12207.6,36
2024-10-28,28,0,44,10,2024,Autumn,None,Grocery,Dal Toor 1kg,95,118,24.21,0,270,80,3,1.9,0.83,8835,10974.0,2139.0,93
2024-10-28,28,0,44,10,2024,Autumn,None,Agriculture,Wheat Seeds 1kg,65,95,46.15,20,109,30,5,1.3,0.89,3380,3952.0,572.0,52
2024-10-28,28,0,44,10,2024,Autumn,None,FMCG,Puja Thali Set,125,245,96.0,0,90,50,3,2.5,0.76,4125,8085.0,3960.0,33
2024-10-28,28,0,44,10,2024,Autumn,None,Fashion,Saree Cotton,350,699,99.71,15,53,15,7,7.0,0.98,5600,9506.4,3906.4,16
2024-10-28,28,0,44,10,2024,Autumn,None,Stationery,Notebook A4,28,45,60.71,15,212,100,3,0.56,0.71,2240,3060.0,820.0,80
2024-10-29,29,1,44,10,2024,Autumn,None,FMCG,Detergent Surf 1kg,95,125,31.58,0,393,90,3,1.9,0.74,9025,11875.0,2850.0,95
2024-10-29,29,1,44,10,2024,Autumn,None,Electronics,Power Bank 10000mAh,650,1099,69.08,0,68,15,6,13.0,0.72,40300,68138.0,27838.0,62
2024-10-29,29,1,44,10,2024,Autumn,None,Fashion,Shoes Casual,350,699,99.71,0,45,25,6,7.0,0.71,31850,63609.0,31759.0,91
2024-10-29,29,1,44,10,2024,Autumn,None,Stationery,Pencil Box,35,55,57.14,0,365,80,3,0.7,0.99,2310,3630.0,1320.0,66
2024-10-29,29,1,44,10,2024,Autumn,None,FMCG,Dandiya Sticks,40,85,112.5,0,331,200,2,0.8,0.76,240,510.0,270.0,6
2024-10-29,29,1,44,10,2024,Autumn,None,Electronics,LED Bulb 9W,48,85,77.08,15,49,40,4,0.96,0.93,4128,6213.5,2085.5,86
2024-10-29,29,1,44,10,2024,Autumn,None,Grocery,Basmati Rice 5kg,180,225,25.0,15,82,50,3,3.6,0.94,15840,16830.0,990.0,88
2024-10-30,30,2,44,10,2024,Autumn,None,Fashion,Jeans Men,450,899,99.78,0,27,20,6,9.0,0.97,49950,99789.0,49839.0,111
2024-10-30,30,2,44,10,2024,Autumn,None,FMCG,Crackers Box,200,380,90.0,0,462,100,3,4.0,0.83,13000,24700.0,11700.0,65
2024-10-30,30,2,44,10,2024,Autumn,None,FMCG,Soap Lux,22,32,45.45,10,647,150,3,0.44,0.88,1606,2102.4,496.4,73
2024-10-31,31,3,44,10,2024,Autumn,None,Grocery,Christmas Cake,180,320,77.78,0,136,30,2,3.6,0.73,10260,18240.0,7980.0,57
2024-10-31,31,3,44,10,2024,Autumn,None,FMCG,Crackers Box,200,380,90.0,20,348,100,3,4.0,0.74,4400,6688.0,2288.0,22
2024-10-31,31,3,44,10,2024,Autumn,None,FMCG,Toothpaste Colgate,55,75,36.36,15,170,100,3,1.1,0.83,2640,3060.0,420.0,48
2024-10-31,31,3,44,10,2024,Autumn,None,Electronics,Fan Table,850,1350,58.82,0,14,8,7,17.0,0.85,25500,40500.0,15000.0,30
2024-11-01,1,4,44,11,2024,Winter,None,Stationery,Notebook A4,28,45,60.71,15,273,100,3,0.56,0.88,476,650.25,174.25,17
2024-11-01,1,4,44,11,2024,Winter,None,Agriculture,Pesticide 500ml,180,245,36.11,0,35,20,5,3.6,0.87,3420,4655.0,1235.0,19
2024-11-01,1,4,44,11,2024,Winter,None,Stationery,Eraser Pack,12,20,66.67,15,418,150,2,0.24,0.92,816,1156.0,340.0,68
2024-11-01,1,4,44,11,2024,Winter,None,FMCG,Crackers Box,200,380,90.0,5,273,100,3,4.0,0.7,12600,22743.0,10143.0,63
2024-11-02,2,5,44,11,2024,Winter,None,Fashion,T-Shirt Men,180,349,93.89,15,121,30,5,3.6,0.79,16380,26995.15,10615.15,91
2024-11-02,2,5,44,11,2024,Winter,None,FMCG,Diya Set 12pc,48,95,97.92,0,572,150,2,0.96,0.88,3264,6460.0,3196.0,68
2024-11-02,2,5,44,11,2024,Winter,None,FMCG,Dandiya Sticks,40,85,112.5,0,815,200,2,0.8,0.91,3920,8330.0,4410.0,98
2024-11-02,2,5,44,11,2024,Winter,None,Grocery,Christmas Cake,180,320,77.78,20,72,30,2,3.6,0.85,10980,15616.0,4636.0,61
2024-11-02,2,5,44,11,2024,Winter,None,FMCG,Soap Lux,22,32,45.45,0,287,150,3,0.44,0.9,462,672.0,210.0,21
2024-11-02,2,5,44,11,2024,Winter,None,Fashion,Saree Cotton,350,699,99.71,5,34,15,7,7.0,0.83,64050,121521.15,57471.15,183
2024-11-02,2,5,44,11,2024,Winter,None,Grocery,Wheat Flour 10kg,320,385,20.31,20,166,40,3,6.4,0.78,43840,42196.0,-1644.0,137
2024-11-02,2,5,44,11,2024,Winter,None,Electronics,LED Bulb 9W,48,85,77.08,10,70,40,4,0.96,0.74,2496,3978.0,1482.0,52
2024-11-03,3,6,44,11,2024,Winter,Diwali,Agriculture,Fertilizer NPK 1kg,125,168,34.4,15,71,25,6,2.5,0.88,11500,13137.6,1637.6,92
2024-11-03,3,6,44,11,2024,Winter,Diwali,FMCG,Toothpaste Colgate,55,75,36.36,0,391,100,3,1.1,0.91,25355,34575.0,9220.0,461
2024-11-03,3,6,44,11,2024,Winter,Diwali,Fashion,T-Shirt Men,180,349,93.89,5,148,30,5,3.6,0.92,101340,186662.65,85322.65,563
2024-11-03,3,6,44,11,2024,Winter,Diwali,Electronics,Power Bank 10000mAh,650,1099,69.08,0,27,15,6,13.0,0.9,185250,313215.0,127965.0,285
2024-11-03,3,6,44,11,2024,Winter,Diwali,FMCG,Gulal Colors Set,35,75,114.29,0,700,200,2,0.7,0.74,11690,25050.0,13360.0,334
2024-11-03,3,6,44,11,2024,Winter,Diwali,FMCG,Crackers Box,200,380,90.0,0,275,100,3,4.0,0.97,57200,108680.0,51480.0,286
2024-11-03,3,6,44,11,2024,Winter,Diwali,Grocery,Sunflower Oil 1L,120,148,23.33,0,127,60,4,2.4,0.89,30480,37592.0,7112.0,254
2024-11-04,4,0,45,11,2024,Winter,None,Stationery,Pen Blue Pack 10,25,40,60.0,20,895,200,2,0.5,0.84,750,960.0,210.0,30
2024-11-04,4,0,45,11,2024,Winter,None,Fashion,Jeans Men,450,899,99.78,0,56,20,6,9.0,0.95,31500,62930.0,31430.0,70
2024-11-04,4,0,45,11,2024,Winter,None,FMCG,Soap Lux,22,32,45.45,0,658,150,3,0.44,0.97,836,1216.0,380.0,38
2024-11-05,5,1,45,11,2024,Winter,Children's Day,Grocery,Sugar 1kg,42,54,28.57,10,286,100,2,0.84,0.98,5292,6123.6,831.6,126
2024-11-05,5,1,45,11,2024,Winter,Children's Day,Grocery,Christmas Cake,180,320,77.78,20,84,30,2,3.6,1.0,13500,19200.0,5700.0,75
2024-11-05,5,1,45,11,2024,Winter,Children's Day,Fashion,Kurta Women,280,549,96.07,15,81,20,5,5.6,0.91,22960,38265.3,15305.3,82
2024-11-05,5,1,45,11,2024,Winter,Children's Day,Fashion,T-Shirt Men,180,349,93.89,20,36,30,5,3.6,0.87,29340,45509.6,16169.6,163
2024-11-05,5,1,45,11,2024,Winter,Children's Day,Stationery,Notebook A4,28,45,60.71,20,254,100,3,0.56,1.0,2744,3528.0,784.0,98
2024-11-05,5,1,45,11,2024,Winter,Children's Day,FMCG,Dandiya Sticks,40,85,112.5,15,714,200,2,0.8,0.83,5120,9248.0,4128.0,128
2024-11-05,5,1,45,11,2024,Winter,Children's Day,Electronics,Power Bank 10000mAh,650,1099,69.08,15,20,15,6,13.0,0.84,13650,19617.15,5967.15,21
2024-11-05,5,1,45,11,2024,Winter,Children's Day,Stationery,Pencil Box,35,55,57.14,0,366,80,3,0.7,0.8,3150,4950.0,1800.0,90
2024-11-06,6,2,45,11,2024,Winter,Children's Day,Grocery,Dal Toor 1kg,95,118,24.21,0,295,80,3,1.9,0.71,8835,10974.0,2139.0,93
2024-11-06,6,2,45,11,2024,Winter,Children's Day,Grocery,Christmas Cake,180,320,77.78,10,99,30,2,3.6,0.81,34560,55296.0,20736.0,192
2024-11-06,6,2,45,11,2024,Winter,Children's Day,Agriculture,Pesticide 500ml,180,245,36.11,15,24,20,5,3.6,0.81,3600,4165.0,565.0,20
2024-11-06,6,2,45,11,2024,Winter,Children's Day,Electronics,USB Cable,45,89,97.78,20,70,50,4,0.9,0.73,6255,9896.8,3641.8,139
2024-11-07,7,3,45,11,2024,Winter,Diwali,Electronics,Earphones Boat,350,599,71.14,10,50,20,5,7.0,0.91,40950,63074.7,22124.7,117
2024-11-07,7,3,45,11,2024,Winter,Diwali,FMCG,Cold Drink 500ml,20,30,50.0,10,801,200,2,0.4,0.71,4480,6048.0,1568.0,224
2024-11-07,7,3,45,11,2024,Winter,Diwali,Grocery,Sunflower Oil 1L,120,148,23.33,0,222,60,4,2.4,0.83,13800,17020.0,3220.0,115
2024-11-07,7,3,45,11,2024,Winter,Diwali,FMCG,Detergent Surf 1kg,95,125,31.58,0,404,90,3,1.9,0.76,5225,6875.0,1650.0,55
2024-11-07,7,3,45,11,2024,Winter,Diwali,Stationery,Pencil Box,35,55,57.14,0,310,80,3,0.7,0.86,3220,5060.0,1840.0,92
2024-11-08,8,4,45,11,2024,Winter,None,Agriculture,Fertilizer NPK 1kg,125,168,34.4,10,114,25,6,2.5,0.73,5875,7106.4,1231.4,47
2024-11-08,8,4,45,11,2024,Winter,None,Agriculture,Wheat Seeds 1kg,65,95,46.15,0,81,30,5,1.3,0.83,2990,4370.0,1380.0,46
2024-11-08,8,4,45,11,2024,Winter,None,Stationery,Pencil Box,35,55,57.14,5,291,80,3,0.7,0.79,1505,2246.75,741.75,43
2024-11-08,8,4,45,11,2024,Winter,None,Electronics,Power Bank 10000mAh,650,1099,69.08,20,56,15,6,13.0,0.87,6500,8792.0,2292.0,10
2024-11-08,8,4,45,11,2024,Winter,None,Electronics,Fan Table,850,1350,58.82,20,35,8,7,17.0,0.82,36550,46440.0,9890.0,43
2024-11-08,8,4,45,11,2024,Winter,None,FMCG,Shampoo Head&Shoulders,85,115,35.29,5,361,80,4,1.7,0.84,5440,6992.0,1552.0,64
2024-11-09,9,5,45,11,2024,Winter,None,Electronics,Fan Table,850,1350,58.82,15,24,8,7,17.0,0.82,23800,32130.0,8330.0,28
2024-11-09,9,5,45,11,2024,Winter,None,Grocery,Eid Special Dates,280,450,60.71,10,185,40,4,5.6,0.88,22400,32400.0,10000.0,80
2024-11-09,9,5,45,11,2024,Winter,None,FMCG,Detergent Surf 1kg,95,125,31.58,0,257,90,3,1.9,0.8,5130,6750.0,1620.0,54
2024-11-09,9,5,45,11,2024,Winter,None,Fashion,Jeans Men,450,899,99.78,5,38,20,6,9.0,0.76,63000,119567.0,56567.0,140
2024-11-09,9,5,45,11,2024,Winter,None,Stationery,Pen Blue Pack 10,25,40,60.0,0,841,200,2,0.5,0.81,275,440.0,165.0,11
2024-11-10,10,6,45,11,2024,Winter,None,Grocery,Basmati Rice 5kg,180,225,25.0,20,81,50,3,3.6,0.9,22140,22140.0,0.0,123
2024-11-10,10,6,45,11,2024,Winter,None,FMCG,Dandiya Sticks,40,85,112.5,10,790,200,2,0.8,0.93,2280,4360.5,2080.5,57
2024-11-10,10,6,45,11,2024,Winter,None,Stationery,Pen Blue Pack 10,25,40,60.0,0,865,200,2,0.5,0.89,1575,2520.0,945.0,63
2024-11-10,10,6,45,11,2024,Winter,None,Electronics,Fan Table,850,1350,58.82,15,39,8,7,17.0,0.74,33150,44752.5,11602.5,39
2024-11-10,10,6,45,11,2024,Winter,None,Grocery,Eid Special Dates,280,450,60.71,0,98,40,4,5.6,0.85,19040,30600.0,11560.0,68
2024-11-10,10,6,45,11,2024,Winter,None,FMCG,Crackers Box,200,380,90.0,10,298,100,3,4.0,0.9,11400,19494.0,8094.0,57
2024-11-10,10,6,45,11,2024,Winter,None,Stationery,Eraser Pack,12,20,66.67,0,653,150,2,0.24,0.98,612,1020.0,408.0,51
2024-11-11,11,0,46,11,2024,Winter,None,FMCG,Crackers Box,200,380,90.0,10,266,100,3,4.0,0.9,16000,27360.0,11360.0,80
2024-11-11,11,0,46,11,2024,Winter,None,Fashion,Saree Cotton,350,699,99.71,5,57,15,7,7.0,0.97,43400,82342.2,38942.2,124
2024-11-11,11,0,46,11,2024,Winter,None,FMCG,Puja Thali Set,125,245,96.0,0,193,50,3,2.5,0.9,10875,21315.0,10440.0,87
2024-11-11,11,0,46,11,2024,Winter,None,FMCG,Diya Set 12pc,48,95,97.92,0,284,150,2,0.96,0.97,3120,6175.0,3055.0,65
2024-11-11,11,0,46,11,2024,Winter,None,Electronics,Power Bank 10000mAh,650,1099,69.08,15,31,15,6,13.0,0.89,68250,98085.75,29835.75,105
2024-11-11,11,0,46,11,2024,Winter,None,Grocery,Sugar 1kg,42,54,28.57,10,312,100,2,0.84,0.97,2268,2624.4,356.4,54
2024-11-11,11,0,46,11,2024,Winter,None,Electronics,LED Bulb 9W,48,85,77.08,0,145,40,4,0.96,0.73,3744,6630.0,2886.0,78
2024-11-11,11,0,46,11,2024,Winter,None,Stationery,Pencil Box,35,55,57.14,5,208,80,3,0.7,0.94,1925,2873.75,948.75,55
2024-11-12,12,1,46,11,2024,Winter,Children's Day,Grocery,Sunflower Oil 1L,120,148,23.33,5,85,60,4,2.4,0.96,9840,11529.2,1689.2,82
2024-11-12,12,1,46,11,2024,Winter,Children's Day,Grocery,Sugar 1kg,42,54,28.57,0,142,100,2,0.84,0.89,924,1188.0,264.0,22
2024-11-12,12,1,46,11,2024,Winter,Children's Day,Fashion,T-Shirt Men,180,349,93.89,0,74,30,5,3.6,0.9,48600,94230.0,45630.0,270
2024-11-12,12,1,46,11,2024,Winter,Children's Day,FMCG,Toothpaste Colgate,55,75,36.36,15,309,100,3,1.1,0.81,825,956.25,131.25,15
2024-11-13,13,2,46,11,2024,Winter,None,Electronics,Power Bank 10000mAh,650,1099,69.08,10,20,15,6,13.0,0.89,35750,54400.5,18650.5,55
2024-11-13,13,2,46,11,2024,Winter,None,Electronics,USB Cable,45,89,97.78,0,231,50,4,0.9,0.87,2115,4183.0,2068.0,47
2024-11-13,13,2,46,11,2024,Winter,None,Fashion,Saree Cotton,350,699,99.71,20,41,15,7,7.0,0.91,54950,87794.4,32844.4,157
2024-11-14,14,3,46,11,2024,Winter,None,FMCG,Cold Drink 500ml,20,30,50.0,0,298,200,2,0.4,0.7,760,1140.0,380.0,38
2024-11-14,14,3,46,11,2024,Winter,None,FMCG,Puja Thali Set,125,245,96.0,0,69,50,3,2.5,0.92,12500,24500.0,12000.0,100
2024-11-14,14,3,46,11,2024,Winter,None,Grocery,Christmas Cake,180,320,77.78,5,49,30,2,3.6,0.74,2340,3952.0,1612.0,13
2024-11-14,14,3,46,11,2024,Winter,None,Grocery,Sugar 1kg,42,54,28.57,0,335,100,2,0.84,0.97,4452,5724.0,1272.0,106
2024-11-15,15,4,46,11,2024,Winter,None,Fashion,T-Shirt Men,180,349,93.89,0,44,30,5,3.6,0.94,18540,35947.0,17407.0,103
2024-11-15,15,4,46,11,2024,Winter,None,Stationery,Eraser Pack,12,20,66.67,0,665,150,2,0.24,0.95,792,1320.0,528.0,66
2024-11-15,15,4,46,11,2024,Winter,None,Stationery,Notebook A4,28,45,60.71,0,103,100,3,0.56,0.89,1848,2970.0,1122.0,66
2024-11-15,15,4,46,11,2024,Winter,None,Grocery,Wheat Flour 10kg,320,385,20.31,5,50,40,3,6.4,0.83,22400,25602.5,3202.5,70
2024-11-15,15,4,46,11,2024,Winter,None,Fashion,Kurta Women,280,549,96.07,0,37,20,5,5.6,0.73,16240,31842.0,15602.0,58
2024-11-15,15,4,46,11,2024,Winter,None,FMCG,Shampoo Head&Shoulders,85,115,35.29,10,253,80,4,1.7,0.94,9265,11281.5,2016.5,109
2024-11-15,15,4,46,11,2024,Winter,None,FMCG,Gulal Colors Set,35,75,114.29,0,657,200,2,0.7,0.77,2590,5550.0,2960.0,74
2024-11-15,15,4,46,11,2024,Winter,None,Grocery,Basmati Rice 5kg,180,225,25.0,20,112,50,3,3.6,0.72,5580,5580.0,0.0,31
2024-11-16,16,5,46,11,2024,Winter,Children's Day,Agriculture,Fertilizer NPK 1kg,125,168,34.4,5,30,25,6,2.5,0.75,16125,20588.4,4463.4,129
2024-11-16,16,5,46,11,2024,Winter,Children's Day,Fashion,T-Shirt Men,180,349,93.89,0,82,30,5,3.6,0.99,31860,61773.0,29913.0,177
2024-11-16,16,5,46,11,2024,Winter,Children's Day,Electronics,Power Bank 10000mAh,650,1099,69.08,0,63,15,6,13.0,0.74,100750,170345.0,69595.0,155
2024-11-16,16,5,46,11,2024,Winter,Children's Day,Grocery,Dal Toor 1kg,95,118,24.21,5,156,80,3,1.9,0.83,11970,14124.6,2154.6,126
2024-11-17,17,6,46,11,2024,Winter,None,Grocery,Sugar 1kg,42,54,28.57,0,157,100,2,0.84,0.7,6048,7776.0,1728.0,144
2024-11-17,17,6,46,11,2024,Winter,None,Electronics,Power Bank 10000mAh,650,1099,69.08,0,17,15,6,13.0,0.83,77350,130781.0,53431.0,119
2024-11-17,17,6,46,11,2024,Winter,None,Stationery,Pencil Box,35,55,57.14,0,118,80,3,0.7,0.93,2555,4015.0,1460.0,73
2024-11-17,17,6,46,11,2024,Winter,None,FMCG,Gulal Colors Set,35,75,114.29,0,293,200,2,0.7,0.95,1015,2175.0,1160.0,29
2024-11-18,18,0,47,11,2024,Winter,None,Electronics,Smartphone Redmi,8500,10999,29.4,0,33,10,7,170.0,0.78,93500,120989.0,27489.0,11
2024-11-18,18,0,47,11,2024,Winter,None,FMCG,Cold Drink 500ml,20,30,50.0,0,283,200,2,0.4,0.96,2360,3540.0,1180.0,118
2024-11-18,18,0,47,11,2024,Winter,None,Electronics,Power Bank 10000mAh,650,1099,69.08,5,18,15,6,13.0,0.97,45500,73083.5,27583.5,70
2024-11-18,18,0,47,11,2024,Winter,None,Stationery,Notebook A4,28,45,60.71,10,155,100,3,0.56,0.91,1288,1863.0,575.0,46
2024-11-18,18,0,47,11,2024,Winter,None,Grocery,Christmas Cake,180,320,77.78,0,52,30,2,3.6,0.82,2160,3840.0,1680.0,12
2024-11-18,18,0,47,11,2024,Winter,None,Electronics,USB Cable,45,89,97.78,0,250,50,4,0.9,0.8,4230,8366.0,4136.0,94
2024-11-19,19,1,47,11,2024,Winter,None,Fashion,Kurta Women,280,549,96.07,0,89,20,5,5.6,0.85,29120,57096.0,27976.0,104
2024-11-19,19,1,47,11,2024,Winter,None,FMCG,Soap Lux,22,32,45.45,20,376,150,3,0.44,0.76,1144,1331.2,187.2,52
2024-11-19,19,1,47,11,2024,Winter,None,Grocery,Wheat Flour 10kg,320,385,20.31,5,97,40,3,6.4,0.99,28800,32917.5,4117.5,90
2024-11-19,19,1,47,11,2024,Winter,None,FMCG,Toothpaste Colgate,55,75,36.36,0,346,100,3,1.1,0.91,2145,2925.0,780.0,39
2024-11-19,19,1,47,11,2024,Winter,None,Grocery,Sunflower Oil 1L,120,148,23.33,0,239,60,4,2.4,0.96,7320,9028.0,1708.0,61
2024-11-19,19,1,47,11,2024,Winter,None,Fashion,Jeans Men,450,899,99.78,0,56,20,6,9.0,0.74,82350,164517.0,82167.0,183
2024-11-19,19,1,47,11,2024,Winter,None,Grocery,Salt 1kg,18,25,38.89,20,595,120,2,0.36,0.83,990,1100.0,110.0,55
2024-11-19,19,1,47,11,2024,Winter,None,Agriculture,Wheat Seeds 1kg,65,95,46.15,15,89,30,5,1.3,0.7,1885,2341.75,456.75,29
2024-11-20,20,2,47,11,2024,Winter,None,Electronics,Fan Table,850,1350,58.82,20,38,8,7,17.0,0.73,47600,60480.0,12880.0,56
2024-11-20,20,2,47,11,2024,Winter,None,Agriculture,Fertilizer NPK 1kg,125,168,34.4,15,92,25,6,2.5,0.73,13125,14994.0,1869.0,105
2024-11-20,20,2,47,11,2024,Winter,None,Grocery,Sugar 1kg,42,54,28.57,5,281,100,2,0.84,0.88,3948,4822.2,874.2,94
2024-11-20,20,2,47,11,2024,Winter,None,FMCG,Soap Lux,22,32,45.45,5,726,150,3,0.44,0.77,1254,1732.8,478.8,57
2024-11-20,20,2,47,11,2024,Winter,None,FMCG,Cold Drink 500ml,20,30,50.0,20,902,200,2,0.4,0.8,420,504.0,84.0,21
2024-11-20,20,2,47,11,2024,Winter,None,Fashion,Kurta Women,280,549,96.07,0,68,20,5,5.6,0.88,38920,76311.0,37391.0,139
2024-11-20,20,2,47,11,2024,Winter,None,FMCG,Detergent Surf 1kg,95,125,31.58,10,423,90,3,1.9,0.72,3420,4050.0,630.0,36
2024-11-20,20,2,47,11,2024,Winter,None,Grocery,Christmas Cake,180,320,77.78,10,78,30,2,3.6,0.79,11160,17856.0,6696.0,62
2024-11-21,21,3,47,11,2024,Winter,None,Grocery,Wheat Flour 10kg,320,385,20.31,15,130,40,3,6.4,0.95,25280,25852.75,572.75,79
2024-11-21,21,3,47,11,2024,Winter,None,FMCG,Crackers Box,200,380,90.0,15,288,100,3,4.0,0.84,13400,21641.0,8241.0,67
2024-11-21,21,3,47,11,2024,Winter,None,Electronics,LED Bulb 9W,48,85,77.08,15,137,40,4,0.96,0.96,5616,8453.25,2837.25,117
2024-11-21,21,3,47,11,2024,Winter,None,Fashion,Jeans Men,450,899,99.78,0,43,20,6,9.0,0.96,66150,132153.0,66003.0,147
2024-11-21,21,3,47,11,2024,Winter,None,Grocery,Sunflower Oil 1L,120,148,23.33,5,142,60,4,2.4,0.83,16320,19121.6,2801.6,136
2024-11-21,21,3,47,11,2024,Winter,None,Stationery,Pen Blue Pack 10,25,40,60.0,15,794,200,2,0.5,0.9,875,1190.0,315.0,35
2024-11-22,22,4,47,11,2024,Winter,None,Stationery,Eraser Pack,12,20,66.67,20,596,150,2,0.24,0.85,168,224.0,56.0,14
2024-11-22,22,4,47,11,2024,Winter,None,Grocery,Wheat Flour 10kg,320,385,20.31,20,46,40,3,6.4,1.0,3840,3696.0,-144.0,12
2024-11-22,22,4,47,11,2024,Winter,None,FMCG,Shampoo Head&Shoulders,85,115,35.29,20,81,80,4,1.7,0.88,3740,4048.0,308.0,44
2024-11-22,22,4,47,11,2024,Winter,None,Stationery,Pen Blue Pack 10,25,40,60.0,0,785,200,2,0.5,0.7,2325,3720.0,1395.0,93
2024-11-23,23,5,47,11,2024,Winter,None,Grocery,Salt 1kg,18,25,38.89,15,296,120,2,0.36,0.98,990,1168.75,178.75,55
2024-11-23,23,5,47,11,2024,Winter,None,Agriculture,Pesticide 500ml,180,245,36.11,20,82,20,5,3.6,0.96,24840,27048.0,2208.0,138
2024-11-23,23,5,47,11,2024,Winter,None,Grocery,Sugar 1kg,42,54,28.57,20,443,100,2,0.84,0.88,798,820.8,22.8,19
2024-11-23,23,5,47,11,2024,Winter,None,FMCG,Dandiya Sticks,40,85,112.5,0,302,200,2,0.8,0.73,3880,8245.0,4365.0,97
2024-11-23,23,5,47,11,2024,Winter,None,Electronics,Smartphone Redmi,8500,10999,29.4,0,48,10,7,170.0,0.97,1037000,1341878.0,304878.0,122
2024-11-23,23,5,47,11,2024,Winter,None,FMCG,Shampoo Head&Shoulders,85,115,35.29,0,331,80,4,1.7,0.83,7480,10120.0,2640.0,88
2024-11-23,23,5,47,11,2024,Winter,None,FMCG,Puja Thali Set,125,245,96.0,15,142,50,3,2.5,0.82,12000,19992.0,7992.0,96
2024-11-24,24,6,47,11,2024,Winter,None,FMCG,Soap Lux,22,32,45.45,0,620,150,3,0.44,0.94,3586,5216.0,1630.0,163
2024-11-24,24,6,47,11,2024,Winter,None,FMCG,Detergent Surf 1kg,95,125,31.58,15,402,90,3,1.9,0.75,13775,15406.25,1631.25,145
2024-11-24,24,6,47,11,2024,Winter,None,FMCG,Toothpaste Colgate,55,75,36.36,0,154,100,3,1.1,0.83,1045,1425.0,380.0,19
2024-11-24,24,6,47,11,2024,Winter,None,Grocery,Sunflower Oil 1L,120,148,23.33,15,244,60,4,2.4,0.86,11280,11825.2,545.2,94
2024-11-24,24,6,47,11,2024,Winter,None,Fashion,Shoes Casual,350,699,99.71,15,94,25,6,7.0,0.74,53900,91499.1,37599.1,154
2024-11-24,24,6,47,11,2024,Winter,None,Grocery,Christmas Cake,180,320,77.78,0,93,30,2,3.6,0.78,7020,12480.0,5460.0,39
2024-11-24,24,6,47,11,2024,Winter,None,Electronics,Earphones Boat,350,599,71.14,5,97,20,5,7.0,0.77,28000,45524.0,17524.0,80
2024-11-25,25,0,48,11,2024,Winter,None,Fashion,Kurta Women,280,549,96.07,10,42,20,5,5.6,0.81,41720,73620.9,31900.9,149
2024-11-25,25,0,48,11,2024,Winter,None,FMCG,Dandiya Sticks,40,85,112.5,20,826,200,2,0.8,0.76,560,952.0,392.0,14
2024-11-25,25,0,48,11,2024,Winter,None,Fashion,Jeans Men,450,899,99.78,15,74,20,6,9.0,0.89,57600,97811.2,40211.2,128
2024-11-25,25,0,48,11,2024,Winter,None,Electronics,Earphones Boat,350,599,71.14,0,82,20,5,7.0,0.73,11900,20366.0,8466.0,34
2024-11-25,25,0,48,11,2024,Winter,None,Electronics,Power Bank 10000mAh,650,1099,69.08,0,52,15,6,13.0,0.87,72800,123088.0,50288.0,112
2024-11-25,25,0,48,11,2024,Winter,None,Stationery,Notebook A4,28,45,60.71,0,119,100,3,0.56,0.76,1652,2655.0,1003.0,59
2024-11-25,25,0,48,11,2024,Winter,None,Stationery,Pen Blue Pack 10,25,40,60.0,0,689,200,2,0.5,0.87,1250,2000.0,750.0,50
2024-11-26,26,1,48,11,2024,Winter,Children's Day,Fashion,Saree Cotton,350,699,99.71,0,68,15,7,7.0,0.8,30800,61512.0,30712.0,88
2024-11-26,26,1,48,11,2024,Winter,Children's Day,Stationery,Pencil Box,35,55,57.14,5,386,80,3,0.7,0.9,1330,1985.5,655.5,38
2024-11-26,26,1,48,11,2024,Winter,Children's Day,FMCG,Crackers Box,200,380,90.0,20,229,100,3,4.0,0.84,34400,52288.0,17888.0,172
2024-11-27,27,2,48,11,2024,Winter,Diwali,FMCG,Soap Lux,22,32,45.45,0,386,150,3,0.44,0.87,4048,5888.0,1840.0,184
2024-11-27,27,2,48,11,2024,Winter,Diwali,FMCG,Cold Drink 500ml,20,30,50.0,0,426,200,2,0.4,0.72,1480,2220.0,740.0,74
2024-11-27,27,2,48,11,2024,Winter,Diwali,FMCG,Dandiya Sticks,40,85,112.5,15,543,200,2,0.8,0.97,10560,19074.0,8514.0,264
2024-11-28,28,3,48,11,2024,Winter,None,Electronics,Power Bank 10000mAh,650,1099,69.08,20,63,15,6,13.0,0.89,56550,76490.4,19940.4,87
2024-11-28,28,3,48,11,2024,Winter,None,Grocery,Eid Special Dates,280,450,60.71,0,163,40,4,5.6,0.91,18760,30150.0,11390.0,67
2024-11-28,28,3,48,11,2024,Winter,None,Electronics,Fan Table,850,1350,58.82,5,13,8,7,17.0,0.84,93500,141075.0,47575.0,110
2024-11-29,29,4,48,11,2024,Winter,None,Grocery,Salt 1kg,18,25,38.89,0,377,120,2,0.36,0.98,846,1175.0,329.0,47
2024-11-29,29,4,48,11,2024,Winter,None,FMCG,Shampoo Head&Shoulders,85,115,35.29,0,333,80,4,1.7,0.81,1615,2185.0,570.0,19
2024-11-29,29,4,48,11,2024,Winter,None,Fashion,Jeans Men,450,899,99.78,20,78,20,6,9.0,0.75,64350,102845.6,38495.6,143
2024-11-29,29,4,48,11,2024,Winter,None,Electronics,Earphones Boat,350,599,71.14,10,44,20,5,7.0,0.81,20650,31806.9,11156.9,59
2024-11-30,30,5,48,11,2024,Winter,None,Stationery,Notebook A4,28,45,60.71,5,335,100,3,0.56,0.99,3220,4916.25,1696.25,115
2024-11-30,30,5,48,11,2024,Winter,None,Agriculture,Fertilizer NPK 1kg,125,168,34.4,20,66,25,6,2.5,0.7,17625,18950.4,1325.4,141
2024-11-30,30,5,48,11,2024,Winter,None,Fashion,Shoes Casual,350,699,99.71,10,99,25,6,7.0,0.89,32900,59135.4,26235.4,94
2024-11-30,30,5,48,11,2024,Winter,None,Stationery,Eraser Pack,12,20,66.67,0,211,150,2,0.24,0.94,864,1440.0,576.0,72
2024-11-30,30,5,48,11,2024,Winter,None,FMCG,Cold Drink 500ml,20,30,50.0,0,698,200,2,0.4,0.93,220,330.0,110.0,11
2024-11-30,30,5,48,11,2024,Winter,None,Electronics,LED Bulb 9W,48,85,77.08,10,89,40,4,0.96,0.8,5520,8797.5,3277.5,115
2024-11-30,30,5,48,11,2024,Winter,None,Electronics,Smartphone Redmi,8500,10999,29.4,20,10,10,7,170.0,0.73,1130500,1170293.6,39793.6,133
2024-11-30,30,5,48,11,2024,Winter,None,FMCG,Biscuit Parle-G,8,12,50.0,10,855,200,2,0.16,0.88,200,270.0,70.0,25
2024-12-01,1,6,48,12,2024,Winter,New Year,FMCG,Soap Lux,22,32,45.45,20,229,150,3,0.44,0.73,5698,6630.4,932.4,259
2024-12-01,1,6,48,12,2024,Winter,New Year,Electronics,Earphones Boat,350,599,71.14,0,44,20,5,7.0,0.79,68250,116805.0,48555.0,195
2024-12-01,1,6,48,12,2024,Winter,New Year,FMCG,Toothpaste Colgate,55,75,36.36,0,147,100,3,1.1,0.96,8085,11025.0,2940.0,147
2024-12-01,1,6,48,12,2024,Winter,New Year,Electronics,Power Bank 10000mAh,650,1099,69.08,20,74,15,6,13.0,0.96,118950,160893.6,41943.6,183
2024-12-01,1,6,48,12,2024,Winter,New Year,Stationery,Notebook A4,28,45,60.71,0,271,100,3,0.56,0.97,3948,6345.0,2397.0,141
2024-12-01,1,6,48,12,2024,Winter,New Year,Agriculture,Fertilizer NPK 1kg,125,168,34.4,0,25,25,6,2.5,0.97,30500,40992.0,10492.0,244
2024-12-01,1,6,48,12,2024,Winter,New Year,Fashion,Saree Cotton,350,699,99.71,0,31,15,7,7.0,0.94,54250,108345.0,54095.0,155
2024-12-02,2,0,49,12,2024,Winter,None,FMCG,Detergent Surf 1kg,95,125,31.58,0,287,90,3,1.9,0.81,4940,6500.0,1560.0,52
2024-12-02,2,0,49,12,2024,Winter,None,FMCG,Toothpaste Colgate,55,75,36.36,0,232,100,3,1.1,0.84,4125,5625.0,1500.0,75
2024-12-02,2,0,49,12,2024,Winter,None,Electronics,Power Bank 10000mAh,650,1099,69.08,0,65,15,6,13.0,0.94,10400,17584.0,7184.0,16
2024-12-02,2,0,49,12,2024,Winter,None,Fashion,T-Shirt Men,180,349,93.89,10,39,30,5,3.6,0.72,30780,53711.1,22931.1,171
2024-12-02,2,0,49,12,2024,Winter,None,Grocery,Basmati Rice 5kg,180,225,25.0,10,98,50,3,3.6,0.8,12240,13770.0,1530.0,68
2024-12-02,2,0,49,12,2024,Winter,None,FMCG,Puja Thali Set,125,245,96.0,0,238,50,3,2.5,0.73,6875,13475.0,6600.0,55
2024-12-02,2,0,49,12,2024,Winter,None,Grocery,Dal Toor 1kg,95,118,24.21,0,164,80,3,1.9,0.79,855,1062.0,207.0,9
2024-12-03,3,1,49,12,2024,Winter,Christmas,FMCG,Puja Thali Set,125,245,96.0,10,220,50,3,2.5,0.95,14625,25798.5,11173.5,117
2024-12-03,3,1,49,12,2024,Winter,Christmas,Fashion,Kurta Women,280,549,96.07,10,44,20,5,5.6,0.77,49840,87949.8,38109.8,178
2024-12-03,3,1,49,12,2024,Winter,Christmas,Stationery,Pencil Box,35,55,57.14,0,86,80,3,0.7,0.74,3815,5995.0,2180.0,109
2024-12-04,4,2,49,12,2024,Winter,Christmas,Grocery,Salt 1kg,18,25,38.89,15,400,120,2,0.36,0.75,2484,2932.5,448.5,138
2024-12-04,4,2,49,12,2024,Winter,Christmas,Fashion,Kurta Women,280,549,96.07,0,58,20,5,5.6,0.88,47600,93330.0,45730.0,170
2024-12-04,4,2,49,12,2024,Winter,Christmas,Agriculture,Wheat Seeds 1kg,65,95,46.15,0,140,30,5,1.3,0.73,1625,2375.0,750.0,25
2024-12-04,4,2,49,12,2024,Winter,Christmas,Fashion,Saree Cotton,350,699,99.71,15,25,15,7,7.0,0.87,27650,46937.85,19287.85,79
2024-12-04,4,2,49,12,2024,Winter,Christmas,FMCG,Dandiya Sticks,40,85,112.5,10,497,200,2,0.8,0.73,3880,7420.5,3540.5,97
2024-12-05,5,3,49,12,2024,Winter,None,Grocery,Dal Toor 1kg,95,118,24.21,15,377,80,3,1.9,0.76,9785,10330.9,545.9,103
2024-12-05,5,3,49,12,2024,Winter,None,Electronics,Earphones Boat,350,599,71.14,0,72,20,5,7.0,0.8,24500,41930.0,17430.0,70
2024-12-05,5,3,49,12,2024,Winter,None,FMCG,Diya Set 12pc,48,95,97.92,0,181,150,2,0.96,0.73,1488,2945.0,1457.0,31
2024-12-06,6,4,49,12,2024,Winter,None,Grocery,Sunflower Oil 1L,120,148,23.33,5,193,60,4,2.4,0.82,13440,15747.2,2307.2,112
2024-12-06,6,4,49,12,2024,Winter,None,FMCG,Toothpaste Colgate,55,75,36.36,0,453,100,3,1.1,0.86,3300,4500.0,1200.0,60
2024-12-06,6,4,49,12,2024,Winter,None,Grocery,Sugar 1kg,42,54,28.57,5,407,100,2,0.84,0.74,2226,2718.9,492.9,53
2024-12-06,6,4,49,12,2024,Winter,None,FMCG,Diya Set 12pc,48,95,97.92,15,484,150,2,0.96,0.98,3504,5894.75,2390.75,73
2024-12-06,6,4,49,12,2024,Winter,None,Fashion,Jeans Men,450,899,99.78,0,54,20,6,9.0,0.91,50400,100688.0,50288.0,112
2024-12-07,7,5,49,12,2024,Winter,Christmas,FMCG,Soap Lux,22,32,45.45,10,372,150,3,0.44,0.73,3718,4867.2,1149.2,169
2024-12-07,7,5,49,12,2024,Winter,Christmas,Fashion,Saree Cotton,350,699,99.71,5,71,15,7,7.0,0.99,153300,290853.9,137553.9,438
2024-12-07,7,5,49,12,2024,Winter,Christmas,Electronics,Smartphone Redmi,8500,10999,29.4,0,10,10,7,170.0,0.92,1181500,1528861.0,347361.0,139
2024-12-07,7,5,49,12,2024,Winter,Christmas,FMCG,Toothpaste Colgate,55,75,36.36,0,301,100,3,1.1,0.84,6325,8625.0,2300.0,115
2024-12-07,7,5,49,12,2024,Winter,Christmas,Grocery,Christmas Cake,180,320,77.78,0,50,30,2,3.6,0.7,24480,43520.0,19040.0,136
2024-12-07,7,5,49,12,2024,Winter,Christmas,Grocery,Wheat Flour 10kg,320,385,20.31,0,104,40,3,6.4,0.75,40960,49280.0,8320.0,128
2024-12-07,7,5,49,12,2024,Winter,Christmas,FMCG,Biscuit Parle-G,8,12,50.0,10,240,200,2,0.16,0.94,1496,2019.6,523.6,187
2024-12-08,8,6,49,12,2024,Winter,None,Stationery,Pen Blue Pack 10,25,40,60.0,5,509,200,2,0.5,0.72,2650,4028.0,1378.0,106
2024-12-08,8,6,49,12,2024,Winter,None,Grocery,Wheat Flour 10kg,320,385,20.31,10,74,40,3,6.4,0.72,45440,49203.0,3763.0,142
2024-12-08,8,6,49,12,2024,Winter,None,Fashion,Jeans Men,450,899,99.78,5,57,20,6,9.0,0.95,50850,96507.65,45657.65,113
2024-12-08,8,6,49,12,2024,Winter,None,FMCG,Shampoo Head&Shoulders,85,115,35.29,0,191,80,4,1.7,0.91,935,1265.0,330.0,11
2024-12-08,8,6,49,12,2024,Winter,None,Electronics,Smartphone Redmi,8500,10999,29.4,20,11,10,7,170.0,0.91,986000,1020707.2,34707.2,116
2024-12-08,8,6,49,12,2024,Winter,None,FMCG,Puja Thali Set,125,245,96.0,20,87,50,3,2.5,0.79,18250,28616.0,10366.0,146
2024-12-09,9,0,50,12,2024,Winter,Christmas,FMCG,Shampoo Head&Shoulders,85,115,35.29,5,186,80,4,1.7,0.88,16065,20648.25,4583.25,189
2024-12-09,9,0,50,12,2024,Winter,Christmas,Fashion,Shoes Casual,350,699,99.71,5,121,25,6,7.0,0.91,96250,182613.75,86363.75,275
2024-12-09,9,0,50,12,2024,Winter,Christmas,Electronics,Fan Table,850,1350,58.82,0,19,8,7,17.0,0.77,257550,409050.0,151500.0,303
2024-12-09,9,0,50,12,2024,Winter,Christmas,FMCG,Cold Drink 500ml,20,30,50.0,15,373,200,2,0.4,0.94,1000,1275.0,275.0,50
2024-12-09,9,0,50,12,2024,Winter,Christmas,Agriculture,Wheat Seeds 1kg,65,95,46.15,10,78,30,5,1.3,0.89,6695,8806.5,2111.5,103
2024-12-09,9,0,50,12,2024,Winter,Christmas,Grocery,Eid Special Dates,280,450,60.71,15,157,40,4,5.6,0.86,19600,26775.0,7175.0,70
2024-12-10,10,1,50,12,2024,Winter,None,FMCG,Crackers Box,200,380,90.0,0,333,100,3,4.0,0.93,16000,30400.0,14400.0,80
2024-12-10,10,1,50,12,2024,Winter,None,Grocery,Wheat Flour 10kg,320,385,20.31,0,194,40,3,6.4,0.81,7680,9240.0,1560.0,24
2024-12-10,10,1,50,12,2024,Winter,None,FMCG,Gulal Colors Set,35,75,114.29,0,942,200,2,0.7,0.83,735,1575.0,840.0,21
2024-12-10,10,1,50,12,2024,Winter,None,Grocery,Sunflower Oil 1L,120,148,23.33,10,80,60,4,2.4,0.9,13560,15051.6,1491.6,113
2024-12-10,10,1,50,12,2024,Winter,None,Electronics,Fan Table,850,1350,58.82,0,37,8,7,17.0,0.92,42500,67500.0,25000.0,50
2024-12-10,10,1,50,12,2024,Winter,None,FMCG,Cold Drink 500ml,20,30,50.0,0,871,200,2,0.4,0.7,140,210.0,70.0,7
2024-12-11,11,2,50,12,2024,Winter,New Year,Stationery,Notebook A4,28,45,60.71,5,460,100,3,0.56,0.99,3388,5172.75,1784.75,121
2024-12-11,11,2,50,12,2024,Winter,New Year,Grocery,Basmati Rice 5kg,180,225,25.0,0,52,50,3,3.6,0.94,6480,8100.0,1620.0,36
2024-12-11,11,2,50,12,2024,Winter,New Year,FMCG,Dandiya Sticks,40,85,112.5,10,999,200,2,0.8,0.95,4120,7879.5,3759.5,103
2024-12-11,11,2,50,12,2024,Winter,New Year,Fashion,Jeans Men,450,899,99.78,10,55,20,6,9.0,0.92,73800,132692.4,58892.4,164
2024-12-11,11,2,50,12,2024,Winter,New Year,Fashion,T-Shirt Men,180,349,93.89,0,73,30,5,3.6,0.73,36180,70149.0,33969.0,201
2024-12-11,11,2,50,12,2024,Winter,New Year,Stationery,Pencil Box,35,55,57.14,20,247,80,3,0.7,0.88,2520,3168.0,648.0,72
2024-12-12,12,3,50,12,2024,Winter,None,Fashion,T-Shirt Men,180,349,93.89,0,120,30,5,3.6,0.98,8280,16054.0,7774.0,46
2024-12-12,12,3,50,12,2024,Winter,None,FMCG,Biscuit Parle-G,8,12,50.0,0,709,200,2,0.16,0.79,88,132.0,44.0,11
2024-12-12,12,3,50,12,2024,Winter,None,Grocery,Christmas Cake,180,320,77.78,0,133,30,2,3.6,0.98,11700,20800.0,9100.0,65
2024-12-12,12,3,50,12,2024,Winter,None,Stationery,Eraser Pack,12,20,66.67,0,160,150,2,0.24,0.98,936,1560.0,624.0,78
2024-12-12,12,3,50,12,2024,Winter,None,Electronics,Earphones Boat,350,599,71.14,0,82,20,5,7.0,0.77,3500,5990.0,2490.0,10
2024-12-13,13,4,50,12,2024,Winter,None,FMCG,Toothpaste Colgate,55,75,36.36,15,338,100,3,1.1,0.96,5830,6757.5,927.5,106
2024-12-13,13,4,50,12,2024,Winter,None,Electronics,Power Bank 10000mAh,650,1099,69.08,0,67,15,6,13.0,0.9,33800,57148.0,23348.0,52
2024-12-13,13,4,50,12,2024,Winter,None,Electronics,LED Bulb 9W,48,85,77.08,0,172,40,4,0.96,0.72,4512,7990.0,3478.0,94
2024-12-13,13,4,50,12,2024,Winter,None,FMCG,Shampoo Head&Shoulders,85,115,35.29,0,371,80,4,1.7,0.93,9520,12880.0,3360.0,112
2024-12-14,14,5,50,12,2024,Winter,Christmas,Fashion,Jeans Men,450,899,99.78,5,74,20,6,9.0,0.77,129600,245966.4,116366.4,288
2024-12-14,14,5,50,12,2024,Winter,Christmas,Agriculture,Fertilizer NPK 1kg,125,168,34.4,20,52,25,6,2.5,0.72,19250,20697.6,1447.6,154
2024-12-14,14,5,50,12,2024,Winter,Christmas,Fashion,Saree Cotton,350,699,99.71,0,21,15,7,7.0,0.97,52500,104850.0,52350.0,150
2024-12-14,14,5,50,12,2024,Winter,Christmas,FMCG,Shampoo Head&Shoulders,85,115,35.29,10,203,80,4,1.7,0.72,18360,22356.0,3996.0,216
2024-12-14,14,5,50,12,2024,Winter,Christmas,FMCG,Soap Lux,22,32,45.45,5,745,150,3,0.44,0.97,3740,5168.0,1428.0,170
2024-12-15,15,6,50,12,2024,Winter,None,Grocery,Wheat Flour 10kg,320,385,20.31,0,63,40,3,6.4,0.9,59520,71610.0,12090.0,186
2024-12-15,15,6,50,12,2024,Winter,None,Grocery,Christmas Cake,180,320,77.78,0,49,30,2,3.6,0.79,6480,11520.0,5040.0,36
2024-12-15,15,6,50,12,2024,Winter,None,Electronics,Power Bank 10000mAh,650,1099,69.08,15,20,15,6,13.0,0.83,37700,54180.7,16480.7,58
2024-12-15,15,6,50,12,2024,Winter,None,FMCG,Kite + String,25,55,120.0,0,1165,300,2,0.5,0.72,2900,6380.0,3480.0,116
2024-12-15,15,6,50,12,2024,Winter,None,FMCG,Biscuit Parle-G,8,12,50.0,15,656,200,2,0.16,0.89,1072,1366.8,294.8,134
2024-12-15,15,6,50,12,2024,Winter,None,FMCG,Diya Set 12pc,48,95,97.92,15,215,150,2,0.96,0.78,2160,3633.75,1473.75,45
2024-12-15,15,6,50,12,2024,Winter,None,Grocery,Eid Special Dates,280,450,60.71,10,42,40,4,5.6,0.76,45640,66015.0,20375.0,163
2024-12-15,15,6,50,12,2024,Winter,None,FMCG,Soap Lux,22,32,45.45,0,468,150,3,0.44,0.9,242,352.0,110.0,11
2024-12-16,16,0,51,12,2024,Winter,None,Electronics,Earphones Boat,350,599,71.14,0,57,20,5,7.0,0.95,5600,9584.0,3984.0,16
2024-12-16,16,0,51,12,2024,Winter,None,Fashion,Jeans Men,450,899,99.78,0,57,20,6,9.0,0.73,9450,18879.0,9429.0,21
2024-12-16,16,0,51,12,2024,Winter,None,FMCG,Shampoo Head&Shoulders,85,115,35.29,0,250,80,4,1.7,0.99,3825,5175.0,1350.0,45
2024-12-16,16,0,51,12,2024,Winter,None,FMCG,Biscuit Parle-G,8,12,50.0,5,248,200,2,0.16,0.92,800,1140.0,340.0,100
2024-12-16,16,0,51,12,2024,Winter,None,Grocery,Sunflower Oil 1L,120,148,23.33,20,92,60,4,2.4,0.9,4800,4736.0,-64.0,40
2024-12-17,17,1,51,12,2024,Winter,None,Fashion,Shoes Casual,350,699,99.71,0,101,25,6,7.0,0.97,58100,116034.0,57934.0,166
2024-12-17,17,1,51,12,2024,Winter,None,Agriculture,Wheat Seeds 1kg,65,95,46.15,10,121,30,5,1.3,0.87,7865,10345.5,2480.5,121
2024-12-17,17,1,51,12,2024,Winter,None,Agriculture,Pesticide 500ml,180,245,36.11,20,80,20,5,3.6,0.92,16920,18424.0,1504.0,94
2024-12-17,17,1,51,12,2024,Winter,None,FMCG,Shampoo Head&Shoulders,85,115,35.29,0,325,80,4,1.7,0.84,1360,1840.0,480.0,16
2024-12-17,17,1,51,12,2024,Winter,None,Grocery,Dal Toor 1kg,95,118,24.21,0,390,80,3,1.9,0.86,3610,4484.0,874.0,38
2024-12-17,17,1,51,12,2024,Winter,None,FMCG,Puja Thali Set,125,245,96.0,10,166,50,3,2.5,0.89,12000,21168.0,9168.0,96
2024-12-17,17,1,51,12,2024,Winter,None,Stationery,Pen Blue Pack 10,25,40,60.0,20,718,200,2,0.5,0.84,650,832.0,182.0,26
2024-12-18,18,2,51,12,2024,Winter,None,Electronics,Fan Table,850,1350,58.82,0,34,8,7,17.0,0.98,67150,106650.0,39500.0,79
2024-12-18,18,2,51,12,2024,Winter,None,Stationery,Notebook A4,28,45,60.71,20,333,100,3,0.56,0.95,560,720.0,160.0,20
2024-12-18,18,2,51,12,2024,Winter,None,FMCG,Soap Lux,22,32,45.45,0,718,150,3,0.44,0.97,1034,1504.0,470.0,47
2024-12-19,19,3,51,12,2024,Winter,None,FMCG,Puja Thali Set,125,245,96.0,15,212,50,3,2.5,0.94,1500,2499.0,999.0,12
2024-12-19,19,3,51,12,2024,Winter,None,Grocery,Christmas Cake,180,320,77.78,0,95,30,2,3.6,0.8,21960,39040.0,17080.0,122
2024-12-19,19,3,51,12,2024,Winter,None,Stationery,Pencil Box,35,55,57.14,0,356,80,3,0.7,0.89,2870,4510.0,1640.0,82
2024-12-20,20,4,51,12,2024,Winter,None,Stationery,Pencil Box,35,55,57.14,20,200,80,3,0.7,0.88,2030,2552.0,522.0,58
2024-12-20,20,4,51,12,2024,Winter,None,FMCG,Shampoo Head&Shoulders,85,115,35.29,5,241,80,4,1.7,0.78,1870,2403.5,533.5,22
2024-12-20,20,4,51,12,2024,Winter,None,Grocery,Sunflower Oil 1L,120,148,23.33,5,276,60,4,2.4,0.83,6600,7733.0,1133.0,55
2024-12-20,20,4,51,12,2024,Winter,None,Stationery,Notebook A4,28,45,60.71,5,127,100,3,0.56,0.92,168,256.5,88.5,6
2024-12-21,21,5,51,12,2024,Winter,None,Grocery,Salt 1kg,18,25,38.89,0,506,120,2,0.36,0.77,2016,2800.0,784.0,112
2024-12-21,21,5,51,12,2024,Winter,None,Fashion,Shoes Casual,350,699,99.71,0,122,25,6,7.0,0.95,33600,67104.0,33504.0,96
2024-12-21,21,5,51,12,2024,Winter,None,Electronics,Smartphone Redmi,8500,10999,29.4,5,36,10,7,170.0,0.84,1275000,1567357.5,292357.5,150
2024-12-21,21,5,51,12,2024,Winter,None,Agriculture,Pesticide 500ml,180,245,36.11,15,88,20,5,3.6,0.99,27900,32278.75,4378.75,155
2024-12-21,21,5,51,12,2024,Winter,None,Electronics,Fan Table,850,1350,58.82,10,16,8,7,17.0,0.99,45050,64395.0,19345.0,53
2024-12-21,21,5,51,12,2024,Winter,None,FMCG,Cold Drink 500ml,20,30,50.0,20,232,200,2,0.4,0.92,700,840.0,140.0,35
2024-12-21,21,5,51,12,2024,Winter,None,Grocery,Sugar 1kg,42,54,28.57,5,104,100,2,0.84,0.98,2058,2513.7,455.7,49
2024-12-21,21,5,51,12,2024,Winter,None,Fashion,Kurta Women,280,549,96.07,0,28,20,5,5.6,1.0,33320,65331.0,32011.0,119
2024-12-22,22,6,51,12,2024,Winter,None,Fashion,T-Shirt Men,180,349,93.89,5,144,30,5,3.6,0.98,38340,70620.15,32280.15,213
2024-12-22,22,6,51,12,2024,Winter,None,Stationery,Pencil Box,35,55,57.14,0,239,80,3,0.7,0.87,455,715.0,260.0,13
2024-12-22,22,6,51,12,2024,Winter,None,FMCG,Biscuit Parle-G,8,12,50.0,5,628,200,2,0.16,0.78,792,1128.6,336.6,99
2024-12-22,22,6,51,12,2024,Winter,None,Agriculture,Fertilizer NPK 1kg,125,168,34.4,0,41,25,6,2.5,0.93,6875,9240.0,2365.0,55
2024-12-23,23,0,52,12,2024,Winter,None,FMCG,Puja Thali Set,125,245,96.0,0,80,50,3,2.5,0.85,3625,7105.0,3480.0,29
2024-12-23,23,0,52,12,2024,Winter,None,Grocery,Sugar 1kg,42,54,28.57,5,180,100,2,0.84,0.8,336,410.4,74.4,8
2024-12-23,23,0,52,12,2024,Winter,None,Electronics,LED Bulb 9W,48,85,77.08,20,115,40,4,0.96,0.77,816,1156.0,340.0,17
2024-12-23,23,0,52,12,2024,Winter,None,Grocery,Eid Special Dates,280,450,60.71,20,74,40,4,5.6,0.79,3360,4320.0,960.0,12
2024-12-23,23,0,52,12,2024,Winter,None,FMCG,Dandiya Sticks,40,85,112.5,5,779,200,2,0.8,1.0,3640,7348.25,3708.25,91
2024-12-24,24,1,52,12,2024,Winter,None,Electronics,LED Bulb 9W,48,85,77.08,0,192,40,4,0.96,0.96,4512,7990.0,3478.0,94
2024-12-24,24,1,52,12,2024,Winter,None,Grocery,Sugar 1kg,42,54,28.57,10,233,100,2,0.84,0.82,5586,6463.8,877.8,133
2024-12-24,24,1,52,12,2024,Winter,None,Electronics,Earphones Boat,350,599,71.14,10,22,20,5,7.0,0.78,11900,18329.4,6429.4,34
2024-12-24,24,1,52,12,2024,Winter,None,Grocery,Eid Special Dates,280,450,60.71,10,89,40,4,5.6,0.72,7560,10935.0,3375.0,27
2024-12-24,24,1,52,12,2024,Winter,None,Grocery,Christmas Cake,180,320,77.78,10,66,30,2,3.6,0.77,19080,30528.0,11448.0,106
2024-12-24,24,1,52,12,2024,Winter,None,Electronics,USB Cable,45,89,97.78,0,141,50,4,0.9,0.91,1125,2225.0,1100.0,25
2024-12-25,25,2,52,12,2024,Winter,None,FMCG,Biscuit Parle-G,8,12,50.0,0,451,200,2,0.16,0.78,592,888.0,296.0,74
2024-12-25,25,2,52,12,2024,Winter,None,FMCG,Diya Set 12pc,48,95,97.92,20,308,150,2,0.96,0.81,3792,6004.0,2212.0,79
2024-12-25,25,2,52,12,2024,Winter,None,FMCG,Soap Lux,22,32,45.45,5,488,150,3,0.44,0.76,1826,2523.2,697.2,83
2024-12-25,25,2,52,12,2024,Winter,None,FMCG,Detergent Surf 1kg,95,125,31.58,0,422,90,3,1.9,0.9,4940,6500.0,1560.0,52
2024-12-25,25,2,52,12,2024,Winter,None,Agriculture,Pesticide 500ml,180,245,36.11,0,63,20,5,3.6,0.78,4500,6125.0,1625.0,25
2024-12-26,26,3,52,12,2024,Winter,New Year,Grocery,Salt 1kg,18,25,38.89,15,521,120,2,0.36,0.71,3654,4313.75,659.75,203
2024-12-26,26,3,52,12,2024,Winter,New Year,FMCG,Soap Lux,22,32,45.45,20,466,150,3,0.44,0.78,990,1152.0,162.0,45
2024-12-26,26,3,52,12,2024,Winter,New Year,Grocery,Wheat Flour 10kg,320,385,20.31,15,152,40,3,6.4,0.9,61440,62832.0,1392.0,192
2024-12-26,26,3,52,12,2024,Winter,New Year,FMCG,Shampoo Head&Shoulders,85,115,35.29,0,366,80,4,1.7,0.78,12155,16445.0,4290.0,143
2024-12-26,26,3,52,12,2024,Winter,New Year,FMCG,Dandiya Sticks,40,85,112.5,0,322,200,2,0.8,0.74,5000,10625.0,5625.0,125
2024-12-26,26,3,52,12,2024,Winter,New Year,Stationery,Pen Blue Pack 10,25,40,60.0,5,520,200,2,0.5,0.9,1225,1862.0,637.0,49
2024-12-26,26,3,52,12,2024,Winter,New Year,Grocery,Basmati Rice 5kg,180,225,25.0,10,129,50,3,3.6,0.78,44460,50017.5,5557.5,247
2024-12-26,26,3,52,12,2024,Winter,New Year,Electronics,Power Bank 10000mAh,650,1099,69.08,0,20,15,6,13.0,0.86,111800,189028.0,77228.0,172
2024-12-27,27,4,52,12,2024,Winter,None,Fashion,Saree Cotton,350,699,99.71,0,21,15,7,7.0,0.78,31150,62211.0,31061.0,89
2024-12-27,27,4,52,12,2024,Winter,None,Electronics,Earphones Boat,350,599,71.14,10,59,20,5,7.0,0.99,46900,72239.4,25339.4,134
2024-12-27,27,4,52,12,2024,Winter,None,Agriculture,Fertilizer NPK 1kg,125,168,34.4,0,69,25,6,2.5,0.87,4625,6216.0,1591.0,37
2024-12-27,27,4,52,12,2024,Winter,None,FMCG,Kite + String,25,55,120.0,10,1346,300,2,0.5,0.72,1325,2623.5,1298.5,53
2024-12-27,27,4,52,12,2024,Winter,None,FMCG,Toothpaste Colgate,55,75,36.36,0,187,100,3,1.1,0.85,4125,5625.0,1500.0,75
2024-12-28,28,5,52,12,2024,Winter,None,Fashion,Kurta Women,280,549,96.07,20,85,20,5,5.6,0.73,56000,87840.0,31840.0,200
2024-12-28,28,5,52,12,2024,Winter,None,Grocery,Wheat Flour 10kg,320,385,20.31,15,132,40,3,6.4,0.78,47040,48105.75,1065.75,147
2024-12-28,28,5,52,12,2024,Winter,None,FMCG,Puja Thali Set,125,245,96.0,20,141,50,3,2.5,0.75,11000,17248.0,6248.0,88
2024-12-29,29,6,52,12,2024,Winter,None,FMCG,Gulal Colors Set,35,75,114.29,20,513,200,2,0.7,0.83,4550,7800.0,3250.0,130
2024-12-29,29,6,52,12,2024,Winter,None,FMCG,Puja Thali Set,125,245,96.0,20,52,50,3,2.5,0.82,2000,3136.0,1136.0,16
2024-12-29,29,6,52,12,2024,Winter,None,Grocery,Eid Special Dates,280,450,60.71,10,139,40,4,5.6,0.79,48160,69660.0,21500.0,172
2024-12-29,29,6,52,12,2024,Winter,None,Grocery,Christmas Cake,180,320,77.78,5,115,30,2,3.6,0.84,9360,15808.0,6448.0,52
2024-12-29,29,6,52,12,2024,Winter,None,Electronics,LED Bulb 9W,48,85,77.08,20,167,40,4,0.96,0.84,5376,7616.0,2240.0,112
2024-12-29,29,6,52,12,2024,Winter,None,Fashion,T-Shirt Men,180,349,93.89,0,113,30,5,3.6,0.96,34920,67706.0,32786.0,194
2024-12-29,29,6,52,12,2024,Winter,None,Electronics,Fan Table,850,1350,58.82,15,14,8,7,17.0,0.74,70550,95242.5,24692.5,83
2024-12-29,29,6,52,12,2024,Winter,None,FMCG,Diya Set 12pc,48,95,97.92,0,310,150,2,0.96,0.96,2592,5130.0,2538.0,54
2024-12-30,30,0,1,12,2024,Winter,None,Fashion,Shoes Casual,350,699,99.71,0,103,25,6,7.0,0.96,64400,128616.0,64216.0,184
2024-12-30,30,0,1,12,2024,Winter,None,Electronics,Smartphone Redmi,8500,10999,29.4,20,50,10,7,170.0,0.92,357000,369566.4,12566.4,42
2024-12-30,30,0,1,12,2024,Winter,None,Agriculture,Wheat Seeds 1kg,65,95,46.15,5,48,30,5,1.3,0.82,715,992.75,277.75,11
2024-12-30,30,0,1,12,2024,Winter,None,Grocery,Sunflower Oil 1L,120,148,23.33,0,288,60,4,2.4,0.94,10560,13024.0,2464.0,88
2024-12-30,30,0,1,12,2024,Winter,None,Grocery,Dal Toor 1kg,95,118,24.21,15,143,80,3,1.9,0.91,9310,9829.4,519.4,98
2024-12-31,31,1,1,12,2024,Winter,Christmas,Electronics,Earphones Boat,350,599,71.14,15,96,20,5,7.0,0.85,95550,138997.95,43447.95,273
2024-12-31,31,1,1,12,2024,Winter,Christmas,FMCG,Shampoo Head&Shoulders,85,115,35.29,10,159,80,4,1.7,0.84,9520,11592.0,2072.0,112
2024-12-31,31,1,1,12,2024,Winter,Christmas,Stationery,Notebook A4,28,45,60.71,10,224,100,3,0.56,0.83,2296,3321.0,1025.0,82
