product_name,category,cost_price,selling_price,discount_pct,units_sold,current_stock,reorder_level,lead_time_days,holding_cost,supplier_reliability,season,festival,region,margin_pct,revenue,profit,investment,month,year,day,day_of_week,week,quarter,is_weekend,is_festival,price_ratio,stock_buffer,date
Basmati Rice 5kg,Grocery,280,340,0,120,126,34,7,4.2,0.9,Winter,None,Central India,21.43,40800.0,7200.0,33600,1,2023,1,6,1,1,1,0,1.214,92,2023-01-01
Atta Aashirvaad 10kg,Grocery,330,390,0,111,40,38,5,4.95,0.8,Winter,None,Central India,18.18,43290.0,6660.0,36630,1,2023,1,6,1,1,1,0,1.182,2,2023-01-01
Toor Dal 1kg,Grocery,130,155,0,78,171,30,2,1.95,0.92,Winter,None,Central India,19.23,12090.0,1950.0,10140,1,2023,1,6,1,1,1,0,1.192,141,2023-01-01
Chana Dal 1kg,Grocery,90,112,0,70,277,24,7,1.35,0.88,Winter,None,Central India,24.44,7840.0,1540.0,6300,1,2023,1,6,1,1,1,0,1.244,253,2023-01-01
Mustard Oil 1L,Grocery,155,185,0,91,189,28,7,2.32,0.88,Winter,None,Central India,19.35,16835.0,2730.0,14105,1,2023,1,6,1,1,1,0,1.194,161,2023-01-01
Refined Oil Soya 5L,Grocery,580,680,0,46,207,20,7,8.7,0.95,Winter,None,Central India,17.24,31280.0,4600.0,26680,1,2023,1,6,1,1,1,0,1.172,187,2023-01-01
Sugar 1kg,Grocery,42,50,0,151,70,48,3,0.63,0.95,Winter,None,Central India,19.05,7550.0,1208.0,6342,1,2023,1,6,1,1,1,0,1.19,22,2023-01-01
Salt Tata 1kg,Grocery,18,22,0,86,263,36,7,0.27,0.75,Winter,None,Central India,22.22,1892.0,344.0,1548,1,2023,1,6,1,1,1,0,1.222,227,2023-01-01
Poha 500g,Grocery,28,36,0,56,40,22,1,0.42,0.95,Winter,None,Central India,28.57,2016.0,448.0,1568,1,2023,1,6,1,1,1,0,1.286,18,2023-01-01
Maida 1kg,Grocery,32,40,0,57,293,18,3,0.48,0.75,Winter,None,Central India,25.0,2280.0,456.0,1824,1,2023,1,6,1,1,1,0,1.25,275,2023-01-01
Besan 500g,Grocery,38,48,0,42,111,16,5,0.57,0.88,Winter,None,Central India,26.32,2016.0,420.0,1596,1,2023,1,6,1,1,1,0,1.263,95,2023-01-01
Rajma 500g,Grocery,65,82,0,59,283,14,5,0.97,0.85,Winter,None,Central India,26.15,4838.0,1003.0,3835,1,2023,1,6,1,1,1,0,1.262,269,2023-01-01
Haldi Powder 100g,Grocery,28,38,0,47,21,20,4,0.42,0.92,Winter,None,Central India,35.71,1786.0,470.0,1316,1,2023,1,6,1,1,1,0,1.357,1,2023-01-01
Red Chilli Powder 100g,Grocery,30,42,0,51,73,19,2,0.45,0.88,Winter,None,Central India,40.0,2142.0,612.0,1530,1,2023,1,6,1,1,1,0,1.4,54,2023-01-01
Coriander Powder 100g,Grocery,22,32,0,46,290,18,7,0.33,0.92,Winter,None,Central India,45.45,1472.0,460.0,1012,1,2023,1,6,1,1,1,0,1.455,272,2023-01-01
Tea Brooke Bond 500g,Grocery,175,215,0,139,234,32,3,2.62,0.75,Winter,None,Central India,22.86,29885.0,5560.0,24325,1,2023,1,6,1,1,1,0,1.229,202,2023-01-01
Tea Tata Gold 250g,Grocery,105,130,0,95,299,26,2,1.57,0.75,Winter,None,Central India,23.81,12350.0,2375.0,9975,1,2023,1,6,1,1,1,0,1.238,273,2023-01-01
Dry Coconut 200g,Grocery,95,125,0,38,271,12,3,1.43,0.88,Winter,None,Central India,31.58,4750.0,1140.0,3610,1,2023,1,6,1,1,1,0,1.316,259,2023-01-01
Saunf 100g,Grocery,22,30,0,28,84,14,1,0.33,0.95,Winter,None,Central India,36.36,840.0,224.0,616,1,2023,1,6,1,1,1,0,1.364,70,2023-01-01
Lifebuoy Soap 100g,FMCG,28,36,0,73,28,36,7,0.42,0.75,Winter,None,Central India,28.57,2628.0,584.0,2044,1,2023,1,6,1,1,1,0,1.286,-8,2023-01-01
Lux Soap 75g,FMCG,32,42,0,77,182,28,2,0.48,0.75,Winter,None,Central India,31.25,3234.0,770.0,2464,1,2023,1,6,1,1,1,0,1.312,154,2023-01-01
Colgate 200g,FMCG,82,100,0,75,280,26,2,1.23,0.95,Winter,None,Central India,21.95,7500.0,1350.0,6150,1,2023,1,6,1,1,1,0,1.22,254,2023-01-01
Pepsodent 200g,FMCG,75,92,0,61,220,22,7,1.12,0.88,Winter,None,Central India,22.67,5612.0,1037.0,4575,1,2023,1,6,1,1,1,0,1.227,198,2023-01-01
Clinic Plus Shampoo 80ml,FMCG,55,72,0,52,52,20,7,0.82,0.95,Winter,None,Central India,30.91,3744.0,884.0,2860,1,2023,1,6,1,1,1,0,1.309,32,2023-01-01
Sunsilk Shampoo 80ml,FMCG,58,75,0,36,118,18,3,0.87,0.92,Winter,None,Central India,29.31,2700.0,612.0,2088,1,2023,1,6,1,1,1,0,1.293,100,2023-01-01
Surf Excel 1kg,FMCG,130,165,0,43,54,22,1,1.95,0.85,Winter,None,Central India,26.92,7095.0,1505.0,5590,1,2023,1,6,1,1,1,0,1.269,32,2023-01-01
Ariel 500g,FMCG,95,120,0,47,276,18,3,1.43,0.8,Winter,None,Central India,26.32,5640.0,1175.0,4465,1,2023,1,6,1,1,1,0,1.263,258,2023-01-01
Parle-G 800g,FMCG,45,58,0,106,274,48,4,0.67,0.95,Winter,None,Central India,28.89,6148.0,1378.0,4770,1,2023,1,6,1,1,1,0,1.289,226,2023-01-01
Good Day Biscuit 250g,FMCG,28,38,0,82,198,34,5,0.42,0.95,Winter,None,Central India,35.71,3116.0,820.0,2296,1,2023,1,6,1,1,1,0,1.357,164,2023-01-01
Hide & Seek 100g,FMCG,32,45,0,49,260,24,3,0.48,0.9,Winter,None,Central India,40.62,2205.0,637.0,1568,1,2023,1,6,1,1,1,0,1.406,236,2023-01-01
Maggi Noodles 70g,FMCG,12,15,0,261,250,60,3,0.18,0.95,Winter,None,Central India,25.0,3915.0,783.0,3132,1,2023,1,6,1,1,1,0,1.25,190,2023-01-01
Maggi Noodles 4-Pack,FMCG,52,65,0,135,190,36,3,0.78,0.88,Winter,None,Central India,25.0,8775.0,1755.0,7020,1,2023,1,6,1,1,1,0,1.25,154,2023-01-01
Lay's Chips 26g,FMCG,15,20,0,204,262,80,4,0.22,0.88,Winter,None,Central India,33.33,4080.0,1020.0,3060,1,2023,1,6,1,1,1,0,1.333,182,2023-01-01
Kurkure 65g,FMCG,18,25,0,194,85,70,2,0.27,0.9,Winter,None,Central India,38.89,4850.0,1358.0,3492,1,2023,1,6,1,1,1,0,1.389,15,2023-01-01
Haldirams Namkeen 200g,FMCG,55,75,0,84,47,38,3,0.82,0.88,Winter,None,Central India,36.36,6300.0,1680.0,4620,1,2023,1,6,1,1,1,0,1.364,9,2023-01-01
Haldirams Mixture 400g,FMCG,110,148,0,66,147,28,2,1.65,0.95,Winter,None,Central India,34.55,9768.0,2508.0,7260,1,2023,1,6,1,1,1,0,1.345,119,2023-01-01
Frooti 200ml,FMCG,12,15,0,236,244,100,1,0.18,0.75,Winter,None,Central India,25.0,3540.0,708.0,2832,1,2023,1,6,1,1,1,0,1.25,144,2023-01-01
Maaza 250ml,FMCG,18,22,0,224,140,80,3,0.27,0.9,Winter,None,Central India,22.22,4928.0,896.0,4032,1,2023,1,6,1,1,1,0,1.222,60,2023-01-01
Thums Up 600ml,FMCG,38,45,0,93,184,72,1,0.57,0.85,Winter,None,Central India,18.42,4185.0,651.0,3534,1,2023,1,6,1,1,1,0,1.184,112,2023-01-01
Limca 600ml,FMCG,35,42,0,159,253,60,3,0.53,0.95,Winter,None,Central India,20.0,6678.0,1113.0,5565,1,2023,1,6,1,1,1,0,1.2,193,2023-01-01
Glucon-D 200g,FMCG,55,72,0,59,252,26,3,0.82,0.75,Winter,None,Central India,30.91,4248.0,1003.0,3245,1,2023,1,6,1,1,1,0,1.309,226,2023-01-01
ORS Sachets (5pc),FMCG,22,30,0,40,71,18,3,0.33,0.92,Winter,None,Central India,36.36,1200.0,320.0,880,1,2023,1,6,1,1,1,0,1.364,53,2023-01-01
Vim Bar 200g,FMCG,25,32,0,71,120,24,1,0.38,0.75,Winter,None,Central India,28.0,2272.0,497.0,1775,1,2023,1,6,1,1,1,0,1.28,96,2023-01-01
Harpic 500ml,FMCG,75,98,0,41,206,14,1,1.12,0.8,Winter,None,Central India,30.67,4018.0,943.0,3075,1,2023,1,6,1,1,1,0,1.307,192,2023-01-01
Dettol 250ml,FMCG,68,88,0,39,243,18,1,1.02,0.75,Winter,None,Central India,29.41,3432.0,780.0,2652,1,2023,1,6,1,1,1,0,1.294,225,2023-01-01
Hajmola 100 Tabs,FMCG,45,60,0,55,145,22,2,0.67,0.9,Winter,None,Central India,33.33,3300.0,825.0,2475,1,2023,1,6,1,1,1,0,1.333,123,2023-01-01
Vicks 10g,FMCG,35,48,0,106,266,16,3,0.53,0.95,Winter,None,Central India,37.14,5088.0,1378.0,3710,1,2023,1,6,1,1,1,0,1.371,250,2023-01-01
Eno Sachet (6pc),FMCG,28,38,0,49,222,20,7,0.42,0.85,Winter,None,Central India,35.71,1862.0,490.0,1372,1,2023,1,6,1,1,1,0,1.357,202,2023-01-01
Diya Set 12pc,FMCG,38,65,0,9,117,10,4,0.57,0.92,Winter,None,Central India,71.05,585.0,243.0,342,1,2023,1,6,1,1,1,0,1.711,107,2023-01-01
Gulal Colors 100g,FMCG,22,40,0,4,259,10,7,0.33,0.75,Winter,None,Central India,81.82,160.0,72.0,88,1,2023,1,6,1,1,1,0,1.818,249,2023-01-01
Agarbatti Pack 20pc,FMCG,25,35,0,50,278,20,3,0.38,0.88,Winter,None,Central India,40.0,1750.0,500.0,1250,1,2023,1,6,1,1,1,0,1.4,258,2023-01-01
Camphor Tablets 25g,FMCG,28,40,0,27,166,14,3,0.42,0.95,Winter,None,Central India,42.86,1080.0,324.0,756,1,2023,1,6,1,1,1,0,1.429,152,2023-01-01
Mosquito Coil (10pc),FMCG,32,45,0,60,147,22,5,0.48,0.8,Winter,None,Central India,40.62,2700.0,780.0,1920,1,2023,1,6,1,1,1,0,1.406,125,2023-01-01
All Out Refill,FMCG,88,115,0,33,148,16,2,1.32,0.88,Winter,None,Central India,30.68,3795.0,891.0,2904,1,2023,1,6,1,1,1,0,1.307,132,2023-01-01
Classmate Notebook 200pg,Stationery,48,65,0,67,118,32,5,0.72,0.88,Winter,None,Central India,35.42,4355.0,1139.0,3216,1,2023,1,6,1,1,1,0,1.354,86,2023-01-01
Reynolds Pen (10pc),Stationery,35,50,0,106,163,38,2,0.53,0.75,Winter,None,Central India,42.86,5300.0,1590.0,3710,1,2023,1,6,1,1,1,0,1.429,125,2023-01-01
Apsara Pencil (10pc),Stationery,15,22,0,48,273,28,3,0.22,0.9,Winter,None,Central India,46.67,1056.0,336.0,720,1,2023,1,6,1,1,1,0,1.467,245,2023-01-01
Fevicol 50g,Stationery,20,28,0,45,56,18,7,0.3,0.85,Winter,None,Central India,40.0,1260.0,360.0,900,1,2023,1,6,1,1,1,0,1.4,38,2023-01-01
Stapler Small,Stationery,45,65,0,17,166,10,7,0.67,0.85,Winter,None,Central India,44.44,1105.0,340.0,765,1,2023,1,6,1,1,1,0,1.444,156,2023-01-01
Register A4 100pg,Stationery,35,50,0,25,171,12,4,0.53,0.75,Winter,None,Central India,42.86,1250.0,375.0,875,1,2023,1,6,1,1,1,0,1.429,159,2023-01-01
Sketch Pens (12pc),Stationery,32,48,0,30,123,14,3,0.48,0.92,Winter,None,Central India,50.0,1440.0,480.0,960,1,2023,1,6,1,1,1,0,1.5,109,2023-01-01
Scale 30cm,Stationery,8,12,0,41,246,16,7,0.12,0.92,Winter,None,Central India,50.0,492.0,164.0,328,1,2023,1,6,1,1,1,0,1.5,230,2023-01-01
Eraser Apsara,Stationery,4,7,0,49,213,24,4,0.06,0.85,Winter,None,Central India,75.0,343.0,147.0,196,1,2023,1,6,1,1,1,0,1.75,189,2023-01-01
Tape Roll,Stationery,18,28,0,24,227,12,3,0.27,0.75,Winter,None,Central India,55.56,672.0,240.0,432,1,2023,1,6,1,1,1,0,1.556,215,2023-01-01
Eveready Battery AA 4pc,Electronics,55,75,0,44,154,18,2,0.82,0.75,Winter,None,Central India,36.36,3300.0,880.0,2420,1,2023,1,6,1,1,1,0,1.364,136,2023-01-01
Eveready Battery D 2pc,Electronics,65,90,0,29,147,12,1,0.97,0.88,Winter,None,Central India,38.46,2610.0,725.0,1885,1,2023,1,6,1,1,1,0,1.385,135,2023-01-01
CFL Bulb 9W Bajaj,Electronics,65,90,0,35,41,10,4,0.97,0.92,Winter,None,Central India,38.46,3150.0,875.0,2275,1,2023,1,6,1,1,1,0,1.385,31,2023-01-01
LED Bulb 9W Philips,Electronics,95,130,0,30,57,12,4,1.43,0.9,Winter,None,Central India,36.84,3900.0,1050.0,2850,1,2023,1,6,1,1,1,0,1.368,45,2023-01-01
Extension Cord 5m,Electronics,175,240,0,17,46,10,2,2.62,0.9,Winter,None,Central India,37.14,4080.0,1105.0,2975,1,2023,1,6,1,1,1,0,1.371,36,2023-01-01
Phone Charging Cable,Electronics,65,100,0,34,116,14,3,0.97,0.95,Winter,None,Central India,53.85,3400.0,1190.0,2210,1,2023,1,6,1,1,1,0,1.538,102,2023-01-01
Earphones Basic,Electronics,85,140,0,18,166,10,3,1.27,0.85,Winter,None,Central India,64.71,2520.0,990.0,1530,1,2023,1,6,1,1,1,0,1.647,156,2023-01-01
Gamcha (Cotton Towel),Fashion,55,80,0,39,211,16,1,0.82,0.75,Winter,None,Central India,45.45,3120.0,975.0,2145,1,2023,1,6,1,1,1,0,1.455,195,2023-01-01
Socks Cotton (3 pair),Fashion,55,80,0,62,65,14,3,0.82,0.92,Winter,None,Central India,45.45,4960.0,1550.0,3410,1,2023,1,6,1,1,1,0,1.455,51,2023-01-01
Handkerchief 3pc,Fashion,30,45,0,31,118,12,3,0.45,0.75,Winter,None,Central India,50.0,1395.0,465.0,930,1,2023,1,6,1,1,1,0,1.5,106,2023-01-01
Banyan Vest Cotton,Fashion,75,110,0,29,200,12,5,1.12,0.85,Winter,None,Central India,46.67,3190.0,1015.0,2175,1,2023,1,6,1,1,1,0,1.467,188,2023-01-01
Dupatta Plain,Fashion,95,150,0,21,207,10,1,1.43,0.88,Winter,None,Central India,57.89,3150.0,1155.0,1995,1,2023,1,6,1,1,1,0,1.579,197,2023-01-01
Salwar Suit Cotton,Fashion,280,450,0,12,180,10,7,4.2,0.85,Winter,None,Central India,60.71,5400.0,2040.0,3360,1,2023,1,6,1,1,1,0,1.607,170,2023-01-01
Kurta Men Cotton,Fashion,195,320,0,13,147,10,2,2.92,0.75,Winter,None,Central India,64.1,4160.0,1625.0,2535,1,2023,1,6,1,1,1,0,1.641,137,2023-01-01
Urea Fertilizer 1kg,Agriculture,35,50,0,47,193,16,7,0.53,0.8,Winter,None,Central India,42.86,2350.0,705.0,1645,1,2023,1,6,1,1,1,0,1.429,177,2023-01-01
DAP Fertilizer 1kg,Agriculture,55,75,0,28,170,12,2,0.82,0.95,Winter,None,Central India,36.36,2100.0,560.0,1540,1,2023,1,6,1,1,1,0,1.364,158,2023-01-01
Neem Pesticide 100ml,Agriculture,65,95,0,29,292,10,7,0.97,0.75,Winter,None,Central India,46.15,2755.0,870.0,1885,1,2023,1,6,1,1,1,0,1.462,282,2023-01-01
Garden Pump Sprayer 1L,Agriculture,145,210,0,15,265,10,7,2.17,0.95,Winter,None,Central India,44.83,3150.0,975.0,2175,1,2023,1,6,1,1,1,0,1.448,255,2023-01-01
Vegetable Seeds Packet,Agriculture,28,45,0,101,32,14,3,0.42,0.8,Winter,None,Central India,60.71,4545.0,1717.0,2828,1,2023,1,6,1,1,1,0,1.607,18,2023-01-01
Basmati Rice 5kg,Grocery,280,340,0,98,55,34,3,4.2,0.88,Winter,None,Central India,21.43,33320.0,5880.0,27440,2,2023,1,2,1,1,0,0,1.214,21,2023-02-01
Atta Aashirvaad 10kg,Grocery,330,390,0,141,161,38,3,4.95,0.85,Winter,None,Central India,18.18,54990.0,8460.0,46530,2,2023,1,2,1,1,0,0,1.182,123,2023-02-01
Toor Dal 1kg,Grocery,130,155,0,88,162,30,3,1.95,0.8,Winter,None,Central India,19.23,13640.0,2200.0,11440,2,2023,1,2,1,1,0,0,1.192,132,2023-02-01
Chana Dal 1kg,Grocery,90,112,0,61,70,24,1,1.35,0.8,Winter,None,Central India,24.44,6832.0,1342.0,5490,2,2023,1,2,1,1,0,0,1.244,46,2023-02-01
Mustard Oil 1L,Grocery,155,185,0,76,82,28,4,2.32,0.9,Winter,None,Central India,19.35,14060.0,2280.0,11780,2,2023,1,2,1,1,0,0,1.194,54,2023-02-01
Refined Oil Soya 5L,Grocery,580,680,0,51,199,20,2,8.7,0.92,Winter,None,Central India,17.24,34680.0,5100.0,29580,2,2023,1,2,1,1,0,0,1.172,179,2023-02-01
Sugar 1kg,Grocery,42,50,0,123,290,48,4,0.63,0.85,Winter,None,Central India,19.05,6150.0,984.0,5166,2,2023,1,2,1,1,0,0,1.19,242,2023-02-01
Salt Tata 1kg,Grocery,18,22,0,91,72,36,3,0.27,0.88,Winter,None,Central India,22.22,2002.0,364.0,1638,2,2023,1,2,1,1,0,0,1.222,36,2023-02-01
Poha 500g,Grocery,28,36,0,44,127,22,3,0.42,0.95,Winter,None,Central India,28.57,1584.0,352.0,1232,2,2023,1,2,1,1,0,0,1.286,105,2023-02-01
Maida 1kg,Grocery,32,40,0,90,163,18,3,0.48,0.8,Winter,None,Central India,25.0,3600.0,720.0,2880,2,2023,1,2,1,1,0,0,1.25,145,2023-02-01
Besan 500g,Grocery,38,48,0,63,143,16,2,0.57,0.92,Winter,None,Central India,26.32,3024.0,630.0,2394,2,2023,1,2,1,1,0,0,1.263,127,2023-02-01
Rajma 500g,Grocery,65,82,0,61,294,14,3,0.97,0.8,Winter,None,Central India,26.15,5002.0,1037.0,3965,2,2023,1,2,1,1,0,0,1.262,280,2023-02-01
Haldi Powder 100g,Grocery,28,38,0,45,248,20,2,0.42,0.9,Winter,None,Central India,35.71,1710.0,450.0,1260,2,2023,1,2,1,1,0,0,1.357,228,2023-02-01
Red Chilli Powder 100g,Grocery,30,42,0,46,148,19,2,0.45,0.8,Winter,None,Central India,40.0,1932.0,552.0,1380,2,2023,1,2,1,1,0,0,1.4,129,2023-02-01
Coriander Powder 100g,Grocery,22,32,0,38,20,18,5,0.33,0.8,Winter,None,Central India,45.45,1216.0,380.0,836,2,2023,1,2,1,1,0,0,1.455,2,2023-02-01
Tea Brooke Bond 500g,Grocery,175,215,0,113,108,32,7,2.62,0.9,Winter,None,Central India,22.86,24295.0,4520.0,19775,2,2023,1,2,1,1,0,0,1.229,76,2023-02-01
Tea Tata Gold 250g,Grocery,105,130,0,87,291,26,3,1.57,0.95,Winter,None,Central India,23.81,11310.0,2175.0,9135,2,2023,1,2,1,1,0,0,1.238,265,2023-02-01
Dry Coconut 200g,Grocery,95,125,0,25,266,12,2,1.43,0.88,Winter,None,Central India,31.58,3125.0,750.0,2375,2,2023,1,2,1,1,0,0,1.316,254,2023-02-01
Saunf 100g,Grocery,22,30,0,47,173,14,7,0.33,0.85,Winter,None,Central India,36.36,1410.0,376.0,1034,2,2023,1,2,1,1,0,0,1.364,159,2023-02-01
Lifebuoy Soap 100g,FMCG,28,36,0,86,237,36,2,0.42,0.9,Winter,None,Central India,28.57,3096.0,688.0,2408,2,2023,1,2,1,1,0,0,1.286,201,2023-02-01
Lux Soap 75g,FMCG,32,42,0,93,58,28,3,0.48,0.75,Winter,None,Central India,31.25,3906.0,930.0,2976,2,2023,1,2,1,1,0,0,1.312,30,2023-02-01
Colgate 200g,FMCG,82,100,0,89,269,26,2,1.23,0.92,Winter,None,Central India,21.95,8900.0,1602.0,7298,2,2023,1,2,1,1,0,0,1.22,243,2023-02-01
Pepsodent 200g,FMCG,75,92,0,50,119,22,2,1.12,0.88,Winter,None,Central India,22.67,4600.0,850.0,3750,2,2023,1,2,1,1,0,0,1.227,97,2023-02-01
Clinic Plus Shampoo 80ml,FMCG,55,72,0,62,115,20,1,0.82,0.9,Winter,None,Central India,30.91,4464.0,1054.0,3410,2,2023,1,2,1,1,0,0,1.309,95,2023-02-01
Sunsilk Shampoo 80ml,FMCG,58,75,0,33,23,18,7,0.87,0.95,Winter,None,Central India,29.31,2475.0,561.0,1914,2,2023,1,2,1,1,0,0,1.293,5,2023-02-01
Surf Excel 1kg,FMCG,130,165,0,66,197,22,2,1.95,0.88,Winter,None,Central India,26.92,10890.0,2310.0,8580,2,2023,1,2,1,1,0,0,1.269,175,2023-02-01
Ariel 500g,FMCG,95,120,0,49,52,18,1,1.43,0.9,Winter,None,Central India,26.32,5880.0,1225.0,4655,2,2023,1,2,1,1,0,0,1.263,34,2023-02-01
Parle-G 800g,FMCG,45,58,0,134,84,48,1,0.67,0.8,Winter,None,Central India,28.89,7772.0,1742.0,6030,2,2023,1,2,1,1,0,0,1.289,36,2023-02-01
Good Day Biscuit 250g,FMCG,28,38,0,86,62,34,3,0.42,0.9,Winter,None,Central India,35.71,3268.0,860.0,2408,2,2023,1,2,1,1,0,0,1.357,28,2023-02-01
Hide & Seek 100g,FMCG,32,45,0,54,283,24,3,0.48,0.8,Winter,None,Central India,40.62,2430.0,702.0,1728,2,2023,1,2,1,1,0,0,1.406,259,2023-02-01
Maggi Noodles 70g,FMCG,12,15,0,233,109,60,4,0.18,0.8,Winter,None,Central India,25.0,3495.0,699.0,2796,2,2023,1,2,1,1,0,0,1.25,49,2023-02-01
Maggi Noodles 4-Pack,FMCG,52,65,0,134,133,36,3,0.78,0.85,Winter,None,Central India,25.0,8710.0,1742.0,6968,2,2023,1,2,1,1,0,0,1.25,97,2023-02-01
Lay's Chips 26g,FMCG,15,20,0,138,236,80,3,0.22,0.9,Winter,None,Central India,33.33,2760.0,690.0,2070,2,2023,1,2,1,1,0,0,1.333,156,2023-02-01
Kurkure 65g,FMCG,18,25,0,148,211,70,2,0.27,0.75,Winter,None,Central India,38.89,3700.0,1036.0,2664,2,2023,1,2,1,1,0,0,1.389,141,2023-02-01
Haldirams Namkeen 200g,FMCG,55,75,0,85,118,38,7,0.82,0.88,Winter,None,Central India,36.36,6375.0,1700.0,4675,2,2023,1,2,1,1,0,0,1.364,80,2023-02-01
Haldirams Mixture 400g,FMCG,110,148,0,86,171,28,5,1.65,0.92,Winter,None,Central India,34.55,12728.0,3268.0,9460,2,2023,1,2,1,1,0,0,1.345,143,2023-02-01
Frooti 200ml,FMCG,12,15,0,223,243,100,3,0.18,0.88,Winter,None,Central India,25.0,3345.0,669.0,2676,2,2023,1,2,1,1,0,0,1.25,143,2023-02-01
Maaza 250ml,FMCG,18,22,0,255,236,80,2,0.27,0.75,Winter,None,Central India,22.22,5610.0,1020.0,4590,2,2023,1,2,1,1,0,0,1.222,156,2023-02-01
Thums Up 600ml,FMCG,38,45,0,165,292,72,1,0.57,0.92,Winter,None,Central India,18.42,7425.0,1155.0,6270,2,2023,1,2,1,1,0,0,1.184,220,2023-02-01
Limca 600ml,FMCG,35,42,0,83,206,60,2,0.53,0.75,Winter,None,Central India,20.0,3486.0,581.0,2905,2,2023,1,2,1,1,0,0,1.2,146,2023-02-01
Glucon-D 200g,FMCG,55,72,0,64,119,26,3,0.82,0.9,Winter,None,Central India,30.91,4608.0,1088.0,3520,2,2023,1,2,1,1,0,0,1.309,93,2023-02-01
ORS Sachets (5pc),FMCG,22,30,0,47,71,18,2,0.33,0.8,Winter,None,Central India,36.36,1410.0,376.0,1034,2,2023,1,2,1,1,0,0,1.364,53,2023-02-01
Vim Bar 200g,FMCG,25,32,0,58,163,24,3,0.38,0.9,Winter,None,Central India,28.0,1856.0,406.0,1450,2,2023,1,2,1,1,0,0,1.28,139,2023-02-01
Harpic 500ml,FMCG,75,98,0,28,72,14,5,1.12,0.75,Winter,None,Central India,30.67,2744.0,644.0,2100,2,2023,1,2,1,1,0,0,1.307,58,2023-02-01
Dettol 250ml,FMCG,68,88,0,35,58,18,3,1.02,0.9,Winter,None,Central India,29.41,3080.0,700.0,2380,2,2023,1,2,1,1,0,0,1.294,40,2023-02-01
Hajmola 100 Tabs,FMCG,45,60,0,48,242,22,2,0.67,0.9,Winter,None,Central India,33.33,2880.0,720.0,2160,2,2023,1,2,1,1,0,0,1.333,220,2023-02-01
Vicks 10g,FMCG,35,48,0,99,182,16,5,0.53,0.9,Winter,None,Central India,37.14,4752.0,1287.0,3465,2,2023,1,2,1,1,0,0,1.371,166,2023-02-01
Eno Sachet (6pc),FMCG,28,38,0,42,95,20,1,0.42,0.8,Winter,None,Central India,35.71,1596.0,420.0,1176,2,2023,1,2,1,1,0,0,1.357,75,2023-02-01
Diya Set 12pc,FMCG,38,65,0,7,272,10,4,0.57,0.95,Winter,None,Central India,71.05,455.0,189.0,266,2,2023,1,2,1,1,0,0,1.711,262,2023-02-01
Gulal Colors 100g,FMCG,22,40,0,3,141,10,2,0.33,0.9,Winter,None,Central India,81.82,120.0,54.0,66,2,2023,1,2,1,1,0,0,1.818,131,2023-02-01
Agarbatti Pack 20pc,FMCG,25,35,0,46,48,20,3,0.38,0.92,Winter,None,Central India,40.0,1610.0,460.0,1150,2,2023,1,2,1,1,0,0,1.4,28,2023-02-01
Camphor Tablets 25g,FMCG,28,40,0,42,236,14,3,0.42,0.88,Winter,None,Central India,42.86,1680.0,504.0,1176,2,2023,1,2,1,1,0,0,1.429,222,2023-02-01
Mosquito Coil (10pc),FMCG,32,45,0,50,89,22,3,0.48,0.95,Winter,None,Central India,40.62,2250.0,650.0,1600,2,2023,1,2,1,1,0,0,1.406,67,2023-02-01
All Out Refill,FMCG,88,115,0,23,186,16,2,1.32,0.8,Winter,None,Central India,30.68,2645.0,621.0,2024,2,2023,1,2,1,1,0,0,1.307,170,2023-02-01
Classmate Notebook 200pg,Stationery,48,65,0,74,38,32,5,0.72,0.92,Winter,None,Central India,35.42,4810.0,1258.0,3552,2,2023,1,2,1,1,0,0,1.354,6,2023-02-01
Reynolds Pen (10pc),Stationery,35,50,0,89,239,38,4,0.53,0.8,Winter,None,Central India,42.86,4450.0,1335.0,3115,2,2023,1,2,1,1,0,0,1.429,201,2023-02-01
Apsara Pencil (10pc),Stationery,15,22,0,69,167,28,3,0.22,0.9,Winter,None,Central India,46.67,1518.0,483.0,1035,2,2023,1,2,1,1,0,0,1.467,139,2023-02-01
Fevicol 50g,Stationery,20,28,0,49,209,18,1,0.3,0.95,Winter,None,Central India,40.0,1372.0,392.0,980,2,2023,1,2,1,1,0,0,1.4,191,2023-02-01
Stapler Small,Stationery,45,65,0,22,136,10,4,0.67,0.8,Winter,None,Central India,44.44,1430.0,440.0,990,2,2023,1,2,1,1,0,0,1.444,126,2023-02-01
Register A4 100pg,Stationery,35,50,0,31,248,12,3,0.53,0.85,Winter,None,Central India,42.86,1550.0,465.0,1085,2,2023,1,2,1,1,0,0,1.429,236,2023-02-01
Sketch Pens (12pc),Stationery,32,48,0,35,166,14,3,0.48,0.75,Winter,None,Central India,50.0,1680.0,560.0,1120,2,2023,1,2,1,1,0,0,1.5,152,2023-02-01
Scale 30cm,Stationery,8,12,0,56,33,16,5,0.12,0.95,Winter,None,Central India,50.0,672.0,224.0,448,2,2023,1,2,1,1,0,0,1.5,17,2023-02-01
Eraser Apsara,Stationery,4,7,0,64,20,24,3,0.06,0.92,Winter,None,Central India,75.0,448.0,192.0,256,2,2023,1,2,1,1,0,0,1.75,-4,2023-02-01
Tape Roll,Stationery,18,28,0,34,31,12,2,0.27,0.92,Winter,None,Central India,55.56,952.0,340.0,612,2,2023,1,2,1,1,0,0,1.556,19,2023-02-01
Eveready Battery AA 4pc,Electronics,55,75,0,60,175,18,3,0.82,0.8,Winter,None,Central India,36.36,4500.0,1200.0,3300,2,2023,1,2,1,1,0,0,1.364,157,2023-02-01
Eveready Battery D 2pc,Electronics,65,90,0,29,205,12,3,0.97,0.8,Winter,None,Central India,38.46,2610.0,725.0,1885,2,2023,1,2,1,1,0,0,1.385,193,2023-02-01
CFL Bulb 9W Bajaj,Electronics,65,90,0,18,47,10,3,0.97,0.9,Winter,None,Central India,38.46,1620.0,450.0,1170,2,2023,1,2,1,1,0,0,1.385,37,2023-02-01
LED Bulb 9W Philips,Electronics,95,130,0,31,231,12,3,1.43,0.88,Winter,None,Central India,36.84,4030.0,1085.0,2945,2,2023,1,2,1,1,0,0,1.368,219,2023-02-01
Extension Cord 5m,Electronics,175,240,0,20,259,10,3,2.62,0.9,Winter,None,Central India,37.14,4800.0,1300.0,3500,2,2023,1,2,1,1,0,0,1.371,249,2023-02-01
Phone Charging Cable,Electronics,65,100,0,26,261,14,2,0.97,0.9,Winter,None,Central India,53.85,2600.0,910.0,1690,2,2023,1,2,1,1,0,0,1.538,247,2023-02-01
Earphones Basic,Electronics,85,140,0,33,24,10,5,1.27,0.75,Winter,None,Central India,64.71,4620.0,1815.0,2805,2,2023,1,2,1,1,0,0,1.647,14,2023-02-01
Gamcha (Cotton Towel),Fashion,55,80,0,39,258,16,1,0.82,0.85,Winter,None,Central India,45.45,3120.0,975.0,2145,2,2023,1,2,1,1,0,0,1.455,242,2023-02-01
Socks Cotton (3 pair),Fashion,55,80,0,80,82,14,1,0.82,0.92,Winter,None,Central India,45.45,6400.0,2000.0,4400,2,2023,1,2,1,1,0,0,1.455,68,2023-02-01
Handkerchief 3pc,Fashion,30,45,0,31,117,12,1,0.45,0.85,Winter,None,Central India,50.0,1395.0,465.0,930,2,2023,1,2,1,1,0,0,1.5,105,2023-02-01
Banyan Vest Cotton,Fashion,75,110,0,36,25,12,3,1.12,0.75,Winter,None,Central India,46.67,3960.0,1260.0,2700,2,2023,1,2,1,1,0,0,1.467,13,2023-02-01
Dupatta Plain,Fashion,95,150,0,25,278,10,3,1.43,0.95,Winter,None,Central India,57.89,3750.0,1375.0,2375,2,2023,1,2,1,1,0,0,1.579,268,2023-02-01
Salwar Suit Cotton,Fashion,280,450,0,15,72,10,3,4.2,0.8,Winter,None,Central India,60.71,6750.0,2550.0,4200,2,2023,1,2,1,1,0,0,1.607,62,2023-02-01
Kurta Men Cotton,Fashion,195,320,0,16,97,10,1,2.92,0.92,Winter,None,Central India,64.1,5120.0,2000.0,3120,2,2023,1,2,1,1,0,0,1.641,87,2023-02-01
Urea Fertilizer 1kg,Agriculture,35,50,0,44,20,16,2,0.53,0.9,Winter,None,Central India,42.86,2200.0,660.0,1540,2,2023,1,2,1,1,0,0,1.429,4,2023-02-01
DAP Fertilizer 1kg,Agriculture,55,75,0,22,53,12,3,0.82,0.95,Winter,None,Central India,36.36,1650.0,440.0,1210,2,2023,1,2,1,1,0,0,1.364,41,2023-02-01
Neem Pesticide 100ml,Agriculture,65,95,0,27,91,10,5,0.97,0.8,Winter,None,Central India,46.15,2565.0,810.0,1755,2,2023,1,2,1,1,0,0,1.462,81,2023-02-01
Garden Pump Sprayer 1L,Agriculture,145,210,0,5,278,10,2,2.17,0.8,Winter,None,Central India,44.83,1050.0,325.0,725,2,2023,1,2,1,1,0,0,1.448,268,2023-02-01
Vegetable Seeds Packet,Agriculture,28,45,0,83,287,14,1,0.42,0.92,Winter,None,Central India,60.71,3735.0,1411.0,2324,2,2023,1,2,1,1,0,0,1.607,273,2023-02-01
Basmati Rice 5kg,Grocery,280,340,0,127,226,34,3,4.2,0.9,Summer,Holi,Central India,21.43,43180.0,7620.0,35560,3,2023,1,2,1,1,0,1,1.214,192,2023-03-01
Atta Aashirvaad 10kg,Grocery,330,390,0,117,85,38,2,4.95,0.85,Summer,None,Central India,18.18,45630.0,7020.0,38610,3,2023,1,2,1,1,0,0,1.182,47,2023-03-01
Toor Dal 1kg,Grocery,130,155,0,78,245,30,4,1.95,0.8,Summer,None,Central India,19.23,12090.0,1950.0,10140,3,2023,1,2,1,1,0,0,1.192,215,2023-03-01
Chana Dal 1kg,Grocery,90,112,0,96,268,24,4,1.35,0.75,Summer,Holi,Central India,24.44,10752.0,2112.0,8640,3,2023,1,2,1,1,0,1,1.244,244,2023-03-01
Mustard Oil 1L,Grocery,155,185,0,63,266,28,2,2.32,0.85,Summer,None,Central India,19.35,11655.0,1890.0,9765,3,2023,1,2,1,1,0,0,1.194,238,2023-03-01
Refined Oil Soya 5L,Grocery,580,680,0,62,100,20,3,8.7,0.9,Summer,None,Central India,17.24,42160.0,6200.0,35960,3,2023,1,2,1,1,0,0,1.172,80,2023-03-01
Sugar 1kg,Grocery,42,50,0,149,53,48,4,0.63,0.9,Summer,Holi,Central India,19.05,7450.0,1192.0,6258,3,2023,1,2,1,1,0,1,1.19,5,2023-03-01
Salt Tata 1kg,Grocery,18,22,0,89,224,36,4,0.27,0.85,Summer,None,Central India,22.22,1958.0,356.0,1602,3,2023,1,2,1,1,0,0,1.222,188,2023-03-01
Poha 500g,Grocery,28,36,0,36,130,22,1,0.42,0.95,Summer,None,Central India,28.57,1296.0,288.0,1008,3,2023,1,2,1,1,0,0,1.286,108,2023-03-01
Maida 1kg,Grocery,32,40,8,94,27,18,3,0.48,0.88,Summer,Holi,Central India,25.0,3459.2,451.2,3008,3,2023,1,2,1,1,0,1,1.25,9,2023-03-01
Besan 500g,Grocery,38,48,0,90,112,16,7,0.57,0.8,Summer,Holi,Central India,26.32,4320.0,900.0,3420,3,2023,1,2,1,1,0,1,1.263,96,2023-03-01
Rajma 500g,Grocery,65,82,0,33,80,14,2,0.97,0.85,Summer,None,Central India,26.15,2706.0,561.0,2145,3,2023,1,2,1,1,0,0,1.262,66,2023-03-01
Haldi Powder 100g,Grocery,28,38,0,42,20,20,3,0.42,0.75,Summer,None,Central India,35.71,1596.0,420.0,1176,3,2023,1,2,1,1,0,0,1.357,0,2023-03-01
Red Chilli Powder 100g,Grocery,30,42,0,43,31,19,2,0.45,0.92,Summer,None,Central India,40.0,1806.0,516.0,1290,3,2023,1,2,1,1,0,0,1.4,12,2023-03-01
Coriander Powder 100g,Grocery,22,32,0,45,92,18,2,0.33,0.75,Summer,None,Central India,45.45,1440.0,450.0,990,3,2023,1,2,1,1,0,0,1.455,74,2023-03-01
Tea Brooke Bond 500g,Grocery,175,215,0,47,66,32,1,2.62,0.92,Summer,None,Central India,22.86,10105.0,1880.0,8225,3,2023,1,2,1,1,0,0,1.229,34,2023-03-01
Tea Tata Gold 250g,Grocery,105,130,0,74,132,26,2,1.57,0.9,Summer,None,Central India,23.81,9620.0,1850.0,7770,3,2023,1,2,1,1,0,0,1.238,106,2023-03-01
Dry Coconut 200g,Grocery,95,125,0,26,199,12,5,1.43,0.95,Summer,None,Central India,31.58,3250.0,780.0,2470,3,2023,1,2,1,1,0,0,1.316,187,2023-03-01
Saunf 100g,Grocery,22,30,0,33,47,14,5,0.33,0.92,Summer,None,Central India,36.36,990.0,264.0,726,3,2023,1,2,1,1,0,0,1.364,33,2023-03-01
Lifebuoy Soap 100g,FMCG,28,36,0,79,235,36,2,0.42,0.9,Summer,None,Central India,28.57,2844.0,632.0,2212,3,2023,1,2,1,1,0,0,1.286,199,2023-03-01
Lux Soap 75g,FMCG,32,42,0,97,257,28,2,0.48,0.95,Summer,None,Central India,31.25,4074.0,970.0,3104,3,2023,1,2,1,1,0,0,1.312,229,2023-03-01
Colgate 200g,FMCG,82,100,0,55,293,26,2,1.23,0.92,Summer,None,Central India,21.95,5500.0,990.0,4510,3,2023,1,2,1,1,0,0,1.22,267,2023-03-01
Pepsodent 200g,FMCG,75,92,0,39,138,22,3,1.12,0.88,Summer,None,Central India,22.67,3588.0,663.0,2925,3,2023,1,2,1,1,0,0,1.227,116,2023-03-01
Clinic Plus Shampoo 80ml,FMCG,55,72,0,51,221,20,5,0.82,0.75,Summer,None,Central India,30.91,3672.0,867.0,2805,3,2023,1,2,1,1,0,0,1.309,201,2023-03-01
Sunsilk Shampoo 80ml,FMCG,58,75,0,32,32,18,3,0.87,0.75,Summer,None,Central India,29.31,2400.0,544.0,1856,3,2023,1,2,1,1,0,0,1.293,14,2023-03-01
Surf Excel 1kg,FMCG,130,165,0,57,87,22,2,1.95,0.85,Summer,None,Central India,26.92,9405.0,1995.0,7410,3,2023,1,2,1,1,0,0,1.269,65,2023-03-01
Ariel 500g,FMCG,95,120,0,42,247,18,5,1.43,0.92,Summer,None,Central India,26.32,5040.0,1050.0,3990,3,2023,1,2,1,1,0,0,1.263,229,2023-03-01
Parle-G 800g,FMCG,45,58,0,166,53,48,5,0.67,0.75,Summer,None,Central India,28.89,9628.0,2158.0,7470,3,2023,1,2,1,1,0,0,1.289,5,2023-03-01
Good Day Biscuit 250g,FMCG,28,38,0,54,120,34,4,0.42,0.88,Summer,None,Central India,35.71,2052.0,540.0,1512,3,2023,1,2,1,1,0,0,1.357,86,2023-03-01
Hide & Seek 100g,FMCG,32,45,0,71,245,24,2,0.48,0.85,Summer,None,Central India,40.62,3195.0,923.0,2272,3,2023,1,2,1,1,0,0,1.406,221,2023-03-01
Maggi Noodles 70g,FMCG,12,15,0,150,169,60,3,0.18,0.92,Summer,None,Central India,25.0,2250.0,450.0,1800,3,2023,1,2,1,1,0,0,1.25,109,2023-03-01
Maggi Noodles 4-Pack,FMCG,52,65,0,92,89,36,5,0.78,0.88,Summer,None,Central India,25.0,5980.0,1196.0,4784,3,2023,1,2,1,1,0,0,1.25,53,2023-03-01
Lay's Chips 26g,FMCG,15,20,0,320,153,80,4,0.22,0.75,Summer,None,Central India,33.33,6400.0,1600.0,4800,3,2023,1,2,1,1,0,0,1.333,73,2023-03-01
Kurkure 65g,FMCG,18,25,0,233,113,70,7,0.27,0.92,Summer,None,Central India,38.89,5825.0,1631.0,4194,3,2023,1,2,1,1,0,0,1.389,43,2023-03-01
Haldirams Namkeen 200g,FMCG,55,75,0,187,45,38,2,0.82,0.9,Summer,Holi,Central India,36.36,14025.0,3740.0,10285,3,2023,1,2,1,1,0,1,1.364,7,2023-03-01
Haldirams Mixture 400g,FMCG,110,148,0,145,137,28,3,1.65,0.85,Summer,Holi,Central India,34.55,21460.0,5510.0,15950,3,2023,1,2,1,1,0,1,1.345,109,2023-03-01
Frooti 200ml,FMCG,12,15,0,836,159,100,5,0.18,0.75,Summer,None,Central India,25.0,12540.0,2508.0,10032,3,2023,1,2,1,1,0,0,1.25,59,2023-03-01
Maaza 250ml,FMCG,18,22,0,477,109,80,4,0.27,0.92,Summer,None,Central India,22.22,10494.0,1908.0,8586,3,2023,1,2,1,1,0,0,1.222,29,2023-03-01
Thums Up 600ml,FMCG,38,45,0,357,278,72,1,0.57,0.92,Summer,None,Central India,18.42,16065.0,2499.0,13566,3,2023,1,2,1,1,0,0,1.184,206,2023-03-01
Limca 600ml,FMCG,35,42,0,361,197,60,7,0.53,0.8,Summer,None,Central India,20.0,15162.0,2527.0,12635,3,2023,1,2,1,1,0,0,1.2,137,2023-03-01
Glucon-D 200g,FMCG,55,72,0,176,32,26,7,0.82,0.8,Summer,None,Central India,30.91,12672.0,2992.0,9680,3,2023,1,2,1,1,0,0,1.309,6,2023-03-01
ORS Sachets (5pc),FMCG,22,30,0,109,103,18,1,0.33,0.95,Summer,None,Central India,36.36,3270.0,872.0,2398,3,2023,1,2,1,1,0,0,1.364,85,2023-03-01
Vim Bar 200g,FMCG,25,32,0,71,57,24,5,0.38,0.85,Summer,None,Central India,28.0,2272.0,497.0,1775,3,2023,1,2,1,1,0,0,1.28,33,2023-03-01
Harpic 500ml,FMCG,75,98,0,39,113,14,5,1.12,0.75,Summer,None,Central India,30.67,3822.0,897.0,2925,3,2023,1,2,1,1,0,0,1.307,99,2023-03-01
Dettol 250ml,FMCG,68,88,0,48,156,18,2,1.02,0.88,Summer,None,Central India,29.41,4224.0,960.0,3264,3,2023,1,2,1,1,0,0,1.294,138,2023-03-01
Hajmola 100 Tabs,FMCG,45,60,0,98,54,22,1,0.67,0.92,Summer,None,Central India,33.33,5880.0,1470.0,4410,3,2023,1,2,1,1,0,0,1.333,32,2023-03-01
Vicks 10g,FMCG,35,48,0,43,232,16,3,0.53,0.9,Summer,None,Central India,37.14,2064.0,559.0,1505,3,2023,1,2,1,1,0,0,1.371,216,2023-03-01
Eno Sachet (6pc),FMCG,28,38,0,56,97,20,2,0.42,0.92,Summer,None,Central India,35.71,2128.0,560.0,1568,3,2023,1,2,1,1,0,0,1.357,77,2023-03-01
Diya Set 12pc,FMCG,38,65,0,9,108,10,2,0.57,0.95,Summer,None,Central India,71.05,585.0,243.0,342,3,2023,1,2,1,1,0,0,1.711,98,2023-03-01
Gulal Colors 100g,FMCG,22,40,0,101,198,10,3,0.33,0.92,Summer,Holi,Central India,81.82,4040.0,1818.0,2222,3,2023,1,2,1,1,0,1,1.818,188,2023-03-01
Agarbatti Pack 20pc,FMCG,25,35,0,29,172,20,1,0.38,0.75,Summer,None,Central India,40.0,1015.0,290.0,725,3,2023,1,2,1,1,0,0,1.4,152,2023-03-01
Camphor Tablets 25g,FMCG,28,40,0,44,123,14,7,0.42,0.85,Summer,None,Central India,42.86,1760.0,528.0,1232,3,2023,1,2,1,1,0,0,1.429,109,2023-03-01
Mosquito Coil (10pc),FMCG,32,45,0,64,86,22,5,0.48,0.85,Summer,None,Central India,40.62,2880.0,832.0,2048,3,2023,1,2,1,1,0,0,1.406,64,2023-03-01
All Out Refill,FMCG,88,115,0,90,61,16,7,1.32,0.88,Summer,None,Central India,30.68,10350.0,2430.0,7920,3,2023,1,2,1,1,0,0,1.307,45,2023-03-01
Classmate Notebook 200pg,Stationery,48,65,0,26,250,32,2,0.72,0.88,Summer,None,Central India,35.42,1690.0,442.0,1248,3,2023,1,2,1,1,0,0,1.354,218,2023-03-01
Reynolds Pen (10pc),Stationery,35,50,0,116,176,38,4,0.53,0.75,Summer,None,Central India,42.86,5800.0,1740.0,4060,3,2023,1,2,1,1,0,0,1.429,138,2023-03-01
Apsara Pencil (10pc),Stationery,15,22,0,56,273,28,3,0.22,0.92,Summer,None,Central India,46.67,1232.0,392.0,840,3,2023,1,2,1,1,0,0,1.467,245,2023-03-01
Fevicol 50g,Stationery,20,28,0,38,29,18,3,0.3,0.85,Summer,None,Central India,40.0,1064.0,304.0,760,3,2023,1,2,1,1,0,0,1.4,11,2023-03-01
Stapler Small,Stationery,45,65,0,18,178,10,5,0.67,0.88,Summer,None,Central India,44.44,1170.0,360.0,810,3,2023,1,2,1,1,0,0,1.444,168,2023-03-01
Register A4 100pg,Stationery,35,50,0,31,235,12,3,0.53,0.95,Summer,None,Central India,42.86,1550.0,465.0,1085,3,2023,1,2,1,1,0,0,1.429,223,2023-03-01
Sketch Pens (12pc),Stationery,32,48,0,32,66,14,3,0.48,0.88,Summer,None,Central India,50.0,1536.0,512.0,1024,3,2023,1,2,1,1,0,0,1.5,52,2023-03-01
Scale 30cm,Stationery,8,12,0,42,192,16,2,0.12,0.85,Summer,None,Central India,50.0,504.0,168.0,336,3,2023,1,2,1,1,0,0,1.5,176,2023-03-01
Eraser Apsara,Stationery,4,7,0,74,88,24,3,0.06,0.85,Summer,None,Central India,75.0,518.0,222.0,296,3,2023,1,2,1,1,0,0,1.75,64,2023-03-01
Tape Roll,Stationery,18,28,0,35,273,12,2,0.27,0.92,Summer,None,Central India,55.56,980.0,350.0,630,3,2023,1,2,1,1,0,0,1.556,261,2023-03-01
Eveready Battery AA 4pc,Electronics,55,75,0,41,237,18,3,0.82,0.92,Summer,None,Central India,36.36,3075.0,820.0,2255,3,2023,1,2,1,1,0,0,1.364,219,2023-03-01
Eveready Battery D 2pc,Electronics,65,90,0,22,229,12,1,0.97,0.75,Summer,None,Central India,38.46,1980.0,550.0,1430,3,2023,1,2,1,1,0,0,1.385,217,2023-03-01
CFL Bulb 9W Bajaj,Electronics,65,90,0,25,152,10,7,0.97,0.9,Summer,None,Central India,38.46,2250.0,625.0,1625,3,2023,1,2,1,1,0,0,1.385,142,2023-03-01
LED Bulb 9W Philips,Electronics,95,130,0,33,146,12,2,1.43,0.75,Summer,None,Central India,36.84,4290.0,1155.0,3135,3,2023,1,2,1,1,0,0,1.368,134,2023-03-01
Extension Cord 5m,Electronics,175,240,0,20,70,10,3,2.62,0.92,Summer,None,Central India,37.14,4800.0,1300.0,3500,3,2023,1,2,1,1,0,0,1.371,60,2023-03-01
Phone Charging Cable,Electronics,65,100,0,43,233,14,2,0.97,0.95,Summer,None,Central India,53.85,4300.0,1505.0,2795,3,2023,1,2,1,1,0,0,1.538,219,2023-03-01
Earphones Basic,Electronics,85,140,0,23,129,10,3,1.27,0.92,Summer,None,Central India,64.71,3220.0,1265.0,1955,3,2023,1,2,1,1,0,0,1.647,119,2023-03-01
Gamcha (Cotton Towel),Fashion,55,80,0,73,20,16,5,0.82,0.92,Summer,None,Central India,45.45,5840.0,1825.0,4015,3,2023,1,2,1,1,0,0,1.455,4,2023-03-01
Socks Cotton (3 pair),Fashion,55,80,0,50,168,14,5,0.82,0.75,Summer,None,Central India,45.45,4000.0,1250.0,2750,3,2023,1,2,1,1,0,0,1.455,154,2023-03-01
Handkerchief 3pc,Fashion,30,45,0,49,156,12,2,0.45,0.88,Summer,None,Central India,50.0,2205.0,735.0,1470,3,2023,1,2,1,1,0,0,1.5,144,2023-03-01
Banyan Vest Cotton,Fashion,75,110,0,52,82,12,3,1.12,0.75,Summer,None,Central India,46.67,5720.0,1820.0,3900,3,2023,1,2,1,1,0,0,1.467,70,2023-03-01
Dupatta Plain,Fashion,95,150,0,24,109,10,2,1.43,0.92,Summer,None,Central India,57.89,3600.0,1320.0,2280,3,2023,1,2,1,1,0,0,1.579,99,2023-03-01
Salwar Suit Cotton,Fashion,280,450,0,13,36,10,7,4.2,0.85,Summer,None,Central India,60.71,5850.0,2210.0,3640,3,2023,1,2,1,1,0,0,1.607,26,2023-03-01
Kurta Men Cotton,Fashion,195,320,0,13,270,10,2,2.92,0.92,Summer,None,Central India,64.1,4160.0,1625.0,2535,3,2023,1,2,1,1,0,0,1.641,260,2023-03-01
Urea Fertilizer 1kg,Agriculture,35,50,0,87,217,16,3,0.53,0.75,Summer,None,Central India,42.86,4350.0,1305.0,3045,3,2023,1,2,1,1,0,0,1.429,201,2023-03-01
DAP Fertilizer 1kg,Agriculture,55,75,0,45,196,12,3,0.82,0.95,Summer,None,Central India,36.36,3375.0,900.0,2475,3,2023,1,2,1,1,0,0,1.364,184,2023-03-01
Neem Pesticide 100ml,Agriculture,65,95,0,37,68,10,5,0.97,0.75,Summer,None,Central India,46.15,3515.0,1110.0,2405,3,2023,1,2,1,1,0,0,1.462,58,2023-03-01
Garden Pump Sprayer 1L,Agriculture,145,210,0,19,103,10,1,2.17,0.75,Summer,None,Central India,44.83,3990.0,1235.0,2755,3,2023,1,2,1,1,0,0,1.448,93,2023-03-01
Vegetable Seeds Packet,Agriculture,28,45,0,83,82,14,3,0.42,0.75,Summer,None,Central India,60.71,3735.0,1411.0,2324,3,2023,1,2,1,1,0,0,1.607,68,2023-03-01
Basmati Rice 5kg,Grocery,280,340,0,87,276,34,7,4.2,0.9,Summer,None,Central India,21.43,29580.0,5220.0,24360,4,2023,1,5,1,2,1,0,1.214,242,2023-04-01
Atta Aashirvaad 10kg,Grocery,330,390,0,71,230,38,4,4.95,0.92,Summer,None,Central India,18.18,27690.0,4260.0,23430,4,2023,1,5,1,2,1,0,1.182,192,2023-04-01
Toor Dal 1kg,Grocery,130,155,0,49,163,30,7,1.95,0.85,Summer,None,Central India,19.23,7595.0,1225.0,6370,4,2023,1,5,1,2,1,0,1.192,133,2023-04-01
Chana Dal 1kg,Grocery,90,112,0,74,132,24,2,1.35,0.92,Summer,None,Central India,24.44,8288.0,1628.0,6660,4,2023,1,5,1,2,1,0,1.244,108,2023-04-01
Mustard Oil 1L,Grocery,155,185,0,36,185,28,2,2.32,0.95,Summer,None,Central India,19.35,6660.0,1080.0,5580,4,2023,1,5,1,2,1,0,1.194,157,2023-04-01
Refined Oil Soya 5L,Grocery,580,680,0,47,74,20,5,8.7,0.85,Summer,None,Central India,17.24,31960.0,4700.0,27260,4,2023,1,5,1,2,1,0,1.172,54,2023-04-01
Sugar 1kg,Grocery,42,50,0,104,285,48,2,0.63,0.85,Summer,None,Central India,19.05,5200.0,832.0,4368,4,2023,1,5,1,2,1,0,1.19,237,2023-04-01
Salt Tata 1kg,Grocery,18,22,0,72,106,36,5,0.27,0.88,Summer,None,Central India,22.22,1584.0,288.0,1296,4,2023,1,5,1,2,1,0,1.222,70,2023-04-01
Poha 500g,Grocery,28,36,0,72,197,22,5,0.42,0.9,Summer,None,Central India,28.57,2592.0,576.0,2016,4,2023,1,5,1,2,1,0,1.286,175,2023-04-01
Maida 1kg,Grocery,32,40,0,54,274,18,3,0.48,0.92,Summer,None,Central India,25.0,2160.0,432.0,1728,4,2023,1,5,1,2,1,0,1.25,256,2023-04-01
Besan 500g,Grocery,38,48,0,24,268,16,5,0.57,0.9,Summer,None,Central India,26.32,1152.0,240.0,912,4,2023,1,5,1,2,1,0,1.263,252,2023-04-01
Rajma 500g,Grocery,65,82,0,38,283,14,2,0.97,0.85,Summer,None,Central India,26.15,3116.0,646.0,2470,4,2023,1,5,1,2,1,0,1.262,269,2023-04-01
Haldi Powder 100g,Grocery,28,38,0,40,115,20,7,0.42,0.92,Summer,None,Central India,35.71,1520.0,400.0,1120,4,2023,1,5,1,2,1,0,1.357,95,2023-04-01
Red Chilli Powder 100g,Grocery,30,42,0,58,184,19,4,0.45,0.9,Summer,None,Central India,40.0,2436.0,696.0,1740,4,2023,1,5,1,2,1,0,1.4,165,2023-04-01
Coriander Powder 100g,Grocery,22,32,0,48,242,18,5,0.33,0.8,Summer,None,Central India,45.45,1536.0,480.0,1056,4,2023,1,5,1,2,1,0,1.455,224,2023-04-01
Tea Brooke Bond 500g,Grocery,175,215,0,84,207,32,2,2.62,0.8,Summer,None,Central India,22.86,18060.0,3360.0,14700,4,2023,1,5,1,2,1,0,1.229,175,2023-04-01
Tea Tata Gold 250g,Grocery,105,130,0,50,216,26,3,1.57,0.85,Summer,None,Central India,23.81,6500.0,1250.0,5250,4,2023,1,5,1,2,1,0,1.238,190,2023-04-01
Dry Coconut 200g,Grocery,95,125,0,26,138,12,3,1.43,0.88,Summer,None,Central India,31.58,3250.0,780.0,2470,4,2023,1,5,1,2,1,0,1.316,126,2023-04-01
Saunf 100g,Grocery,22,30,0,26,280,14,3,0.33,0.92,Summer,None,Central India,36.36,780.0,208.0,572,4,2023,1,5,1,2,1,0,1.364,266,2023-04-01
Lifebuoy Soap 100g,FMCG,28,36,0,119,72,36,3,0.42,0.85,Summer,None,Central India,28.57,4284.0,952.0,3332,4,2023,1,5,1,2,1,0,1.286,36,2023-04-01
Lux Soap 75g,FMCG,32,42,0,111,299,28,1,0.48,0.8,Summer,None,Central India,31.25,4662.0,1110.0,3552,4,2023,1,5,1,2,1,0,1.312,271,2023-04-01
Colgate 200g,FMCG,82,100,0,68,234,26,7,1.23,0.75,Summer,None,Central India,21.95,6800.0,1224.0,5576,4,2023,1,5,1,2,1,0,1.22,208,2023-04-01
Pepsodent 200g,FMCG,75,92,0,55,134,22,1,1.12,0.92,Summer,None,Central India,22.67,5060.0,935.0,4125,4,2023,1,5,1,2,1,0,1.227,112,2023-04-01
Clinic Plus Shampoo 80ml,FMCG,55,72,0,57,220,20,4,0.82,0.92,Summer,None,Central India,30.91,4104.0,969.0,3135,4,2023,1,5,1,2,1,0,1.309,200,2023-04-01
Sunsilk Shampoo 80ml,FMCG,58,75,0,53,254,18,4,0.87,0.88,Summer,None,Central India,29.31,3975.0,901.0,3074,4,2023,1,5,1,2,1,0,1.293,236,2023-04-01
Surf Excel 1kg,FMCG,130,165,0,65,165,22,7,1.95,0.9,Summer,None,Central India,26.92,10725.0,2275.0,8450,4,2023,1,5,1,2,1,0,1.269,143,2023-04-01
Ariel 500g,FMCG,95,120,0,54,61,18,3,1.43,0.75,Summer,None,Central India,26.32,6480.0,1350.0,5130,4,2023,1,5,1,2,1,0,1.263,43,2023-04-01
Parle-G 800g,FMCG,45,58,0,128,172,48,4,0.67,0.8,Summer,None,Central India,28.89,7424.0,1664.0,5760,4,2023,1,5,1,2,1,0,1.289,124,2023-04-01
Good Day Biscuit 250g,FMCG,28,38,0,58,95,34,5,0.42,0.9,Summer,None,Central India,35.71,2204.0,580.0,1624,4,2023,1,5,1,2,1,0,1.357,61,2023-04-01
Hide & Seek 100g,FMCG,32,45,0,77,192,24,1,0.48,0.8,Summer,None,Central India,40.62,3465.0,1001.0,2464,4,2023,1,5,1,2,1,0,1.406,168,2023-04-01
Maggi Noodles 70g,FMCG,12,15,0,192,209,60,2,0.18,0.92,Summer,None,Central India,25.0,2880.0,576.0,2304,4,2023,1,5,1,2,1,0,1.25,149,2023-04-01
Maggi Noodles 4-Pack,FMCG,52,65,0,84,48,36,3,0.78,0.85,Summer,None,Central India,25.0,5460.0,1092.0,4368,4,2023,1,5,1,2,1,0,1.25,12,2023-04-01
Lay's Chips 26g,FMCG,15,20,0,290,30,80,7,0.22,0.88,Summer,None,Central India,33.33,5800.0,1450.0,4350,4,2023,1,5,1,2,1,0,1.333,-50,2023-04-01
Kurkure 65g,FMCG,18,25,0,187,246,70,4,0.27,0.8,Summer,None,Central India,38.89,4675.0,1309.0,3366,4,2023,1,5,1,2,1,0,1.389,176,2023-04-01
Haldirams Namkeen 200g,FMCG,55,75,0,113,74,38,5,0.82,0.92,Summer,None,Central India,36.36,8475.0,2260.0,6215,4,2023,1,5,1,2,1,0,1.364,36,2023-04-01
Haldirams Mixture 400g,FMCG,110,148,0,69,269,28,3,1.65,0.95,Summer,None,Central India,34.55,10212.0,2622.0,7590,4,2023,1,5,1,2,1,0,1.345,241,2023-04-01
Frooti 200ml,FMCG,12,15,0,598,167,100,2,0.18,0.85,Summer,None,Central India,25.0,8970.0,1794.0,7176,4,2023,1,5,1,2,1,0,1.25,67,2023-04-01
Maaza 250ml,FMCG,18,22,0,583,220,80,2,0.27,0.8,Summer,None,Central India,22.22,12826.0,2332.0,10494,4,2023,1,5,1,2,1,0,1.222,140,2023-04-01
Thums Up 600ml,FMCG,38,45,0,468,92,72,1,0.57,0.75,Summer,None,Central India,18.42,21060.0,3276.0,17784,4,2023,1,5,1,2,1,0,1.184,20,2023-04-01
Limca 600ml,FMCG,35,42,0,447,123,60,2,0.53,0.75,Summer,None,Central India,20.0,18774.0,3129.0,15645,4,2023,1,5,1,2,1,0,1.2,63,2023-04-01
Glucon-D 200g,FMCG,55,72,0,113,58,26,2,0.82,0.85,Summer,None,Central India,30.91,8136.0,1921.0,6215,4,2023,1,5,1,2,1,0,1.309,32,2023-04-01
ORS Sachets (5pc),FMCG,22,30,0,76,36,18,2,0.33,0.75,Summer,None,Central India,36.36,2280.0,608.0,1672,4,2023,1,5,1,2,1,0,1.364,18,2023-04-01
Vim Bar 200g,FMCG,25,32,0,52,31,24,4,0.38,0.85,Summer,None,Central India,28.0,1664.0,364.0,1300,4,2023,1,5,1,2,1,0,1.28,7,2023-04-01
Harpic 500ml,FMCG,75,98,0,40,234,14,3,1.12,0.92,Summer,None,Central India,30.67,3920.0,920.0,3000,4,2023,1,5,1,2,1,0,1.307,220,2023-04-01
Dettol 250ml,FMCG,68,88,0,50,217,18,7,1.02,0.75,Summer,None,Central India,29.41,4400.0,1000.0,3400,4,2023,1,5,1,2,1,0,1.294,199,2023-04-01
Hajmola 100 Tabs,FMCG,45,60,0,92,78,22,2,0.67,0.75,Summer,None,Central India,33.33,5520.0,1380.0,4140,4,2023,1,5,1,2,1,0,1.333,56,2023-04-01
Vicks 10g,FMCG,35,48,0,45,45,16,5,0.53,0.8,Summer,None,Central India,37.14,2160.0,585.0,1575,4,2023,1,5,1,2,1,0,1.371,29,2023-04-01
Eno Sachet (6pc),FMCG,28,38,0,38,289,20,5,0.42,0.9,Summer,None,Central India,35.71,1444.0,380.0,1064,4,2023,1,5,1,2,1,0,1.357,269,2023-04-01
Diya Set 12pc,FMCG,38,65,0,11,26,10,1,0.57,0.85,Summer,None,Central India,71.05,715.0,297.0,418,4,2023,1,5,1,2,1,0,1.711,16,2023-04-01
Gulal Colors 100g,FMCG,22,40,0,5,122,10,1,0.33,0.92,Summer,None,Central India,81.82,200.0,90.0,110,4,2023,1,5,1,2,1,0,1.818,112,2023-04-01
Agarbatti Pack 20pc,FMCG,25,35,0,56,178,20,7,0.38,0.85,Summer,None,Central India,40.0,1960.0,560.0,1400,4,2023,1,5,1,2,1,0,1.4,158,2023-04-01
Camphor Tablets 25g,FMCG,28,40,0,29,150,14,3,0.42,0.85,Summer,None,Central India,42.86,1160.0,348.0,812,4,2023,1,5,1,2,1,0,1.429,136,2023-04-01
Mosquito Coil (10pc),FMCG,32,45,0,164,202,22,5,0.48,0.88,Summer,None,Central India,40.62,7380.0,2132.0,5248,4,2023,1,5,1,2,1,0,1.406,180,2023-04-01
All Out Refill,FMCG,88,115,0,89,23,16,3,1.32,0.92,Summer,None,Central India,30.68,10235.0,2403.0,7832,4,2023,1,5,1,2,1,0,1.307,7,2023-04-01
Classmate Notebook 200pg,Stationery,48,65,0,25,229,32,1,0.72,0.9,Summer,None,Central India,35.42,1625.0,425.0,1200,4,2023,1,5,1,2,1,0,1.354,197,2023-04-01
Reynolds Pen (10pc),Stationery,35,50,0,71,246,38,2,0.53,0.8,Summer,None,Central India,42.86,3550.0,1065.0,2485,4,2023,1,5,1,2,1,0,1.429,208,2023-04-01
Apsara Pencil (10pc),Stationery,15,22,0,77,270,28,5,0.22,0.9,Summer,None,Central India,46.67,1694.0,539.0,1155,4,2023,1,5,1,2,1,0,1.467,242,2023-04-01
Fevicol 50g,Stationery,20,28,0,50,246,18,2,0.3,0.95,Summer,None,Central India,40.0,1400.0,400.0,1000,4,2023,1,5,1,2,1,0,1.4,228,2023-04-01
Stapler Small,Stationery,45,65,0,20,48,10,4,0.67,0.75,Summer,None,Central India,44.44,1300.0,400.0,900,4,2023,1,5,1,2,1,0,1.444,38,2023-04-01
Register A4 100pg,Stationery,35,50,0,27,204,12,7,0.53,0.88,Summer,None,Central India,42.86,1350.0,405.0,945,4,2023,1,5,1,2,1,0,1.429,192,2023-04-01
Sketch Pens (12pc),Stationery,32,48,0,19,258,14,1,0.48,0.8,Summer,None,Central India,50.0,912.0,304.0,608,4,2023,1,5,1,2,1,0,1.5,244,2023-04-01
Scale 30cm,Stationery,8,12,0,38,84,16,4,0.12,0.75,Summer,None,Central India,50.0,456.0,152.0,304,4,2023,1,5,1,2,1,0,1.5,68,2023-04-01
Eraser Apsara,Stationery,4,7,0,52,22,24,3,0.06,0.92,Summer,None,Central India,75.0,364.0,156.0,208,4,2023,1,5,1,2,1,0,1.75,-2,2023-04-01
Tape Roll,Stationery,18,28,0,34,165,12,4,0.27,0.9,Summer,None,Central India,55.56,952.0,340.0,612,4,2023,1,5,1,2,1,0,1.556,153,2023-04-01
Eveready Battery AA 4pc,Electronics,55,75,0,41,172,18,7,0.82,0.75,Summer,None,Central India,36.36,3075.0,820.0,2255,4,2023,1,5,1,2,1,0,1.364,154,2023-04-01
Eveready Battery D 2pc,Electronics,65,90,0,28,159,12,2,0.97,0.8,Summer,None,Central India,38.46,2520.0,700.0,1820,4,2023,1,5,1,2,1,0,1.385,147,2023-04-01
CFL Bulb 9W Bajaj,Electronics,65,90,0,21,80,10,3,0.97,0.85,Summer,None,Central India,38.46,1890.0,525.0,1365,4,2023,1,5,1,2,1,0,1.385,70,2023-04-01
LED Bulb 9W Philips,Electronics,95,130,0,31,30,12,4,1.43,0.9,Summer,None,Central India,36.84,4030.0,1085.0,2945,4,2023,1,5,1,2,1,0,1.368,18,2023-04-01
Extension Cord 5m,Electronics,175,240,0,15,245,10,1,2.62,0.95,Summer,None,Central India,37.14,3600.0,975.0,2625,4,2023,1,5,1,2,1,0,1.371,235,2023-04-01
Phone Charging Cable,Electronics,65,100,0,36,262,14,3,0.97,0.92,Summer,None,Central India,53.85,3600.0,1260.0,2340,4,2023,1,5,1,2,1,0,1.538,248,2023-04-01
Earphones Basic,Electronics,85,140,0,27,126,10,2,1.27,0.75,Summer,None,Central India,64.71,3780.0,1485.0,2295,4,2023,1,5,1,2,1,0,1.647,116,2023-04-01
Gamcha (Cotton Towel),Fashion,55,80,0,71,278,16,7,0.82,0.92,Summer,None,Central India,45.45,5680.0,1775.0,3905,4,2023,1,5,1,2,1,0,1.455,262,2023-04-01
Socks Cotton (3 pair),Fashion,55,80,0,31,24,14,3,0.82,0.92,Summer,None,Central India,45.45,2480.0,775.0,1705,4,2023,1,5,1,2,1,0,1.455,10,2023-04-01
Handkerchief 3pc,Fashion,30,45,0,41,197,12,2,0.45,0.92,Summer,None,Central India,50.0,1845.0,615.0,1230,4,2023,1,5,1,2,1,0,1.5,185,2023-04-01
Banyan Vest Cotton,Fashion,75,110,0,37,164,12,7,1.12,0.85,Summer,None,Central India,46.67,4070.0,1295.0,2775,4,2023,1,5,1,2,1,0,1.467,152,2023-04-01
Dupatta Plain,Fashion,95,150,0,18,139,10,3,1.43,0.95,Summer,None,Central India,57.89,2700.0,990.0,1710,4,2023,1,5,1,2,1,0,1.579,129,2023-04-01
Salwar Suit Cotton,Fashion,280,450,0,20,108,10,1,4.2,0.88,Summer,None,Central India,60.71,9000.0,3400.0,5600,4,2023,1,5,1,2,1,0,1.607,98,2023-04-01
Kurta Men Cotton,Fashion,195,320,0,15,124,10,7,2.92,0.85,Summer,None,Central India,64.1,4800.0,1875.0,2925,4,2023,1,5,1,2,1,0,1.641,114,2023-04-01
Urea Fertilizer 1kg,Agriculture,35,50,0,90,142,16,3,0.53,0.9,Summer,None,Central India,42.86,4500.0,1350.0,3150,4,2023,1,5,1,2,1,0,1.429,126,2023-04-01
DAP Fertilizer 1kg,Agriculture,55,75,0,63,59,12,1,0.82,0.9,Summer,None,Central India,36.36,4725.0,1260.0,3465,4,2023,1,5,1,2,1,0,1.364,47,2023-04-01
Neem Pesticide 100ml,Agriculture,65,95,0,47,245,10,7,0.97,0.88,Summer,None,Central India,46.15,4465.0,1410.0,3055,4,2023,1,5,1,2,1,0,1.462,235,2023-04-01
Garden Pump Sprayer 1L,Agriculture,145,210,0,16,195,10,2,2.17,0.8,Summer,None,Central India,44.83,3360.0,1040.0,2320,4,2023,1,5,1,2,1,0,1.448,185,2023-04-01
Vegetable Seeds Packet,Agriculture,28,45,0,60,56,14,3,0.42,0.9,Summer,None,Central India,60.71,2700.0,1020.0,1680,4,2023,1,5,1,2,1,0,1.607,42,2023-04-01
Basmati Rice 5kg,Grocery,280,340,0,98,75,34,7,4.2,0.8,Summer,None,Central India,21.43,33320.0,5880.0,27440,5,2023,1,0,1,2,0,0,1.214,41,2023-05-01
Atta Aashirvaad 10kg,Grocery,330,390,0,95,59,38,2,4.95,0.9,Summer,None,Central India,18.18,37050.0,5700.0,31350,5,2023,1,0,1,2,0,0,1.182,21,2023-05-01
Toor Dal 1kg,Grocery,130,155,0,82,166,30,7,1.95,0.88,Summer,None,Central India,19.23,12710.0,2050.0,10660,5,2023,1,0,1,2,0,0,1.192,136,2023-05-01
Chana Dal 1kg,Grocery,90,112,0,56,78,24,2,1.35,0.75,Summer,None,Central India,24.44,6272.0,1232.0,5040,5,2023,1,0,1,2,0,0,1.244,54,2023-05-01
Mustard Oil 1L,Grocery,155,185,0,55,200,28,2,2.32,0.88,Summer,None,Central India,19.35,10175.0,1650.0,8525,5,2023,1,0,1,2,0,0,1.194,172,2023-05-01
Refined Oil Soya 5L,Grocery,580,680,0,43,210,20,2,8.7,0.92,Summer,None,Central India,17.24,29240.0,4300.0,24940,5,2023,1,0,1,2,0,0,1.172,190,2023-05-01
Sugar 1kg,Grocery,42,50,0,124,64,48,2,0.63,0.75,Summer,None,Central India,19.05,6200.0,992.0,5208,5,2023,1,0,1,2,0,0,1.19,16,2023-05-01
Salt Tata 1kg,Grocery,18,22,0,87,50,36,5,0.27,0.8,Summer,None,Central India,22.22,1914.0,348.0,1566,5,2023,1,0,1,2,0,0,1.222,14,2023-05-01
Poha 500g,Grocery,28,36,0,51,177,22,5,0.42,0.95,Summer,None,Central India,28.57,1836.0,408.0,1428,5,2023,1,0,1,2,0,0,1.286,155,2023-05-01
Maida 1kg,Grocery,32,40,0,38,101,18,3,0.48,0.8,Summer,None,Central India,25.0,1520.0,304.0,1216,5,2023,1,0,1,2,0,0,1.25,83,2023-05-01
Besan 500g,Grocery,38,48,0,40,243,16,3,0.57,0.92,Summer,None,Central India,26.32,1920.0,400.0,1520,5,2023,1,0,1,2,0,0,1.263,227,2023-05-01
Rajma 500g,Grocery,65,82,0,43,174,14,1,0.97,0.75,Summer,None,Central India,26.15,3526.0,731.0,2795,5,2023,1,0,1,2,0,0,1.262,160,2023-05-01
Haldi Powder 100g,Grocery,28,38,0,37,207,20,7,0.42,0.9,Summer,None,Central India,35.71,1406.0,370.0,1036,5,2023,1,0,1,2,0,0,1.357,187,2023-05-01
Red Chilli Powder 100g,Grocery,30,42,0,54,182,19,7,0.45,0.92,Summer,None,Central India,40.0,2268.0,648.0,1620,5,2023,1,0,1,2,0,0,1.4,163,2023-05-01
Coriander Powder 100g,Grocery,22,32,0,54,79,18,5,0.33,0.92,Summer,None,Central India,45.45,1728.0,540.0,1188,5,2023,1,0,1,2,0,0,1.455,61,2023-05-01
Tea Brooke Bond 500g,Grocery,175,215,0,76,56,32,3,2.62,0.92,Summer,None,Central India,22.86,16340.0,3040.0,13300,5,2023,1,0,1,2,0,0,1.229,24,2023-05-01
Tea Tata Gold 250g,Grocery,105,130,0,67,261,26,3,1.57,0.85,Summer,None,Central India,23.81,8710.0,1675.0,7035,5,2023,1,0,1,2,0,0,1.238,235,2023-05-01
Dry Coconut 200g,Grocery,95,125,0,32,211,12,1,1.43,0.88,Summer,None,Central India,31.58,4000.0,960.0,3040,5,2023,1,0,1,2,0,0,1.316,199,2023-05-01
Saunf 100g,Grocery,22,30,0,35,212,14,4,0.33,0.8,Summer,None,Central India,36.36,1050.0,280.0,770,5,2023,1,0,1,2,0,0,1.364,198,2023-05-01
Lifebuoy Soap 100g,FMCG,28,36,0,117,139,36,2,0.42,0.8,Summer,None,Central India,28.57,4212.0,936.0,3276,5,2023,1,0,1,2,0,0,1.286,103,2023-05-01
Lux Soap 75g,FMCG,32,42,0,97,26,28,3,0.48,0.85,Summer,None,Central India,31.25,4074.0,970.0,3104,5,2023,1,0,1,2,0,0,1.312,-2,2023-05-01
Colgate 200g,FMCG,82,100,0,58,52,26,4,1.23,0.95,Summer,None,Central India,21.95,5800.0,1044.0,4756,5,2023,1,0,1,2,0,0,1.22,26,2023-05-01
Pepsodent 200g,FMCG,75,92,0,70,77,22,5,1.12,0.8,Summer,None,Central India,22.67,6440.0,1190.0,5250,5,2023,1,0,1,2,0,0,1.227,55,2023-05-01
Clinic Plus Shampoo 80ml,FMCG,55,72,0,49,245,20,3,0.82,0.88,Summer,None,Central India,30.91,3528.0,833.0,2695,5,2023,1,0,1,2,0,0,1.309,225,2023-05-01
Sunsilk Shampoo 80ml,FMCG,58,75,0,33,58,18,5,0.87,0.95,Summer,None,Central India,29.31,2475.0,561.0,1914,5,2023,1,0,1,2,0,0,1.293,40,2023-05-01
Surf Excel 1kg,FMCG,130,165,0,33,176,22,2,1.95,0.88,Summer,None,Central India,26.92,5445.0,1155.0,4290,5,2023,1,0,1,2,0,0,1.269,154,2023-05-01
Ariel 500g,FMCG,95,120,0,48,103,18,4,1.43,0.85,Summer,None,Central India,26.32,5760.0,1200.0,4560,5,2023,1,0,1,2,0,0,1.263,85,2023-05-01
Parle-G 800g,FMCG,45,58,0,132,46,48,2,0.67,0.75,Summer,None,Central India,28.89,7656.0,1716.0,5940,5,2023,1,0,1,2,0,0,1.289,-2,2023-05-01
Good Day Biscuit 250g,FMCG,28,38,0,91,103,34,4,0.42,0.85,Summer,None,Central India,35.71,3458.0,910.0,2548,5,2023,1,0,1,2,0,0,1.357,69,2023-05-01
Hide & Seek 100g,FMCG,32,45,0,62,276,24,2,0.48,0.88,Summer,None,Central India,40.62,2790.0,806.0,1984,5,2023,1,0,1,2,0,0,1.406,252,2023-05-01
Maggi Noodles 70g,FMCG,12,15,0,175,182,60,7,0.18,0.75,Summer,None,Central India,25.0,2625.0,525.0,2100,5,2023,1,0,1,2,0,0,1.25,122,2023-05-01
Maggi Noodles 4-Pack,FMCG,52,65,0,103,299,36,3,0.78,0.8,Summer,None,Central India,25.0,6695.0,1339.0,5356,5,2023,1,0,1,2,0,0,1.25,263,2023-05-01
Lay's Chips 26g,FMCG,15,20,0,275,91,80,3,0.22,0.92,Summer,None,Central India,33.33,5500.0,1375.0,4125,5,2023,1,0,1,2,0,0,1.333,11,2023-05-01
Kurkure 65g,FMCG,18,25,0,273,164,70,3,0.27,0.9,Summer,None,Central India,38.89,6825.0,1911.0,4914,5,2023,1,0,1,2,0,0,1.389,94,2023-05-01
Haldirams Namkeen 200g,FMCG,55,75,0,92,69,38,3,0.82,0.95,Summer,None,Central India,36.36,6900.0,1840.0,5060,5,2023,1,0,1,2,0,0,1.364,31,2023-05-01
Haldirams Mixture 400g,FMCG,110,148,0,55,200,28,7,1.65,0.88,Summer,None,Central India,34.55,8140.0,2090.0,6050,5,2023,1,0,1,2,0,0,1.345,172,2023-05-01
Frooti 200ml,FMCG,12,15,0,971,247,100,1,0.18,0.92,Summer,None,Central India,25.0,14565.0,2913.0,11652,5,2023,1,0,1,2,0,0,1.25,147,2023-05-01
Maaza 250ml,FMCG,18,22,0,711,233,80,4,0.27,0.9,Summer,None,Central India,22.22,15642.0,2844.0,12798,5,2023,1,0,1,2,0,0,1.222,153,2023-05-01
Thums Up 600ml,FMCG,38,45,0,518,83,72,3,0.57,0.75,Summer,None,Central India,18.42,23310.0,3626.0,19684,5,2023,1,0,1,2,0,0,1.184,11,2023-05-01
Limca 600ml,FMCG,35,42,0,304,91,60,3,0.53,0.8,Summer,None,Central India,20.0,12768.0,2128.0,10640,5,2023,1,0,1,2,0,0,1.2,31,2023-05-01
Glucon-D 200g,FMCG,55,72,0,108,114,26,4,0.82,0.85,Summer,None,Central India,30.91,7776.0,1836.0,5940,5,2023,1,0,1,2,0,0,1.309,88,2023-05-01
ORS Sachets (5pc),FMCG,22,30,0,104,236,18,1,0.33,0.88,Summer,None,Central India,36.36,3120.0,832.0,2288,5,2023,1,0,1,2,0,0,1.364,218,2023-05-01
Vim Bar 200g,FMCG,25,32,0,49,95,24,1,0.38,0.92,Summer,None,Central India,28.0,1568.0,343.0,1225,5,2023,1,0,1,2,0,0,1.28,71,2023-05-01
Harpic 500ml,FMCG,75,98,0,34,179,14,5,1.12,0.92,Summer,None,Central India,30.67,3332.0,782.0,2550,5,2023,1,0,1,2,0,0,1.307,165,2023-05-01
Dettol 250ml,FMCG,68,88,0,57,221,18,7,1.02,0.8,Summer,None,Central India,29.41,5016.0,1140.0,3876,5,2023,1,0,1,2,0,0,1.294,203,2023-05-01
Hajmola 100 Tabs,FMCG,45,60,0,101,21,22,1,0.67,0.75,Summer,None,Central India,33.33,6060.0,1515.0,4545,5,2023,1,0,1,2,0,0,1.333,-1,2023-05-01
Vicks 10g,FMCG,35,48,0,36,122,16,2,0.53,0.92,Summer,None,Central India,37.14,1728.0,468.0,1260,5,2023,1,0,1,2,0,0,1.371,106,2023-05-01
Eno Sachet (6pc),FMCG,28,38,0,59,109,20,4,0.42,0.8,Summer,None,Central India,35.71,2242.0,590.0,1652,5,2023,1,0,1,2,0,0,1.357,89,2023-05-01
Diya Set 12pc,FMCG,38,65,0,7,142,10,4,0.57,0.75,Summer,None,Central India,71.05,455.0,189.0,266,5,2023,1,0,1,2,0,0,1.711,132,2023-05-01
Gulal Colors 100g,FMCG,22,40,0,6,281,10,1,0.33,0.95,Summer,None,Central India,81.82,240.0,108.0,132,5,2023,1,0,1,2,0,0,1.818,271,2023-05-01
Agarbatti Pack 20pc,FMCG,25,35,0,36,223,20,7,0.38,0.8,Summer,None,Central India,40.0,1260.0,360.0,900,5,2023,1,0,1,2,0,0,1.4,203,2023-05-01
Camphor Tablets 25g,FMCG,28,40,0,40,103,14,4,0.42,0.95,Summer,None,Central India,42.86,1600.0,480.0,1120,5,2023,1,0,1,2,0,0,1.429,89,2023-05-01
Mosquito Coil (10pc),FMCG,32,45,0,112,41,22,2,0.48,0.95,Summer,None,Central India,40.62,5040.0,1456.0,3584,5,2023,1,0,1,2,0,0,1.406,19,2023-05-01
All Out Refill,FMCG,88,115,0,84,22,16,5,1.32,0.75,Summer,None,Central India,30.68,9660.0,2268.0,7392,5,2023,1,0,1,2,0,0,1.307,6,2023-05-01
Classmate Notebook 200pg,Stationery,48,65,0,23,31,32,5,0.72,0.88,Summer,None,Central India,35.42,1495.0,391.0,1104,5,2023,1,0,1,2,0,0,1.354,-1,2023-05-01
Reynolds Pen (10pc),Stationery,35,50,0,74,44,38,3,0.53,0.85,Summer,None,Central India,42.86,3700.0,1110.0,2590,5,2023,1,0,1,2,0,0,1.429,6,2023-05-01
Apsara Pencil (10pc),Stationery,15,22,0,57,138,28,3,0.22,0.95,Summer,None,Central India,46.67,1254.0,399.0,855,5,2023,1,0,1,2,0,0,1.467,110,2023-05-01
Fevicol 50g,Stationery,20,28,0,40,101,18,4,0.3,0.8,Summer,None,Central India,40.0,1120.0,320.0,800,5,2023,1,0,1,2,0,0,1.4,83,2023-05-01
Stapler Small,Stationery,45,65,0,15,78,10,2,0.67,0.88,Summer,None,Central India,44.44,975.0,300.0,675,5,2023,1,0,1,2,0,0,1.444,68,2023-05-01
Register A4 100pg,Stationery,35,50,0,36,221,12,2,0.53,0.85,Summer,None,Central India,42.86,1800.0,540.0,1260,5,2023,1,0,1,2,0,0,1.429,209,2023-05-01
Sketch Pens (12pc),Stationery,32,48,0,32,226,14,1,0.48,0.95,Summer,None,Central India,50.0,1536.0,512.0,1024,5,2023,1,0,1,2,0,0,1.5,212,2023-05-01
Scale 30cm,Stationery,8,12,0,29,232,16,5,0.12,0.8,Summer,None,Central India,50.0,348.0,116.0,232,5,2023,1,0,1,2,0,0,1.5,216,2023-05-01
Eraser Apsara,Stationery,4,7,0,54,23,24,3,0.06,0.88,Summer,None,Central India,75.0,378.0,162.0,216,5,2023,1,0,1,2,0,0,1.75,-1,2023-05-01
Tape Roll,Stationery,18,28,0,38,39,12,3,0.27,0.8,Summer,None,Central India,55.56,1064.0,380.0,684,5,2023,1,0,1,2,0,0,1.556,27,2023-05-01
Eveready Battery AA 4pc,Electronics,55,75,0,46,269,18,3,0.82,0.8,Summer,None,Central India,36.36,3450.0,920.0,2530,5,2023,1,0,1,2,0,0,1.364,251,2023-05-01
Eveready Battery D 2pc,Electronics,65,90,0,35,247,12,2,0.97,0.95,Summer,None,Central India,38.46,3150.0,875.0,2275,5,2023,1,0,1,2,0,0,1.385,235,2023-05-01
CFL Bulb 9W Bajaj,Electronics,65,90,0,24,262,10,2,0.97,0.8,Summer,None,Central India,38.46,2160.0,600.0,1560,5,2023,1,0,1,2,0,0,1.385,252,2023-05-01
LED Bulb 9W Philips,Electronics,95,130,0,34,265,12,3,1.43,0.88,Summer,None,Central India,36.84,4420.0,1190.0,3230,5,2023,1,0,1,2,0,0,1.368,253,2023-05-01
Extension Cord 5m,Electronics,175,240,0,13,40,10,5,2.62,0.75,Summer,None,Central India,37.14,3120.0,845.0,2275,5,2023,1,0,1,2,0,0,1.371,30,2023-05-01
Phone Charging Cable,Electronics,65,100,0,20,27,14,3,0.97,0.92,Summer,None,Central India,53.85,2000.0,700.0,1300,5,2023,1,0,1,2,0,0,1.538,13,2023-05-01
Earphones Basic,Electronics,85,140,0,22,21,10,5,1.27,0.9,Summer,None,Central India,64.71,3080.0,1210.0,1870,5,2023,1,0,1,2,0,0,1.647,11,2023-05-01
Gamcha (Cotton Towel),Fashion,55,80,0,70,60,16,4,0.82,0.92,Summer,None,Central India,45.45,5600.0,1750.0,3850,5,2023,1,0,1,2,0,0,1.455,44,2023-05-01
Socks Cotton (3 pair),Fashion,55,80,0,34,250,14,1,0.82,0.88,Summer,None,Central India,45.45,2720.0,850.0,1870,5,2023,1,0,1,2,0,0,1.455,236,2023-05-01
Handkerchief 3pc,Fashion,30,45,0,53,149,12,5,0.45,0.92,Summer,None,Central India,50.0,2385.0,795.0,1590,5,2023,1,0,1,2,0,0,1.5,137,2023-05-01
Banyan Vest Cotton,Fashion,75,110,0,36,47,12,2,1.12,0.85,Summer,None,Central India,46.67,3960.0,1260.0,2700,5,2023,1,0,1,2,0,0,1.467,35,2023-05-01
Dupatta Plain,Fashion,95,150,0,23,248,10,3,1.43,0.95,Summer,None,Central India,57.89,3450.0,1265.0,2185,5,2023,1,0,1,2,0,0,1.579,238,2023-05-01
Salwar Suit Cotton,Fashion,280,450,0,23,183,10,3,4.2,0.95,Summer,None,Central India,60.71,10350.0,3910.0,6440,5,2023,1,0,1,2,0,0,1.607,173,2023-05-01
Kurta Men Cotton,Fashion,195,320,0,22,29,10,2,2.92,0.92,Summer,None,Central India,64.1,7040.0,2750.0,4290,5,2023,1,0,1,2,0,0,1.641,19,2023-05-01
Urea Fertilizer 1kg,Agriculture,35,50,0,89,285,16,3,0.53,0.92,Summer,None,Central India,42.86,4450.0,1335.0,3115,5,2023,1,0,1,2,0,0,1.429,269,2023-05-01
DAP Fertilizer 1kg,Agriculture,55,75,0,46,276,12,3,0.82,0.88,Summer,None,Central India,36.36,3450.0,920.0,2530,5,2023,1,0,1,2,0,0,1.364,264,2023-05-01
Neem Pesticide 100ml,Agriculture,65,95,0,49,83,10,4,0.97,0.88,Summer,None,Central India,46.15,4655.0,1470.0,3185,5,2023,1,0,1,2,0,0,1.462,73,2023-05-01
Garden Pump Sprayer 1L,Agriculture,145,210,0,22,140,10,2,2.17,0.9,Summer,None,Central India,44.83,4620.0,1430.0,3190,5,2023,1,0,1,2,0,0,1.448,130,2023-05-01
Vegetable Seeds Packet,Agriculture,28,45,0,76,139,14,3,0.42,0.88,Summer,None,Central India,60.71,3420.0,1292.0,2128,5,2023,1,0,1,2,0,0,1.607,125,2023-05-01
Basmati Rice 5kg,Grocery,280,340,0,52,226,34,4,4.2,0.88,Rainy,None,Central India,21.43,17680.0,3120.0,14560,6,2023,1,3,1,2,0,0,1.214,192,2023-06-01
Atta Aashirvaad 10kg,Grocery,330,390,0,86,149,38,1,4.95,0.95,Rainy,None,Central India,18.18,33540.0,5160.0,28380,6,2023,1,3,1,2,0,0,1.182,111,2023-06-01
Toor Dal 1kg,Grocery,130,155,0,75,39,30,2,1.95,0.9,Rainy,None,Central India,19.23,11625.0,1875.0,9750,6,2023,1,3,1,2,0,0,1.192,9,2023-06-01
Chana Dal 1kg,Grocery,90,112,0,46,264,24,2,1.35,0.9,Rainy,None,Central India,24.44,5152.0,1012.0,4140,6,2023,1,3,1,2,0,0,1.244,240,2023-06-01
Mustard Oil 1L,Grocery,155,185,0,77,180,28,1,2.32,0.85,Rainy,None,Central India,19.35,14245.0,2310.0,11935,6,2023,1,3,1,2,0,0,1.194,152,2023-06-01
Refined Oil Soya 5L,Grocery,580,680,0,58,242,20,7,8.7,0.95,Rainy,None,Central India,17.24,39440.0,5800.0,33640,6,2023,1,3,1,2,0,0,1.172,222,2023-06-01
Sugar 1kg,Grocery,42,50,0,127,197,48,5,0.63,0.88,Rainy,None,Central India,19.05,6350.0,1016.0,5334,6,2023,1,3,1,2,0,0,1.19,149,2023-06-01
Salt Tata 1kg,Grocery,18,22,0,72,145,36,3,0.27,0.88,Rainy,None,Central India,22.22,1584.0,288.0,1296,6,2023,1,3,1,2,0,0,1.222,109,2023-06-01
Poha 500g,Grocery,28,36,0,55,253,22,3,0.42,0.95,Rainy,None,Central India,28.57,1980.0,440.0,1540,6,2023,1,3,1,2,0,0,1.286,231,2023-06-01
Maida 1kg,Grocery,32,40,0,41,283,18,3,0.48,0.92,Rainy,None,Central India,25.0,1640.0,328.0,1312,6,2023,1,3,1,2,0,0,1.25,265,2023-06-01
Besan 500g,Grocery,38,48,0,36,24,16,5,0.57,0.92,Rainy,None,Central India,26.32,1728.0,360.0,1368,6,2023,1,3,1,2,0,0,1.263,8,2023-06-01
Rajma 500g,Grocery,65,82,0,40,138,14,2,0.97,0.85,Rainy,None,Central India,26.15,3280.0,680.0,2600,6,2023,1,3,1,2,0,0,1.262,124,2023-06-01
Haldi Powder 100g,Grocery,28,38,0,39,133,20,2,0.42,0.75,Rainy,None,Central India,35.71,1482.0,390.0,1092,6,2023,1,3,1,2,0,0,1.357,113,2023-06-01
Red Chilli Powder 100g,Grocery,30,42,0,49,95,19,2,0.45,0.75,Rainy,None,Central India,40.0,2058.0,588.0,1470,6,2023,1,3,1,2,0,0,1.4,76,2023-06-01
Coriander Powder 100g,Grocery,22,32,0,46,20,18,2,0.33,0.95,Rainy,None,Central India,45.45,1472.0,460.0,1012,6,2023,1,3,1,2,0,0,1.455,2,2023-06-01
Tea Brooke Bond 500g,Grocery,175,215,0,90,88,32,1,2.62,0.8,Rainy,None,Central India,22.86,19350.0,3600.0,15750,6,2023,1,3,1,2,0,0,1.229,56,2023-06-01
Tea Tata Gold 250g,Grocery,105,130,0,84,239,26,2,1.57,0.8,Rainy,None,Central India,23.81,10920.0,2100.0,8820,6,2023,1,3,1,2,0,0,1.238,213,2023-06-01
Dry Coconut 200g,Grocery,95,125,0,21,180,12,1,1.43,0.75,Rainy,None,Central India,31.58,2625.0,630.0,1995,6,2023,1,3,1,2,0,0,1.316,168,2023-06-01
Saunf 100g,Grocery,22,30,0,40,195,14,3,0.33,0.75,Rainy,None,Central India,36.36,1200.0,320.0,880,6,2023,1,3,1,2,0,0,1.364,181,2023-06-01
Lifebuoy Soap 100g,FMCG,28,36,0,111,117,36,3,0.42,0.92,Rainy,None,Central India,28.57,3996.0,888.0,3108,6,2023,1,3,1,2,0,0,1.286,81,2023-06-01
Lux Soap 75g,FMCG,32,42,0,63,151,28,4,0.48,0.85,Rainy,None,Central India,31.25,2646.0,630.0,2016,6,2023,1,3,1,2,0,0,1.312,123,2023-06-01
Colgate 200g,FMCG,82,100,0,71,298,26,2,1.23,0.9,Rainy,None,Central India,21.95,7100.0,1278.0,5822,6,2023,1,3,1,2,0,0,1.22,272,2023-06-01
Pepsodent 200g,FMCG,75,92,0,61,148,22,7,1.12,0.92,Rainy,None,Central India,22.67,5612.0,1037.0,4575,6,2023,1,3,1,2,0,0,1.227,126,2023-06-01
Clinic Plus Shampoo 80ml,FMCG,55,72,0,48,162,20,1,0.82,0.88,Rainy,None,Central India,30.91,3456.0,816.0,2640,6,2023,1,3,1,2,0,0,1.309,142,2023-06-01
Sunsilk Shampoo 80ml,FMCG,58,75,0,45,218,18,5,0.87,0.9,Rainy,None,Central India,29.31,3375.0,765.0,2610,6,2023,1,3,1,2,0,0,1.293,200,2023-06-01
Surf Excel 1kg,FMCG,130,165,0,82,243,22,1,1.95,0.85,Rainy,None,Central India,26.92,13530.0,2870.0,10660,6,2023,1,3,1,2,0,0,1.269,221,2023-06-01
Ariel 500g,FMCG,95,120,0,27,121,18,2,1.43,0.85,Rainy,None,Central India,26.32,3240.0,675.0,2565,6,2023,1,3,1,2,0,0,1.263,103,2023-06-01
Parle-G 800g,FMCG,45,58,0,202,284,48,2,0.67,0.9,Rainy,None,Central India,28.89,11716.0,2626.0,9090,6,2023,1,3,1,2,0,0,1.289,236,2023-06-01
Good Day Biscuit 250g,FMCG,28,38,0,100,136,34,3,0.42,0.8,Rainy,None,Central India,35.71,3800.0,1000.0,2800,6,2023,1,3,1,2,0,0,1.357,102,2023-06-01
Hide & Seek 100g,FMCG,32,45,0,42,247,24,5,0.48,0.85,Rainy,None,Central India,40.62,1890.0,546.0,1344,6,2023,1,3,1,2,0,0,1.406,223,2023-06-01
Maggi Noodles 70g,FMCG,12,15,0,278,40,60,5,0.18,0.85,Rainy,None,Central India,25.0,4170.0,834.0,3336,6,2023,1,3,1,2,0,0,1.25,-20,2023-06-01
Maggi Noodles 4-Pack,FMCG,52,65,0,154,222,36,2,0.78,0.95,Rainy,None,Central India,25.0,10010.0,2002.0,8008,6,2023,1,3,1,2,0,0,1.25,186,2023-06-01
Lay's Chips 26g,FMCG,15,20,0,214,296,80,3,0.22,0.92,Rainy,None,Central India,33.33,4280.0,1070.0,3210,6,2023,1,3,1,2,0,0,1.333,216,2023-06-01
Kurkure 65g,FMCG,18,25,0,160,71,70,4,0.27,0.85,Rainy,None,Central India,38.89,4000.0,1120.0,2880,6,2023,1,3,1,2,0,0,1.389,1,2023-06-01
Haldirams Namkeen 200g,FMCG,55,75,0,87,176,38,5,0.82,0.88,Rainy,None,Central India,36.36,6525.0,1740.0,4785,6,2023,1,3,1,2,0,0,1.364,138,2023-06-01
Haldirams Mixture 400g,FMCG,110,148,0,45,177,28,2,1.65,0.8,Rainy,None,Central India,34.55,6660.0,1710.0,4950,6,2023,1,3,1,2,0,0,1.345,149,2023-06-01
Frooti 200ml,FMCG,12,15,0,267,96,100,3,0.18,0.8,Rainy,None,Central India,25.0,4005.0,801.0,3204,6,2023,1,3,1,2,0,0,1.25,-4,2023-06-01
Maaza 250ml,FMCG,18,22,0,195,127,80,2,0.27,0.95,Rainy,None,Central India,22.22,4290.0,780.0,3510,6,2023,1,3,1,2,0,0,1.222,47,2023-06-01
Thums Up 600ml,FMCG,38,45,0,174,178,72,5,0.57,0.95,Rainy,None,Central India,18.42,7830.0,1218.0,6612,6,2023,1,3,1,2,0,0,1.184,106,2023-06-01
Limca 600ml,FMCG,35,42,0,154,55,60,3,0.53,0.88,Rainy,None,Central India,20.0,6468.0,1078.0,5390,6,2023,1,3,1,2,0,0,1.2,-5,2023-06-01
Glucon-D 200g,FMCG,55,72,0,54,282,26,4,0.82,0.75,Rainy,None,Central India,30.91,3888.0,918.0,2970,6,2023,1,3,1,2,0,0,1.309,256,2023-06-01
ORS Sachets (5pc),FMCG,22,30,0,73,66,18,2,0.33,0.9,Rainy,None,Central India,36.36,2190.0,584.0,1606,6,2023,1,3,1,2,0,0,1.364,48,2023-06-01
Vim Bar 200g,FMCG,25,32,0,35,137,24,3,0.38,0.92,Rainy,None,Central India,28.0,1120.0,245.0,875,6,2023,1,3,1,2,0,0,1.28,113,2023-06-01
Harpic 500ml,FMCG,75,98,0,60,290,14,2,1.12,0.8,Rainy,None,Central India,30.67,5880.0,1380.0,4500,6,2023,1,3,1,2,0,0,1.307,276,2023-06-01
Dettol 250ml,FMCG,68,88,0,72,140,18,3,1.02,0.8,Rainy,None,Central India,29.41,6336.0,1440.0,4896,6,2023,1,3,1,2,0,0,1.294,122,2023-06-01
Hajmola 100 Tabs,FMCG,45,60,0,52,173,22,2,0.67,0.9,Rainy,None,Central India,33.33,3120.0,780.0,2340,6,2023,1,3,1,2,0,0,1.333,151,2023-06-01
Vicks 10g,FMCG,35,48,0,81,87,16,2,0.53,0.85,Rainy,None,Central India,37.14,3888.0,1053.0,2835,6,2023,1,3,1,2,0,0,1.371,71,2023-06-01
Eno Sachet (6pc),FMCG,28,38,0,53,165,20,2,0.42,0.88,Rainy,None,Central India,35.71,2014.0,530.0,1484,6,2023,1,3,1,2,0,0,1.357,145,2023-06-01
Diya Set 12pc,FMCG,38,65,0,9,261,10,3,0.57,0.95,Rainy,None,Central India,71.05,585.0,243.0,342,6,2023,1,3,1,2,0,0,1.711,251,2023-06-01
Gulal Colors 100g,FMCG,22,40,0,5,180,10,5,0.33,0.9,Rainy,None,Central India,81.82,200.0,90.0,110,6,2023,1,3,1,2,0,0,1.818,170,2023-06-01
Agarbatti Pack 20pc,FMCG,25,35,0,46,169,20,7,0.38,0.9,Rainy,None,Central India,40.0,1610.0,460.0,1150,6,2023,1,3,1,2,0,0,1.4,149,2023-06-01
Camphor Tablets 25g,FMCG,28,40,0,42,179,14,2,0.42,0.8,Rainy,None,Central India,42.86,1680.0,504.0,1176,6,2023,1,3,1,2,0,0,1.429,165,2023-06-01
Mosquito Coil (10pc),FMCG,32,45,0,248,97,22,3,0.48,0.9,Rainy,None,Central India,40.62,11160.0,3224.0,7936,6,2023,1,3,1,2,0,0,1.406,75,2023-06-01
All Out Refill,FMCG,88,115,0,112,165,16,2,1.32,0.8,Rainy,None,Central India,30.68,12880.0,3024.0,9856,6,2023,1,3,1,2,0,0,1.307,149,2023-06-01
Classmate Notebook 200pg,Stationery,48,65,0,57,144,32,5,0.72,0.75,Rainy,None,Central India,35.42,3705.0,969.0,2736,6,2023,1,3,1,2,0,0,1.354,112,2023-06-01
Reynolds Pen (10pc),Stationery,35,50,0,104,186,38,3,0.53,0.92,Rainy,None,Central India,42.86,5200.0,1560.0,3640,6,2023,1,3,1,2,0,0,1.429,148,2023-06-01
Apsara Pencil (10pc),Stationery,15,22,0,90,55,28,7,0.22,0.9,Rainy,None,Central India,46.67,1980.0,630.0,1350,6,2023,1,3,1,2,0,0,1.467,27,2023-06-01
Fevicol 50g,Stationery,20,28,0,36,215,18,3,0.3,0.75,Rainy,None,Central India,40.0,1008.0,288.0,720,6,2023,1,3,1,2,0,0,1.4,197,2023-06-01
Stapler Small,Stationery,45,65,0,17,149,10,3,0.67,0.9,Rainy,None,Central India,44.44,1105.0,340.0,765,6,2023,1,3,1,2,0,0,1.444,139,2023-06-01
Register A4 100pg,Stationery,35,50,0,31,283,12,4,0.53,0.8,Rainy,None,Central India,42.86,1550.0,465.0,1085,6,2023,1,3,1,2,0,0,1.429,271,2023-06-01
Sketch Pens (12pc),Stationery,32,48,0,31,86,14,4,0.48,0.88,Rainy,None,Central India,50.0,1488.0,496.0,992,6,2023,1,3,1,2,0,0,1.5,72,2023-06-01
Scale 30cm,Stationery,8,12,0,31,149,16,5,0.12,0.88,Rainy,None,Central India,50.0,372.0,124.0,248,6,2023,1,3,1,2,0,0,1.5,133,2023-06-01
Eraser Apsara,Stationery,4,7,0,46,277,24,4,0.06,0.75,Rainy,None,Central India,75.0,322.0,138.0,184,6,2023,1,3,1,2,0,0,1.75,253,2023-06-01
Tape Roll,Stationery,18,28,0,29,135,12,7,0.27,0.92,Rainy,None,Central India,55.56,812.0,290.0,522,6,2023,1,3,1,2,0,0,1.556,123,2023-06-01
Eveready Battery AA 4pc,Electronics,55,75,0,45,55,18,3,0.82,0.9,Rainy,None,Central India,36.36,3375.0,900.0,2475,6,2023,1,3,1,2,0,0,1.364,37,2023-06-01
Eveready Battery D 2pc,Electronics,65,90,0,37,227,12,2,0.97,0.92,Rainy,None,Central India,38.46,3330.0,925.0,2405,6,2023,1,3,1,2,0,0,1.385,215,2023-06-01
CFL Bulb 9W Bajaj,Electronics,65,90,0,28,177,10,1,0.97,0.95,Rainy,None,Central India,38.46,2520.0,700.0,1820,6,2023,1,3,1,2,0,0,1.385,167,2023-06-01
LED Bulb 9W Philips,Electronics,95,130,0,26,155,12,3,1.43,0.85,Rainy,None,Central India,36.84,3380.0,910.0,2470,6,2023,1,3,1,2,0,0,1.368,143,2023-06-01
Extension Cord 5m,Electronics,175,240,0,18,163,10,4,2.62,0.9,Rainy,None,Central India,37.14,4320.0,1170.0,3150,6,2023,1,3,1,2,0,0,1.371,153,2023-06-01
Phone Charging Cable,Electronics,65,100,0,30,168,14,3,0.97,0.92,Rainy,None,Central India,53.85,3000.0,1050.0,1950,6,2023,1,3,1,2,0,0,1.538,154,2023-06-01
Earphones Basic,Electronics,85,140,0,28,250,10,7,1.27,0.75,Rainy,None,Central India,64.71,3920.0,1540.0,2380,6,2023,1,3,1,2,0,0,1.647,240,2023-06-01
Gamcha (Cotton Towel),Fashion,55,80,0,61,245,16,3,0.82,0.92,Rainy,None,Central India,45.45,4880.0,1525.0,3355,6,2023,1,3,1,2,0,0,1.455,229,2023-06-01
Socks Cotton (3 pair),Fashion,55,80,0,50,170,14,2,0.82,0.9,Rainy,None,Central India,45.45,4000.0,1250.0,2750,6,2023,1,3,1,2,0,0,1.455,156,2023-06-01
Handkerchief 3pc,Fashion,30,45,0,26,268,12,1,0.45,0.75,Rainy,None,Central India,50.0,1170.0,390.0,780,6,2023,1,3,1,2,0,0,1.5,256,2023-06-01
Banyan Vest Cotton,Fashion,75,110,0,28,199,12,4,1.12,0.95,Rainy,None,Central India,46.67,3080.0,980.0,2100,6,2023,1,3,1,2,0,0,1.467,187,2023-06-01
Dupatta Plain,Fashion,95,150,0,21,162,10,4,1.43,0.88,Rainy,None,Central India,57.89,3150.0,1155.0,1995,6,2023,1,3,1,2,0,0,1.579,152,2023-06-01
Salwar Suit Cotton,Fashion,280,450,0,13,120,10,3,4.2,0.8,Rainy,None,Central India,60.71,5850.0,2210.0,3640,6,2023,1,3,1,2,0,0,1.607,110,2023-06-01
Kurta Men Cotton,Fashion,195,320,0,9,185,10,2,2.92,0.9,Rainy,None,Central India,64.1,2880.0,1125.0,1755,6,2023,1,3,1,2,0,0,1.641,175,2023-06-01
Urea Fertilizer 1kg,Agriculture,35,50,0,72,177,16,7,0.53,0.8,Rainy,None,Central India,42.86,3600.0,1080.0,2520,6,2023,1,3,1,2,0,0,1.429,161,2023-06-01
DAP Fertilizer 1kg,Agriculture,55,75,0,31,26,12,3,0.82,0.92,Rainy,None,Central India,36.36,2325.0,620.0,1705,6,2023,1,3,1,2,0,0,1.364,14,2023-06-01
Neem Pesticide 100ml,Agriculture,65,95,0,66,92,10,5,0.97,0.9,Rainy,None,Central India,46.15,6270.0,1980.0,4290,6,2023,1,3,1,2,0,0,1.462,82,2023-06-01
Garden Pump Sprayer 1L,Agriculture,145,210,0,33,272,10,4,2.17,0.75,Rainy,None,Central India,44.83,6930.0,2145.0,4785,6,2023,1,3,1,2,0,0,1.448,262,2023-06-01
Vegetable Seeds Packet,Agriculture,28,45,0,35,183,14,5,0.42,0.92,Rainy,None,Central India,60.71,1575.0,595.0,980,6,2023,1,3,1,2,0,0,1.607,169,2023-06-01
Basmati Rice 5kg,Grocery,280,340,0,77,44,34,3,4.2,0.9,Rainy,None,Central India,21.43,26180.0,4620.0,21560,7,2023,1,5,1,3,1,0,1.214,10,2023-07-01
Atta Aashirvaad 10kg,Grocery,330,390,0,110,44,38,5,4.95,0.88,Rainy,None,Central India,18.18,42900.0,6600.0,36300,7,2023,1,5,1,3,1,0,1.182,6,2023-07-01
Toor Dal 1kg,Grocery,130,155,0,78,50,30,4,1.95,0.88,Rainy,None,Central India,19.23,12090.0,1950.0,10140,7,2023,1,5,1,3,1,0,1.192,20,2023-07-01
Chana Dal 1kg,Grocery,90,112,0,49,165,24,3,1.35,0.88,Rainy,None,Central India,24.44,5488.0,1078.0,4410,7,2023,1,5,1,3,1,0,1.244,141,2023-07-01
Mustard Oil 1L,Grocery,155,185,0,70,170,28,2,2.32,0.95,Rainy,None,Central India,19.35,12950.0,2100.0,10850,7,2023,1,5,1,3,1,0,1.194,142,2023-07-01
Refined Oil Soya 5L,Grocery,580,680,0,47,24,20,2,8.7,0.8,Rainy,None,Central India,17.24,31960.0,4700.0,27260,7,2023,1,5,1,3,1,0,1.172,4,2023-07-01
Sugar 1kg,Grocery,42,50,0,105,286,48,2,0.63,0.9,Rainy,None,Central India,19.05,5250.0,840.0,4410,7,2023,1,5,1,3,1,0,1.19,238,2023-07-01
Salt Tata 1kg,Grocery,18,22,0,88,75,36,5,0.27,0.75,Rainy,None,Central India,22.22,1936.0,352.0,1584,7,2023,1,5,1,3,1,0,1.222,39,2023-07-01
Poha 500g,Grocery,28,36,0,42,168,22,1,0.42,0.88,Rainy,None,Central India,28.57,1512.0,336.0,1176,7,2023,1,5,1,3,1,0,1.286,146,2023-07-01
Maida 1kg,Grocery,32,40,0,42,209,18,4,0.48,0.85,Rainy,None,Central India,25.0,1680.0,336.0,1344,7,2023,1,5,1,3,1,0,1.25,191,2023-07-01
Besan 500g,Grocery,38,48,0,43,116,16,3,0.57,0.88,Rainy,None,Central India,26.32,2064.0,430.0,1634,7,2023,1,5,1,3,1,0,1.263,100,2023-07-01
Rajma 500g,Grocery,65,82,0,29,122,14,7,0.97,0.75,Rainy,None,Central India,26.15,2378.0,493.0,1885,7,2023,1,5,1,3,1,0,1.262,108,2023-07-01
Haldi Powder 100g,Grocery,28,38,0,43,240,20,3,0.42,0.88,Rainy,None,Central India,35.71,1634.0,430.0,1204,7,2023,1,5,1,3,1,0,1.357,220,2023-07-01
Red Chilli Powder 100g,Grocery,30,42,0,41,143,19,4,0.45,0.95,Rainy,None,Central India,40.0,1722.0,492.0,1230,7,2023,1,5,1,3,1,0,1.4,124,2023-07-01
Coriander Powder 100g,Grocery,22,32,0,52,210,18,4,0.33,0.9,Rainy,None,Central India,45.45,1664.0,520.0,1144,7,2023,1,5,1,3,1,0,1.455,192,2023-07-01
Tea Brooke Bond 500g,Grocery,175,215,0,125,26,32,2,2.62,0.88,Rainy,None,Central India,22.86,26875.0,5000.0,21875,7,2023,1,5,1,3,1,0,1.229,-6,2023-07-01
Tea Tata Gold 250g,Grocery,105,130,0,49,105,26,3,1.57,0.92,Rainy,None,Central India,23.81,6370.0,1225.0,5145,7,2023,1,5,1,3,1,0,1.238,79,2023-07-01
Dry Coconut 200g,Grocery,95,125,0,29,202,12,2,1.43,0.92,Rainy,None,Central India,31.58,3625.0,870.0,2755,7,2023,1,5,1,3,1,0,1.316,190,2023-07-01
Saunf 100g,Grocery,22,30,0,32,98,14,3,0.33,0.8,Rainy,None,Central India,36.36,960.0,256.0,704,7,2023,1,5,1,3,1,0,1.364,84,2023-07-01
Lifebuoy Soap 100g,FMCG,28,36,0,116,84,36,3,0.42,0.9,Rainy,None,Central India,28.57,4176.0,928.0,3248,7,2023,1,5,1,3,1,0,1.286,48,2023-07-01
Lux Soap 75g,FMCG,32,42,0,75,200,28,2,0.48,0.9,Rainy,None,Central India,31.25,3150.0,750.0,2400,7,2023,1,5,1,3,1,0,1.312,172,2023-07-01
Colgate 200g,FMCG,82,100,0,77,192,26,7,1.23,0.88,Rainy,None,Central India,21.95,7700.0,1386.0,6314,7,2023,1,5,1,3,1,0,1.22,166,2023-07-01
Pepsodent 200g,FMCG,75,92,0,41,210,22,3,1.12,0.88,Rainy,None,Central India,22.67,3772.0,697.0,3075,7,2023,1,5,1,3,1,0,1.227,188,2023-07-01
Clinic Plus Shampoo 80ml,FMCG,55,72,0,43,275,20,5,0.82,0.9,Rainy,None,Central India,30.91,3096.0,731.0,2365,7,2023,1,5,1,3,1,0,1.309,255,2023-07-01
Sunsilk Shampoo 80ml,FMCG,58,75,0,35,71,18,7,0.87,0.88,Rainy,None,Central India,29.31,2625.0,595.0,2030,7,2023,1,5,1,3,1,0,1.293,53,2023-07-01
Surf Excel 1kg,FMCG,130,165,0,70,101,22,7,1.95,0.85,Rainy,None,Central India,26.92,11550.0,2450.0,9100,7,2023,1,5,1,3,1,0,1.269,79,2023-07-01
Ariel 500g,FMCG,95,120,0,33,61,18,3,1.43,0.8,Rainy,None,Central India,26.32,3960.0,825.0,3135,7,2023,1,5,1,3,1,0,1.263,43,2023-07-01
Parle-G 800g,FMCG,45,58,0,110,132,48,1,0.67,0.75,Rainy,None,Central India,28.89,6380.0,1430.0,4950,7,2023,1,5,1,3,1,0,1.289,84,2023-07-01
Good Day Biscuit 250g,FMCG,28,38,0,92,149,34,3,0.42,0.9,Rainy,None,Central India,35.71,3496.0,920.0,2576,7,2023,1,5,1,3,1,0,1.357,115,2023-07-01
Hide & Seek 100g,FMCG,32,45,0,61,116,24,2,0.48,0.8,Rainy,None,Central India,40.62,2745.0,793.0,1952,7,2023,1,5,1,3,1,0,1.406,92,2023-07-01
Maggi Noodles 70g,FMCG,12,15,0,374,283,60,2,0.18,0.92,Rainy,None,Central India,25.0,5610.0,1122.0,4488,7,2023,1,5,1,3,1,0,1.25,223,2023-07-01
Maggi Noodles 4-Pack,FMCG,52,65,0,144,219,36,1,0.78,0.95,Rainy,None,Central India,25.0,9360.0,1872.0,7488,7,2023,1,5,1,3,1,0,1.25,183,2023-07-01
Lay's Chips 26g,FMCG,15,20,0,195,192,80,2,0.22,0.9,Rainy,None,Central India,33.33,3900.0,975.0,2925,7,2023,1,5,1,3,1,0,1.333,112,2023-07-01
Kurkure 65g,FMCG,18,25,0,205,106,70,3,0.27,0.9,Rainy,None,Central India,38.89,5125.0,1435.0,3690,7,2023,1,5,1,3,1,0,1.389,36,2023-07-01
Haldirams Namkeen 200g,FMCG,55,75,0,113,171,38,1,0.82,0.9,Rainy,None,Central India,36.36,8475.0,2260.0,6215,7,2023,1,5,1,3,1,0,1.364,133,2023-07-01
Haldirams Mixture 400g,FMCG,110,148,0,77,167,28,3,1.65,0.8,Rainy,None,Central India,34.55,11396.0,2926.0,8470,7,2023,1,5,1,3,1,0,1.345,139,2023-07-01
Frooti 200ml,FMCG,12,15,0,260,230,100,5,0.18,0.85,Rainy,None,Central India,25.0,3900.0,780.0,3120,7,2023,1,5,1,3,1,0,1.25,130,2023-07-01
Maaza 250ml,FMCG,18,22,0,199,47,80,2,0.27,0.85,Rainy,None,Central India,22.22,4378.0,796.0,3582,7,2023,1,5,1,3,1,0,1.222,-33,2023-07-01
Thums Up 600ml,FMCG,38,45,0,220,27,72,7,0.57,0.8,Rainy,None,Central India,18.42,9900.0,1540.0,8360,7,2023,1,5,1,3,1,0,1.184,-45,2023-07-01
Limca 600ml,FMCG,35,42,0,90,57,60,5,0.53,0.88,Rainy,None,Central India,20.0,3780.0,630.0,3150,7,2023,1,5,1,3,1,0,1.2,-3,2023-07-01
Glucon-D 200g,FMCG,55,72,0,67,68,26,3,0.82,0.92,Rainy,None,Central India,30.91,4824.0,1139.0,3685,7,2023,1,5,1,3,1,0,1.309,42,2023-07-01
ORS Sachets (5pc),FMCG,22,30,0,70,97,18,1,0.33,0.75,Rainy,None,Central India,36.36,2100.0,560.0,1540,7,2023,1,5,1,3,1,0,1.364,79,2023-07-01
Vim Bar 200g,FMCG,25,32,0,59,274,24,2,0.38,0.8,Rainy,None,Central India,28.0,1888.0,413.0,1475,7,2023,1,5,1,3,1,0,1.28,250,2023-07-01
Harpic 500ml,FMCG,75,98,0,54,168,14,3,1.12,0.88,Rainy,None,Central India,30.67,5292.0,1242.0,4050,7,2023,1,5,1,3,1,0,1.307,154,2023-07-01
Dettol 250ml,FMCG,68,88,0,55,288,18,3,1.02,0.95,Rainy,None,Central India,29.41,4840.0,1100.0,3740,7,2023,1,5,1,3,1,0,1.294,270,2023-07-01
Hajmola 100 Tabs,FMCG,45,60,0,54,245,22,2,0.67,0.8,Rainy,None,Central India,33.33,3240.0,810.0,2430,7,2023,1,5,1,3,1,0,1.333,223,2023-07-01
Vicks 10g,FMCG,35,48,0,79,202,16,1,0.53,0.75,Rainy,None,Central India,37.14,3792.0,1027.0,2765,7,2023,1,5,1,3,1,0,1.371,186,2023-07-01
Eno Sachet (6pc),FMCG,28,38,0,48,143,20,2,0.42,0.75,Rainy,None,Central India,35.71,1824.0,480.0,1344,7,2023,1,5,1,3,1,0,1.357,123,2023-07-01
Diya Set 12pc,FMCG,38,65,0,7,232,10,3,0.57,0.85,Rainy,None,Central India,71.05,455.0,189.0,266,7,2023,1,5,1,3,1,0,1.711,222,2023-07-01
Gulal Colors 100g,FMCG,22,40,0,4,193,10,1,0.33,0.9,Rainy,None,Central India,81.82,160.0,72.0,88,7,2023,1,5,1,3,1,0,1.818,183,2023-07-01
Agarbatti Pack 20pc,FMCG,25,35,0,57,138,20,5,0.38,0.75,Rainy,None,Central India,40.0,1995.0,570.0,1425,7,2023,1,5,1,3,1,0,1.4,118,2023-07-01
Camphor Tablets 25g,FMCG,28,40,0,31,287,14,1,0.42,0.95,Rainy,None,Central India,42.86,1240.0,372.0,868,7,2023,1,5,1,3,1,0,1.429,273,2023-07-01
Mosquito Coil (10pc),FMCG,32,45,0,221,168,22,4,0.48,0.92,Rainy,None,Central India,40.62,9945.0,2873.0,7072,7,2023,1,5,1,3,1,0,1.406,146,2023-07-01
All Out Refill,FMCG,88,115,0,85,257,16,5,1.32,0.95,Rainy,None,Central India,30.68,9775.0,2295.0,7480,7,2023,1,5,1,3,1,0,1.307,241,2023-07-01
Classmate Notebook 200pg,Stationery,48,65,0,65,105,32,4,0.72,0.85,Rainy,None,Central India,35.42,4225.0,1105.0,3120,7,2023,1,5,1,3,1,0,1.354,73,2023-07-01
Reynolds Pen (10pc),Stationery,35,50,0,103,41,38,3,0.53,0.9,Rainy,None,Central India,42.86,5150.0,1545.0,3605,7,2023,1,5,1,3,1,0,1.429,3,2023-07-01
Apsara Pencil (10pc),Stationery,15,22,0,63,232,28,5,0.22,0.88,Rainy,None,Central India,46.67,1386.0,441.0,945,7,2023,1,5,1,3,1,0,1.467,204,2023-07-01
Fevicol 50g,Stationery,20,28,0,47,69,18,5,0.3,0.95,Rainy,None,Central India,40.0,1316.0,376.0,940,7,2023,1,5,1,3,1,0,1.4,51,2023-07-01
Stapler Small,Stationery,45,65,0,24,297,10,2,0.67,0.9,Rainy,None,Central India,44.44,1560.0,480.0,1080,7,2023,1,5,1,3,1,0,1.444,287,2023-07-01
Register A4 100pg,Stationery,35,50,0,30,208,12,1,0.53,0.85,Rainy,None,Central India,42.86,1500.0,450.0,1050,7,2023,1,5,1,3,1,0,1.429,196,2023-07-01
Sketch Pens (12pc),Stationery,32,48,0,38,49,14,5,0.48,0.88,Rainy,None,Central India,50.0,1824.0,608.0,1216,7,2023,1,5,1,3,1,0,1.5,35,2023-07-01
Scale 30cm,Stationery,8,12,0,27,147,16,3,0.12,0.95,Rainy,None,Central India,50.0,324.0,108.0,216,7,2023,1,5,1,3,1,0,1.5,131,2023-07-01
Eraser Apsara,Stationery,4,7,0,62,91,24,1,0.06,0.88,Rainy,None,Central India,75.0,434.0,186.0,248,7,2023,1,5,1,3,1,0,1.75,67,2023-07-01
Tape Roll,Stationery,18,28,0,23,280,12,2,0.27,0.75,Rainy,None,Central India,55.56,644.0,230.0,414,7,2023,1,5,1,3,1,0,1.556,268,2023-07-01
Eveready Battery AA 4pc,Electronics,55,75,0,38,29,18,3,0.82,0.92,Rainy,None,Central India,36.36,2850.0,760.0,2090,7,2023,1,5,1,3,1,0,1.364,11,2023-07-01
Eveready Battery D 2pc,Electronics,65,90,0,26,250,12,2,0.97,0.85,Rainy,None,Central India,38.46,2340.0,650.0,1690,7,2023,1,5,1,3,1,0,1.385,238,2023-07-01
CFL Bulb 9W Bajaj,Electronics,65,90,0,20,105,10,2,0.97,0.8,Rainy,None,Central India,38.46,1800.0,500.0,1300,7,2023,1,5,1,3,1,0,1.385,95,2023-07-01
LED Bulb 9W Philips,Electronics,95,130,0,38,73,12,3,1.43,0.75,Rainy,None,Central India,36.84,4940.0,1330.0,3610,7,2023,1,5,1,3,1,0,1.368,61,2023-07-01
Extension Cord 5m,Electronics,175,240,0,17,262,10,5,2.62,0.95,Rainy,None,Central India,37.14,4080.0,1105.0,2975,7,2023,1,5,1,3,1,0,1.371,252,2023-07-01
Phone Charging Cable,Electronics,65,100,0,42,89,14,7,0.97,0.85,Rainy,None,Central India,53.85,4200.0,1470.0,2730,7,2023,1,5,1,3,1,0,1.538,75,2023-07-01
Earphones Basic,Electronics,85,140,0,32,43,10,4,1.27,0.85,Rainy,None,Central India,64.71,4480.0,1760.0,2720,7,2023,1,5,1,3,1,0,1.647,33,2023-07-01
Gamcha (Cotton Towel),Fashion,55,80,0,55,173,16,3,0.82,0.92,Rainy,None,Central India,45.45,4400.0,1375.0,3025,7,2023,1,5,1,3,1,0,1.455,157,2023-07-01
Socks Cotton (3 pair),Fashion,55,80,0,45,221,14,4,0.82,0.92,Rainy,None,Central India,45.45,3600.0,1125.0,2475,7,2023,1,5,1,3,1,0,1.455,207,2023-07-01
Handkerchief 3pc,Fashion,30,45,0,25,279,12,3,0.45,0.75,Rainy,None,Central India,50.0,1125.0,375.0,750,7,2023,1,5,1,3,1,0,1.5,267,2023-07-01
Banyan Vest Cotton,Fashion,75,110,0,22,90,12,3,1.12,0.9,Rainy,None,Central India,46.67,2420.0,770.0,1650,7,2023,1,5,1,3,1,0,1.467,78,2023-07-01
Dupatta Plain,Fashion,95,150,0,14,33,10,2,1.43,0.9,Rainy,None,Central India,57.89,2100.0,770.0,1330,7,2023,1,5,1,3,1,0,1.579,23,2023-07-01
Salwar Suit Cotton,Fashion,280,450,0,19,273,10,7,4.2,0.8,Rainy,None,Central India,60.71,8550.0,3230.0,5320,7,2023,1,5,1,3,1,0,1.607,263,2023-07-01
Kurta Men Cotton,Fashion,195,320,0,24,177,10,2,2.92,0.85,Rainy,None,Central India,64.1,7680.0,3000.0,4680,7,2023,1,5,1,3,1,0,1.641,167,2023-07-01
Urea Fertilizer 1kg,Agriculture,35,50,0,82,230,16,4,0.53,0.9,Rainy,None,Central India,42.86,4100.0,1230.0,2870,7,2023,1,5,1,3,1,0,1.429,214,2023-07-01
DAP Fertilizer 1kg,Agriculture,55,75,0,27,95,12,4,0.82,0.8,Rainy,None,Central India,36.36,2025.0,540.0,1485,7,2023,1,5,1,3,1,0,1.364,83,2023-07-01
Neem Pesticide 100ml,Agriculture,65,95,0,73,211,10,2,0.97,0.9,Rainy,None,Central India,46.15,6935.0,2190.0,4745,7,2023,1,5,1,3,1,0,1.462,201,2023-07-01
Garden Pump Sprayer 1L,Agriculture,145,210,0,33,247,10,4,2.17,0.95,Rainy,None,Central India,44.83,6930.0,2145.0,4785,7,2023,1,5,1,3,1,0,1.448,237,2023-07-01
Vegetable Seeds Packet,Agriculture,28,45,0,29,135,14,1,0.42,0.85,Rainy,None,Central India,60.71,1305.0,493.0,812,7,2023,1,5,1,3,1,0,1.607,121,2023-07-01
Basmati Rice 5kg,Grocery,280,340,0,96,270,34,5,4.2,0.85,Rainy,None,Central India,21.43,32640.0,5760.0,26880,8,2023,1,1,1,3,0,0,1.214,236,2023-08-01
Atta Aashirvaad 10kg,Grocery,330,390,0,79,180,38,1,4.95,0.92,Rainy,None,Central India,18.18,30810.0,4740.0,26070,8,2023,1,1,1,3,0,0,1.182,142,2023-08-01
Toor Dal 1kg,Grocery,130,155,0,89,279,30,3,1.95,0.95,Rainy,None,Central India,19.23,13795.0,2225.0,11570,8,2023,1,1,1,3,0,0,1.192,249,2023-08-01
Chana Dal 1kg,Grocery,90,112,0,57,97,24,3,1.35,0.85,Rainy,None,Central India,24.44,6384.0,1254.0,5130,8,2023,1,1,1,3,0,0,1.244,73,2023-08-01
Mustard Oil 1L,Grocery,155,185,0,57,156,28,2,2.32,0.9,Rainy,None,Central India,19.35,10545.0,1710.0,8835,8,2023,1,1,1,3,0,0,1.194,128,2023-08-01
Refined Oil Soya 5L,Grocery,580,680,0,45,69,20,2,8.7,0.9,Rainy,None,Central India,17.24,30600.0,4500.0,26100,8,2023,1,1,1,3,0,0,1.172,49,2023-08-01
Sugar 1kg,Grocery,42,50,0,95,126,48,1,0.63,0.92,Rainy,None,Central India,19.05,4750.0,760.0,3990,8,2023,1,1,1,3,0,0,1.19,78,2023-08-01
Salt Tata 1kg,Grocery,18,22,0,81,70,36,3,0.27,0.85,Rainy,None,Central India,22.22,1782.0,324.0,1458,8,2023,1,1,1,3,0,0,1.222,34,2023-08-01
Poha 500g,Grocery,28,36,0,62,54,22,4,0.42,0.8,Rainy,None,Central India,28.57,2232.0,496.0,1736,8,2023,1,1,1,3,0,0,1.286,32,2023-08-01
Maida 1kg,Grocery,32,40,0,49,93,18,7,0.48,0.9,Rainy,None,Central India,25.0,1960.0,392.0,1568,8,2023,1,1,1,3,0,0,1.25,75,2023-08-01
Besan 500g,Grocery,38,48,0,36,89,16,2,0.57,0.88,Rainy,None,Central India,26.32,1728.0,360.0,1368,8,2023,1,1,1,3,0,0,1.263,73,2023-08-01
Rajma 500g,Grocery,65,82,0,35,119,14,4,0.97,0.75,Rainy,None,Central India,26.15,2870.0,595.0,2275,8,2023,1,1,1,3,0,0,1.262,105,2023-08-01
Haldi Powder 100g,Grocery,28,38,0,51,201,20,4,0.42,0.88,Rainy,None,Central India,35.71,1938.0,510.0,1428,8,2023,1,1,1,3,0,0,1.357,181,2023-08-01
Red Chilli Powder 100g,Grocery,30,42,0,45,103,19,7,0.45,0.75,Rainy,None,Central India,40.0,1890.0,540.0,1350,8,2023,1,1,1,3,0,0,1.4,84,2023-08-01
Coriander Powder 100g,Grocery,22,32,0,36,55,18,3,0.33,0.92,Rainy,None,Central India,45.45,1152.0,360.0,792,8,2023,1,1,1,3,0,0,1.455,37,2023-08-01
Tea Brooke Bond 500g,Grocery,175,215,0,129,201,32,5,2.62,0.8,Rainy,None,Central India,22.86,27735.0,5160.0,22575,8,2023,1,1,1,3,0,0,1.229,169,2023-08-01
Tea Tata Gold 250g,Grocery,105,130,0,56,236,26,3,1.57,0.92,Rainy,None,Central India,23.81,7280.0,1400.0,5880,8,2023,1,1,1,3,0,0,1.238,210,2023-08-01
Dry Coconut 200g,Grocery,95,125,0,29,203,12,2,1.43,0.88,Rainy,None,Central India,31.58,3625.0,870.0,2755,8,2023,1,1,1,3,0,0,1.316,191,2023-08-01
Saunf 100g,Grocery,22,30,0,30,269,14,2,0.33,0.75,Rainy,None,Central India,36.36,900.0,240.0,660,8,2023,1,1,1,3,0,0,1.364,255,2023-08-01
Lifebuoy Soap 100g,FMCG,28,36,0,89,26,36,4,0.42,0.95,Rainy,None,Central India,28.57,3204.0,712.0,2492,8,2023,1,1,1,3,0,0,1.286,-10,2023-08-01
Lux Soap 75g,FMCG,32,42,0,56,179,28,7,0.48,0.85,Rainy,None,Central India,31.25,2352.0,560.0,1792,8,2023,1,1,1,3,0,0,1.312,151,2023-08-01
Colgate 200g,FMCG,82,100,0,65,218,26,3,1.23,0.8,Rainy,None,Central India,21.95,6500.0,1170.0,5330,8,2023,1,1,1,3,0,0,1.22,192,2023-08-01
Pepsodent 200g,FMCG,75,92,0,60,173,22,3,1.12,0.92,Rainy,None,Central India,22.67,5520.0,1020.0,4500,8,2023,1,1,1,3,0,0,1.227,151,2023-08-01
Clinic Plus Shampoo 80ml,FMCG,55,72,0,57,237,20,3,0.82,0.75,Rainy,None,Central India,30.91,4104.0,969.0,3135,8,2023,1,1,1,3,0,0,1.309,217,2023-08-01
Sunsilk Shampoo 80ml,FMCG,58,75,0,34,180,18,2,0.87,0.9,Rainy,None,Central India,29.31,2550.0,578.0,1972,8,2023,1,1,1,3,0,0,1.293,162,2023-08-01
Surf Excel 1kg,FMCG,130,165,0,62,105,22,5,1.95,0.75,Rainy,None,Central India,26.92,10230.0,2170.0,8060,8,2023,1,1,1,3,0,0,1.269,83,2023-08-01
Ariel 500g,FMCG,95,120,0,38,100,18,7,1.43,0.9,Rainy,None,Central India,26.32,4560.0,950.0,3610,8,2023,1,1,1,3,0,0,1.263,82,2023-08-01
Parle-G 800g,FMCG,45,58,0,142,62,48,1,0.67,0.95,Rainy,None,Central India,28.89,8236.0,1846.0,6390,8,2023,1,1,1,3,0,0,1.289,14,2023-08-01
Good Day Biscuit 250g,FMCG,28,38,0,63,105,34,1,0.42,0.75,Rainy,None,Central India,35.71,2394.0,630.0,1764,8,2023,1,1,1,3,0,0,1.357,71,2023-08-01
Hide & Seek 100g,FMCG,32,45,0,45,117,24,1,0.48,0.8,Rainy,None,Central India,40.62,2025.0,585.0,1440,8,2023,1,1,1,3,0,0,1.406,93,2023-08-01
Maggi Noodles 70g,FMCG,12,15,0,296,24,60,2,0.18,0.92,Rainy,None,Central India,25.0,4440.0,888.0,3552,8,2023,1,1,1,3,0,0,1.25,-36,2023-08-01
Maggi Noodles 4-Pack,FMCG,52,65,0,174,117,36,7,0.78,0.85,Rainy,None,Central India,25.0,11310.0,2262.0,9048,8,2023,1,1,1,3,0,0,1.25,81,2023-08-01
Lay's Chips 26g,FMCG,15,20,0,232,144,80,5,0.22,0.92,Rainy,None,Central India,33.33,4640.0,1160.0,3480,8,2023,1,1,1,3,0,0,1.333,64,2023-08-01
Kurkure 65g,FMCG,18,25,0,204,78,70,2,0.27,0.85,Rainy,None,Central India,38.89,5100.0,1428.0,3672,8,2023,1,1,1,3,0,0,1.389,8,2023-08-01
Haldirams Namkeen 200g,FMCG,55,75,0,83,211,38,2,0.82,0.95,Rainy,None,Central India,36.36,6225.0,1660.0,4565,8,2023,1,1,1,3,0,0,1.364,173,2023-08-01
Haldirams Mixture 400g,FMCG,110,148,0,43,296,28,3,1.65,0.8,Rainy,None,Central India,34.55,6364.0,1634.0,4730,8,2023,1,1,1,3,0,0,1.345,268,2023-08-01
Frooti 200ml,FMCG,12,15,0,248,87,100,4,0.18,0.88,Rainy,None,Central India,25.0,3720.0,744.0,2976,8,2023,1,1,1,3,0,0,1.25,-13,2023-08-01
Maaza 250ml,FMCG,18,22,0,147,232,80,5,0.27,0.92,Rainy,None,Central India,22.22,3234.0,588.0,2646,8,2023,1,1,1,3,0,0,1.222,152,2023-08-01
Thums Up 600ml,FMCG,38,45,0,183,135,72,3,0.57,0.92,Rainy,None,Central India,18.42,8235.0,1281.0,6954,8,2023,1,1,1,3,0,0,1.184,63,2023-08-01
Limca 600ml,FMCG,35,42,0,142,77,60,3,0.53,0.8,Rainy,None,Central India,20.0,5964.0,994.0,4970,8,2023,1,1,1,3,0,0,1.2,17,2023-08-01
Glucon-D 200g,FMCG,55,72,0,46,85,26,1,0.82,0.92,Rainy,None,Central India,30.91,3312.0,782.0,2530,8,2023,1,1,1,3,0,0,1.309,59,2023-08-01
ORS Sachets (5pc),FMCG,22,30,0,51,61,18,3,0.33,0.85,Rainy,None,Central India,36.36,1530.0,408.0,1122,8,2023,1,1,1,3,0,0,1.364,43,2023-08-01
Vim Bar 200g,FMCG,25,32,0,50,281,24,5,0.38,0.88,Rainy,None,Central India,28.0,1600.0,350.0,1250,8,2023,1,1,1,3,0,0,1.28,257,2023-08-01
Harpic 500ml,FMCG,75,98,0,29,216,14,2,1.12,0.85,Rainy,None,Central India,30.67,2842.0,667.0,2175,8,2023,1,1,1,3,0,0,1.307,202,2023-08-01
Dettol 250ml,FMCG,68,88,0,54,287,18,2,1.02,0.88,Rainy,None,Central India,29.41,4752.0,1080.0,3672,8,2023,1,1,1,3,0,0,1.294,269,2023-08-01
Hajmola 100 Tabs,FMCG,45,60,0,58,104,22,7,0.67,0.95,Rainy,None,Central India,33.33,3480.0,870.0,2610,8,2023,1,1,1,3,0,0,1.333,82,2023-08-01
Vicks 10g,FMCG,35,48,0,89,66,16,5,0.53,0.92,Rainy,None,Central India,37.14,4272.0,1157.0,3115,8,2023,1,1,1,3,0,0,1.371,50,2023-08-01
Eno Sachet (6pc),FMCG,28,38,0,39,287,20,2,0.42,0.95,Rainy,None,Central India,35.71,1482.0,390.0,1092,8,2023,1,1,1,3,0,0,1.357,267,2023-08-01
Diya Set 12pc,FMCG,38,65,0,8,278,10,2,0.57,0.8,Rainy,None,Central India,71.05,520.0,216.0,304,8,2023,1,1,1,3,0,0,1.711,268,2023-08-01
Gulal Colors 100g,FMCG,22,40,0,5,239,10,1,0.33,0.95,Rainy,None,Central India,81.82,200.0,90.0,110,8,2023,1,1,1,3,0,0,1.818,229,2023-08-01
Agarbatti Pack 20pc,FMCG,25,35,0,38,27,20,3,0.38,0.88,Rainy,None,Central India,40.0,1330.0,380.0,950,8,2023,1,1,1,3,0,0,1.4,7,2023-08-01
Camphor Tablets 25g,FMCG,28,40,0,31,265,14,2,0.42,0.75,Rainy,None,Central India,42.86,1240.0,372.0,868,8,2023,1,1,1,3,0,0,1.429,251,2023-08-01
Mosquito Coil (10pc),FMCG,32,45,0,225,31,22,2,0.48,0.92,Rainy,None,Central India,40.62,10125.0,2925.0,7200,8,2023,1,1,1,3,0,0,1.406,9,2023-08-01
All Out Refill,FMCG,88,115,0,80,177,16,3,1.32,0.8,Rainy,None,Central India,30.68,9200.0,2160.0,7040,8,2023,1,1,1,3,0,0,1.307,161,2023-08-01
Classmate Notebook 200pg,Stationery,48,65,0,79,279,32,3,0.72,0.92,Rainy,None,Central India,35.42,5135.0,1343.0,3792,8,2023,1,1,1,3,0,0,1.354,247,2023-08-01
Reynolds Pen (10pc),Stationery,35,50,0,101,150,38,1,0.53,0.88,Rainy,None,Central India,42.86,5050.0,1515.0,3535,8,2023,1,1,1,3,0,0,1.429,112,2023-08-01
Apsara Pencil (10pc),Stationery,15,22,0,60,173,28,4,0.22,0.92,Rainy,None,Central India,46.67,1320.0,420.0,900,8,2023,1,1,1,3,0,0,1.467,145,2023-08-01
Fevicol 50g,Stationery,20,28,0,38,284,18,3,0.3,0.92,Rainy,None,Central India,40.0,1064.0,304.0,760,8,2023,1,1,1,3,0,0,1.4,266,2023-08-01
Stapler Small,Stationery,45,65,0,22,153,10,2,0.67,0.88,Rainy,None,Central India,44.44,1430.0,440.0,990,8,2023,1,1,1,3,0,0,1.444,143,2023-08-01
Register A4 100pg,Stationery,35,50,0,28,232,12,7,0.53,0.8,Rainy,None,Central India,42.86,1400.0,420.0,980,8,2023,1,1,1,3,0,0,1.429,220,2023-08-01
Sketch Pens (12pc),Stationery,32,48,0,22,150,14,3,0.48,0.88,Rainy,None,Central India,50.0,1056.0,352.0,704,8,2023,1,1,1,3,0,0,1.5,136,2023-08-01
Scale 30cm,Stationery,8,12,0,28,175,16,7,0.12,0.8,Rainy,None,Central India,50.0,336.0,112.0,224,8,2023,1,1,1,3,0,0,1.5,159,2023-08-01
Eraser Apsara,Stationery,4,7,0,61,209,24,1,0.06,0.9,Rainy,None,Central India,75.0,427.0,183.0,244,8,2023,1,1,1,3,0,0,1.75,185,2023-08-01
Tape Roll,Stationery,18,28,0,34,94,12,1,0.27,0.95,Rainy,None,Central India,55.56,952.0,340.0,612,8,2023,1,1,1,3,0,0,1.556,82,2023-08-01
Eveready Battery AA 4pc,Electronics,55,75,0,43,195,18,7,0.82,0.92,Rainy,None,Central India,36.36,3225.0,860.0,2365,8,2023,1,1,1,3,0,0,1.364,177,2023-08-01
Eveready Battery D 2pc,Electronics,65,90,0,34,290,12,2,0.97,0.85,Rainy,None,Central India,38.46,3060.0,850.0,2210,8,2023,1,1,1,3,0,0,1.385,278,2023-08-01
CFL Bulb 9W Bajaj,Electronics,65,90,0,27,231,10,3,0.97,0.8,Rainy,None,Central India,38.46,2430.0,675.0,1755,8,2023,1,1,1,3,0,0,1.385,221,2023-08-01
LED Bulb 9W Philips,Electronics,95,130,0,36,175,12,5,1.43,0.95,Rainy,None,Central India,36.84,4680.0,1260.0,3420,8,2023,1,1,1,3,0,0,1.368,163,2023-08-01
Extension Cord 5m,Electronics,175,240,0,11,220,10,3,2.62,0.88,Rainy,None,Central India,37.14,2640.0,715.0,1925,8,2023,1,1,1,3,0,0,1.371,210,2023-08-01
Phone Charging Cable,Electronics,65,100,0,33,162,14,5,0.97,0.9,Rainy,None,Central India,53.85,3300.0,1155.0,2145,8,2023,1,1,1,3,0,0,1.538,148,2023-08-01
Earphones Basic,Electronics,85,140,0,22,246,10,1,1.27,0.9,Rainy,None,Central India,64.71,3080.0,1210.0,1870,8,2023,1,1,1,3,0,0,1.647,236,2023-08-01
Gamcha (Cotton Towel),Fashion,55,80,0,75,58,16,1,0.82,0.85,Rainy,None,Central India,45.45,6000.0,1875.0,4125,8,2023,1,1,1,3,0,0,1.455,42,2023-08-01
Socks Cotton (3 pair),Fashion,55,80,0,31,271,14,3,0.82,0.95,Rainy,None,Central India,45.45,2480.0,775.0,1705,8,2023,1,1,1,3,0,0,1.455,257,2023-08-01
Handkerchief 3pc,Fashion,30,45,0,32,270,12,2,0.45,0.95,Rainy,None,Central India,50.0,1440.0,480.0,960,8,2023,1,1,1,3,0,0,1.5,258,2023-08-01
Banyan Vest Cotton,Fashion,75,110,0,28,110,12,2,1.12,0.92,Rainy,None,Central India,46.67,3080.0,980.0,2100,8,2023,1,1,1,3,0,0,1.467,98,2023-08-01
Dupatta Plain,Fashion,95,150,0,23,209,10,2,1.43,0.85,Rainy,None,Central India,57.89,3450.0,1265.0,2185,8,2023,1,1,1,3,0,0,1.579,199,2023-08-01
Salwar Suit Cotton,Fashion,280,450,0,14,49,10,5,4.2,0.92,Rainy,None,Central India,60.71,6300.0,2380.0,3920,8,2023,1,1,1,3,0,0,1.607,39,2023-08-01
Kurta Men Cotton,Fashion,195,320,0,16,289,10,2,2.92,0.92,Rainy,None,Central India,64.1,5120.0,2000.0,3120,8,2023,1,1,1,3,0,0,1.641,279,2023-08-01
Urea Fertilizer 1kg,Agriculture,35,50,0,71,234,16,4,0.53,0.75,Rainy,None,Central India,42.86,3550.0,1065.0,2485,8,2023,1,1,1,3,0,0,1.429,218,2023-08-01
DAP Fertilizer 1kg,Agriculture,55,75,0,32,294,12,1,0.82,0.88,Rainy,None,Central India,36.36,2400.0,640.0,1760,8,2023,1,1,1,3,0,0,1.364,282,2023-08-01
Neem Pesticide 100ml,Agriculture,65,95,0,59,192,10,5,0.97,0.92,Rainy,None,Central India,46.15,5605.0,1770.0,3835,8,2023,1,1,1,3,0,0,1.462,182,2023-08-01
Garden Pump Sprayer 1L,Agriculture,145,210,0,24,140,10,3,2.17,0.85,Rainy,None,Central India,44.83,5040.0,1560.0,3480,8,2023,1,1,1,3,0,0,1.448,130,2023-08-01
Vegetable Seeds Packet,Agriculture,28,45,0,41,139,14,4,0.42,0.9,Rainy,None,Central India,60.71,1845.0,697.0,1148,8,2023,1,1,1,3,0,0,1.607,125,2023-08-01
Basmati Rice 5kg,Grocery,280,340,0,71,284,34,7,4.2,0.75,Autumn,None,Central India,21.43,24140.0,4260.0,19880,9,2023,1,4,1,3,0,0,1.214,250,2023-09-01
Atta Aashirvaad 10kg,Grocery,330,390,0,96,108,38,4,4.95,0.85,Autumn,None,Central India,18.18,37440.0,5760.0,31680,9,2023,1,4,1,3,0,0,1.182,70,2023-09-01
Toor Dal 1kg,Grocery,130,155,0,83,87,30,3,1.95,0.8,Autumn,None,Central India,19.23,12865.0,2075.0,10790,9,2023,1,4,1,3,0,0,1.192,57,2023-09-01
Chana Dal 1kg,Grocery,90,112,0,76,144,24,4,1.35,0.92,Autumn,None,Central India,24.44,8512.0,1672.0,6840,9,2023,1,4,1,3,0,0,1.244,120,2023-09-01
Mustard Oil 1L,Grocery,155,185,0,68,177,28,3,2.32,0.85,Autumn,None,Central India,19.35,12580.0,2040.0,10540,9,2023,1,4,1,3,0,0,1.194,149,2023-09-01
Refined Oil Soya 5L,Grocery,580,680,0,48,286,20,7,8.7,0.92,Autumn,None,Central India,17.24,32640.0,4800.0,27840,9,2023,1,4,1,3,0,0,1.172,266,2023-09-01
Sugar 1kg,Grocery,42,50,0,121,295,48,3,0.63,0.85,Autumn,None,Central India,19.05,6050.0,968.0,5082,9,2023,1,4,1,3,0,0,1.19,247,2023-09-01
Salt Tata 1kg,Grocery,18,22,0,108,191,36,1,0.27,0.9,Autumn,None,Central India,22.22,2376.0,432.0,1944,9,2023,1,4,1,3,0,0,1.222,155,2023-09-01
Poha 500g,Grocery,28,36,0,64,235,22,7,0.42,0.75,Autumn,None,Central India,28.57,2304.0,512.0,1792,9,2023,1,4,1,3,0,0,1.286,213,2023-09-01
Maida 1kg,Grocery,32,40,0,49,27,18,3,0.48,0.95,Autumn,None,Central India,25.0,1960.0,392.0,1568,9,2023,1,4,1,3,0,0,1.25,9,2023-09-01
Besan 500g,Grocery,38,48,0,26,95,16,4,0.57,0.95,Autumn,None,Central India,26.32,1248.0,260.0,988,9,2023,1,4,1,3,0,0,1.263,79,2023-09-01
Rajma 500g,Grocery,65,82,0,30,34,14,1,0.97,0.85,Autumn,None,Central India,26.15,2460.0,510.0,1950,9,2023,1,4,1,3,0,0,1.262,20,2023-09-01
Haldi Powder 100g,Grocery,28,38,0,48,251,20,3,0.42,0.85,Autumn,None,Central India,35.71,1824.0,480.0,1344,9,2023,1,4,1,3,0,0,1.357,231,2023-09-01
Red Chilli Powder 100g,Grocery,30,42,0,56,57,19,3,0.45,0.75,Autumn,None,Central India,40.0,2352.0,672.0,1680,9,2023,1,4,1,3,0,0,1.4,38,2023-09-01
Coriander Powder 100g,Grocery,22,32,0,36,47,18,3,0.33,0.92,Autumn,None,Central India,45.45,1152.0,360.0,792,9,2023,1,4,1,3,0,0,1.455,29,2023-09-01
Tea Brooke Bond 500g,Grocery,175,215,0,91,95,32,3,2.62,0.85,Autumn,None,Central India,22.86,19565.0,3640.0,15925,9,2023,1,4,1,3,0,0,1.229,63,2023-09-01
Tea Tata Gold 250g,Grocery,105,130,0,69,181,26,2,1.57,0.95,Autumn,None,Central India,23.81,8970.0,1725.0,7245,9,2023,1,4,1,3,0,0,1.238,155,2023-09-01
Dry Coconut 200g,Grocery,95,125,0,61,91,12,5,1.43,0.92,Autumn,Navratri,Central India,31.58,7625.0,1830.0,5795,9,2023,1,4,1,3,0,1,1.316,79,2023-09-01
Saunf 100g,Grocery,22,30,0,34,80,14,3,0.33,0.92,Autumn,None,Central India,36.36,1020.0,272.0,748,9,2023,1,4,1,3,0,0,1.364,66,2023-09-01
Lifebuoy Soap 100g,FMCG,28,36,0,87,237,36,2,0.42,0.85,Autumn,None,Central India,28.57,3132.0,696.0,2436,9,2023,1,4,1,3,0,0,1.286,201,2023-09-01
Lux Soap 75g,FMCG,32,42,0,67,161,28,2,0.48,0.9,Autumn,None,Central India,31.25,2814.0,670.0,2144,9,2023,1,4,1,3,0,0,1.312,133,2023-09-01
Colgate 200g,FMCG,82,100,0,40,196,26,3,1.23,0.9,Autumn,None,Central India,21.95,4000.0,720.0,3280,9,2023,1,4,1,3,0,0,1.22,170,2023-09-01
Pepsodent 200g,FMCG,75,92,0,51,264,22,1,1.12,0.92,Autumn,None,Central India,22.67,4692.0,867.0,3825,9,2023,1,4,1,3,0,0,1.227,242,2023-09-01
Clinic Plus Shampoo 80ml,FMCG,55,72,0,43,125,20,2,0.82,0.92,Autumn,None,Central India,30.91,3096.0,731.0,2365,9,2023,1,4,1,3,0,0,1.309,105,2023-09-01
Sunsilk Shampoo 80ml,FMCG,58,75,0,43,56,18,1,0.87,0.75,Autumn,None,Central India,29.31,3225.0,731.0,2494,9,2023,1,4,1,3,0,0,1.293,38,2023-09-01
Surf Excel 1kg,FMCG,130,165,0,61,36,22,7,1.95,0.9,Autumn,None,Central India,26.92,10065.0,2135.0,7930,9,2023,1,4,1,3,0,0,1.269,14,2023-09-01
Ariel 500g,FMCG,95,120,0,45,60,18,5,1.43,0.9,Autumn,None,Central India,26.32,5400.0,1125.0,4275,9,2023,1,4,1,3,0,0,1.263,42,2023-09-01
Parle-G 800g,FMCG,45,58,0,73,211,48,2,0.67,0.92,Autumn,None,Central India,28.89,4234.0,949.0,3285,9,2023,1,4,1,3,0,0,1.289,163,2023-09-01
Good Day Biscuit 250g,FMCG,28,38,0,74,127,34,2,0.42,0.88,Autumn,None,Central India,35.71,2812.0,740.0,2072,9,2023,1,4,1,3,0,0,1.357,93,2023-09-01
Hide & Seek 100g,FMCG,32,45,0,43,91,24,7,0.48,0.9,Autumn,None,Central India,40.62,1935.0,559.0,1376,9,2023,1,4,1,3,0,0,1.406,67,2023-09-01
Maggi Noodles 70g,FMCG,12,15,0,170,259,60,1,0.18,0.9,Autumn,None,Central India,25.0,2550.0,510.0,2040,9,2023,1,4,1,3,0,0,1.25,199,2023-09-01
Maggi Noodles 4-Pack,FMCG,52,65,0,114,109,36,5,0.78,0.88,Autumn,None,Central India,25.0,7410.0,1482.0,5928,9,2023,1,4,1,3,0,0,1.25,73,2023-09-01
Lay's Chips 26g,FMCG,15,20,0,182,234,80,1,0.22,0.95,Autumn,None,Central India,33.33,3640.0,910.0,2730,9,2023,1,4,1,3,0,0,1.333,154,2023-09-01
Kurkure 65g,FMCG,18,25,0,179,165,70,2,0.27,0.88,Autumn,None,Central India,38.89,4475.0,1253.0,3222,9,2023,1,4,1,3,0,0,1.389,95,2023-09-01
Haldirams Namkeen 200g,FMCG,55,75,0,161,166,38,5,0.82,0.88,Autumn,Navratri,Central India,36.36,12075.0,3220.0,8855,9,2023,1,4,1,3,0,1,1.364,128,2023-09-01
Haldirams Mixture 400g,FMCG,110,148,0,42,103,28,1,1.65,0.75,Autumn,None,Central India,34.55,6216.0,1596.0,4620,9,2023,1,4,1,3,0,0,1.345,75,2023-09-01
Frooti 200ml,FMCG,12,15,0,174,60,100,5,0.18,0.8,Autumn,None,Central India,25.0,2610.0,522.0,2088,9,2023,1,4,1,3,0,0,1.25,-40,2023-09-01
Maaza 250ml,FMCG,18,22,0,167,124,80,2,0.27,0.8,Autumn,None,Central India,22.22,3674.0,668.0,3006,9,2023,1,4,1,3,0,0,1.222,44,2023-09-01
Thums Up 600ml,FMCG,38,45,0,187,229,72,2,0.57,0.92,Autumn,None,Central India,18.42,8415.0,1309.0,7106,9,2023,1,4,1,3,0,0,1.184,157,2023-09-01
Limca 600ml,FMCG,35,42,0,174,220,60,1,0.53,0.95,Autumn,None,Central India,20.0,7308.0,1218.0,6090,9,2023,1,4,1,3,0,0,1.2,160,2023-09-01
Glucon-D 200g,FMCG,55,72,0,69,174,26,3,0.82,0.8,Autumn,None,Central India,30.91,4968.0,1173.0,3795,9,2023,1,4,1,3,0,0,1.309,148,2023-09-01
ORS Sachets (5pc),FMCG,22,30,0,50,112,18,4,0.33,0.85,Autumn,None,Central India,36.36,1500.0,400.0,1100,9,2023,1,4,1,3,0,0,1.364,94,2023-09-01
Vim Bar 200g,FMCG,25,32,0,47,100,24,1,0.38,0.92,Autumn,None,Central India,28.0,1504.0,329.0,1175,9,2023,1,4,1,3,0,0,1.28,76,2023-09-01
Harpic 500ml,FMCG,75,98,0,35,287,14,2,1.12,0.85,Autumn,None,Central India,30.67,3430.0,805.0,2625,9,2023,1,4,1,3,0,0,1.307,273,2023-09-01
Dettol 250ml,FMCG,68,88,0,66,232,18,4,1.02,0.75,Autumn,None,Central India,29.41,5808.0,1320.0,4488,9,2023,1,4,1,3,0,0,1.294,214,2023-09-01
Hajmola 100 Tabs,FMCG,45,60,0,50,146,22,5,0.67,0.75,Autumn,None,Central India,33.33,3000.0,750.0,2250,9,2023,1,4,1,3,0,0,1.333,124,2023-09-01
Vicks 10g,FMCG,35,48,0,46,296,16,4,0.53,0.85,Autumn,None,Central India,37.14,2208.0,598.0,1610,9,2023,1,4,1,3,0,0,1.371,280,2023-09-01
Eno Sachet (6pc),FMCG,28,38,0,61,165,20,3,0.42,0.85,Autumn,None,Central India,35.71,2318.0,610.0,1708,9,2023,1,4,1,3,0,0,1.357,145,2023-09-01
Diya Set 12pc,FMCG,38,65,0,36,49,10,3,0.57,0.88,Autumn,Navratri,Central India,71.05,2340.0,972.0,1368,9,2023,1,4,1,3,0,1,1.711,39,2023-09-01
Gulal Colors 100g,FMCG,22,40,0,4,214,10,3,0.33,0.88,Autumn,None,Central India,81.82,160.0,72.0,88,9,2023,1,4,1,3,0,0,1.818,204,2023-09-01
Agarbatti Pack 20pc,FMCG,25,35,0,97,67,20,7,0.38,0.8,Autumn,Navratri,Central India,40.0,3395.0,970.0,2425,9,2023,1,4,1,3,0,1,1.4,47,2023-09-01
Camphor Tablets 25g,FMCG,28,40,0,100,137,14,3,0.42,0.88,Autumn,Navratri,Central India,42.86,4000.0,1200.0,2800,9,2023,1,4,1,3,0,1,1.429,123,2023-09-01
Mosquito Coil (10pc),FMCG,32,45,0,45,175,22,3,0.48,0.95,Autumn,None,Central India,40.62,2025.0,585.0,1440,9,2023,1,4,1,3,0,0,1.406,153,2023-09-01
All Out Refill,FMCG,88,115,0,50,215,16,3,1.32,0.75,Autumn,None,Central India,30.68,5750.0,1350.0,4400,9,2023,1,4,1,3,0,0,1.307,199,2023-09-01
Classmate Notebook 200pg,Stationery,48,65,0,66,176,32,2,0.72,0.88,Autumn,None,Central India,35.42,4290.0,1122.0,3168,9,2023,1,4,1,3,0,0,1.354,144,2023-09-01
Reynolds Pen (10pc),Stationery,35,50,0,87,145,38,2,0.53,0.75,Autumn,None,Central India,42.86,4350.0,1305.0,3045,9,2023,1,4,1,3,0,0,1.429,107,2023-09-01
Apsara Pencil (10pc),Stationery,15,22,0,85,223,28,4,0.22,0.75,Autumn,None,Central India,46.67,1870.0,595.0,1275,9,2023,1,4,1,3,0,0,1.467,195,2023-09-01
Fevicol 50g,Stationery,20,28,0,45,50,18,3,0.3,0.75,Autumn,None,Central India,40.0,1260.0,360.0,900,9,2023,1,4,1,3,0,0,1.4,32,2023-09-01
Stapler Small,Stationery,45,65,0,19,86,10,2,0.67,0.9,Autumn,None,Central India,44.44,1235.0,380.0,855,9,2023,1,4,1,3,0,0,1.444,76,2023-09-01
Register A4 100pg,Stationery,35,50,0,23,279,12,2,0.53,0.85,Autumn,None,Central India,42.86,1150.0,345.0,805,9,2023,1,4,1,3,0,0,1.429,267,2023-09-01
Sketch Pens (12pc),Stationery,32,48,0,23,281,14,2,0.48,0.9,Autumn,None,Central India,50.0,1104.0,368.0,736,9,2023,1,4,1,3,0,0,1.5,267,2023-09-01
Scale 30cm,Stationery,8,12,0,29,264,16,4,0.12,0.8,Autumn,None,Central India,50.0,348.0,116.0,232,9,2023,1,4,1,3,0,0,1.5,248,2023-09-01
Eraser Apsara,Stationery,4,7,0,58,106,24,4,0.06,0.88,Autumn,None,Central India,75.0,406.0,174.0,232,9,2023,1,4,1,3,0,0,1.75,82,2023-09-01
Tape Roll,Stationery,18,28,0,31,293,12,3,0.27,0.75,Autumn,None,Central India,55.56,868.0,310.0,558,9,2023,1,4,1,3,0,0,1.556,281,2023-09-01
Eveready Battery AA 4pc,Electronics,55,75,0,44,128,18,7,0.82,0.92,Autumn,None,Central India,36.36,3300.0,880.0,2420,9,2023,1,4,1,3,0,0,1.364,110,2023-09-01
Eveready Battery D 2pc,Electronics,65,90,0,32,87,12,3,0.97,0.9,Autumn,None,Central India,38.46,2880.0,800.0,2080,9,2023,1,4,1,3,0,0,1.385,75,2023-09-01
CFL Bulb 9W Bajaj,Electronics,65,90,0,36,61,10,2,0.97,0.9,Autumn,None,Central India,38.46,3240.0,900.0,2340,9,2023,1,4,1,3,0,0,1.385,51,2023-09-01
LED Bulb 9W Philips,Electronics,95,130,0,20,70,12,2,1.43,0.75,Autumn,None,Central India,36.84,2600.0,700.0,1900,9,2023,1,4,1,3,0,0,1.368,58,2023-09-01
Extension Cord 5m,Electronics,175,240,0,20,40,10,3,2.62,0.85,Autumn,None,Central India,37.14,4800.0,1300.0,3500,9,2023,1,4,1,3,0,0,1.371,30,2023-09-01
Phone Charging Cable,Electronics,65,100,0,35,111,14,5,0.97,0.9,Autumn,None,Central India,53.85,3500.0,1225.0,2275,9,2023,1,4,1,3,0,0,1.538,97,2023-09-01
Earphones Basic,Electronics,85,140,0,34,158,10,3,1.27,0.85,Autumn,None,Central India,64.71,4760.0,1870.0,2890,9,2023,1,4,1,3,0,0,1.647,148,2023-09-01
Gamcha (Cotton Towel),Fashion,55,80,0,33,292,16,2,0.82,0.88,Autumn,None,Central India,45.45,2640.0,825.0,1815,9,2023,1,4,1,3,0,0,1.455,276,2023-09-01
Socks Cotton (3 pair),Fashion,55,80,0,28,171,14,2,0.82,0.85,Autumn,None,Central India,45.45,2240.0,700.0,1540,9,2023,1,4,1,3,0,0,1.455,157,2023-09-01
Handkerchief 3pc,Fashion,30,45,0,23,184,12,5,0.45,0.9,Autumn,None,Central India,50.0,1035.0,345.0,690,9,2023,1,4,1,3,0,0,1.5,172,2023-09-01
Banyan Vest Cotton,Fashion,75,110,0,30,120,12,3,1.12,0.92,Autumn,None,Central India,46.67,3300.0,1050.0,2250,9,2023,1,4,1,3,0,0,1.467,108,2023-09-01
Dupatta Plain,Fashion,95,150,10,68,110,10,3,1.43,0.8,Autumn,Navratri,Central India,57.89,9180.0,2720.0,6460,9,2023,1,4,1,3,0,1,1.579,100,2023-09-01
Salwar Suit Cotton,Fashion,280,450,0,62,168,10,4,4.2,0.85,Autumn,Navratri,Central India,60.71,27900.0,10540.0,17360,9,2023,1,4,1,3,0,1,1.607,158,2023-09-01
Kurta Men Cotton,Fashion,195,320,0,23,24,10,1,2.92,0.88,Autumn,None,Central India,64.1,7360.0,2875.0,4485,9,2023,1,4,1,3,0,0,1.641,14,2023-09-01
Urea Fertilizer 1kg,Agriculture,35,50,0,36,89,16,1,0.53,0.85,Autumn,None,Central India,42.86,1800.0,540.0,1260,9,2023,1,4,1,3,0,0,1.429,73,2023-09-01
DAP Fertilizer 1kg,Agriculture,55,75,0,29,166,12,2,0.82,0.88,Autumn,None,Central India,36.36,2175.0,580.0,1595,9,2023,1,4,1,3,0,0,1.364,154,2023-09-01
Neem Pesticide 100ml,Agriculture,65,95,0,30,202,10,2,0.97,0.88,Autumn,None,Central India,46.15,2850.0,900.0,1950,9,2023,1,4,1,3,0,0,1.462,192,2023-09-01
Garden Pump Sprayer 1L,Agriculture,145,210,0,14,121,10,2,2.17,0.75,Autumn,None,Central India,44.83,2940.0,910.0,2030,9,2023,1,4,1,3,0,0,1.448,111,2023-09-01
Vegetable Seeds Packet,Agriculture,28,45,0,23,222,14,7,0.42,0.75,Autumn,None,Central India,60.71,1035.0,391.0,644,9,2023,1,4,1,3,0,0,1.607,208,2023-09-01
Basmati Rice 5kg,Grocery,280,340,0,206,198,34,3,4.2,0.92,Autumn,Diwali,Central India,21.43,70040.0,12360.0,57680,10,2023,1,6,1,4,1,1,1.214,164,2023-10-01
Atta Aashirvaad 10kg,Grocery,330,390,0,86,258,38,3,4.95,0.95,Autumn,Diwali,Central India,18.18,33540.0,5160.0,28380,10,2023,1,6,1,4,1,1,1.182,220,2023-10-01
Toor Dal 1kg,Grocery,130,155,0,83,67,30,5,1.95,0.75,Autumn,Diwali,Central India,19.23,12865.0,2075.0,10790,10,2023,1,6,1,4,1,1,1.192,37,2023-10-01
Chana Dal 1kg,Grocery,90,112,0,45,166,24,5,1.35,0.92,Autumn,None,Central India,24.44,5040.0,990.0,4050,10,2023,1,6,1,4,1,0,1.244,142,2023-10-01
Mustard Oil 1L,Grocery,155,185,2,114,32,28,5,2.32,0.92,Autumn,Diwali,Central India,19.35,20668.2,2998.2,17670,10,2023,1,6,1,4,1,1,1.194,4,2023-10-01
Refined Oil Soya 5L,Grocery,580,680,0,90,41,20,3,8.7,0.92,Autumn,Diwali,Central India,17.24,61200.0,9000.0,52200,10,2023,1,6,1,4,1,1,1.172,21,2023-10-01
Sugar 1kg,Grocery,42,50,0,202,73,48,2,0.63,0.8,Autumn,Diwali,Central India,19.05,10100.0,1616.0,8484,10,2023,1,6,1,4,1,1,1.19,25,2023-10-01
Salt Tata 1kg,Grocery,18,22,0,113,223,36,2,0.27,0.75,Autumn,None,Central India,22.22,2486.0,452.0,2034,10,2023,1,6,1,4,1,0,1.222,187,2023-10-01
Poha 500g,Grocery,28,36,0,67,171,22,2,0.42,0.92,Autumn,None,Central India,28.57,2412.0,536.0,1876,10,2023,1,6,1,4,1,0,1.286,149,2023-10-01
Maida 1kg,Grocery,32,40,2,89,44,18,3,0.48,0.75,Autumn,Diwali,Central India,25.0,3488.8,640.8,2848,10,2023,1,6,1,4,1,1,1.25,26,2023-10-01
Besan 500g,Grocery,38,48,2,115,251,16,7,0.57,0.9,Autumn,Diwali,Central India,26.32,5409.6,1039.6,4370,10,2023,1,6,1,4,1,1,1.263,235,2023-10-01
Rajma 500g,Grocery,65,82,0,37,276,14,3,0.97,0.85,Autumn,None,Central India,26.15,3034.0,629.0,2405,10,2023,1,6,1,4,1,0,1.262,262,2023-10-01
Haldi Powder 100g,Grocery,28,38,0,54,213,20,5,0.42,0.95,Autumn,None,Central India,35.71,2052.0,540.0,1512,10,2023,1,6,1,4,1,0,1.357,193,2023-10-01
Red Chilli Powder 100g,Grocery,30,42,0,40,279,19,4,0.45,0.95,Autumn,None,Central India,40.0,1680.0,480.0,1200,10,2023,1,6,1,4,1,0,1.4,260,2023-10-01
Coriander Powder 100g,Grocery,22,32,0,44,94,18,2,0.33,0.85,Autumn,None,Central India,45.45,1408.0,440.0,968,10,2023,1,6,1,4,1,0,1.455,76,2023-10-01
Tea Brooke Bond 500g,Grocery,175,215,0,95,64,32,3,2.62,0.85,Autumn,None,Central India,22.86,20425.0,3800.0,16625,10,2023,1,6,1,4,1,0,1.229,32,2023-10-01
Tea Tata Gold 250g,Grocery,105,130,0,87,142,26,4,1.57,0.8,Autumn,None,Central India,23.81,11310.0,2175.0,9135,10,2023,1,6,1,4,1,0,1.238,116,2023-10-01
Dry Coconut 200g,Grocery,95,125,0,84,163,12,4,1.43,0.88,Autumn,Diwali,Central India,31.58,10500.0,2520.0,7980,10,2023,1,6,1,4,1,1,1.316,151,2023-10-01
Saunf 100g,Grocery,22,30,0,29,32,14,7,0.33,0.95,Autumn,None,Central India,36.36,870.0,232.0,638,10,2023,1,6,1,4,1,0,1.364,18,2023-10-01
Lifebuoy Soap 100g,FMCG,28,36,0,96,234,36,4,0.42,0.92,Autumn,None,Central India,28.57,3456.0,768.0,2688,10,2023,1,6,1,4,1,0,1.286,198,2023-10-01
Lux Soap 75g,FMCG,32,42,0,65,74,28,2,0.48,0.92,Autumn,None,Central India,31.25,2730.0,650.0,2080,10,2023,1,6,1,4,1,0,1.312,46,2023-10-01
Colgate 200g,FMCG,82,100,0,61,252,26,4,1.23,0.9,Autumn,None,Central India,21.95,6100.0,1098.0,5002,10,2023,1,6,1,4,1,0,1.22,226,2023-10-01
Pepsodent 200g,FMCG,75,92,0,35,288,22,3,1.12,0.85,Autumn,None,Central India,22.67,3220.0,595.0,2625,10,2023,1,6,1,4,1,0,1.227,266,2023-10-01
Clinic Plus Shampoo 80ml,FMCG,55,72,0,62,233,20,5,0.82,0.75,Autumn,None,Central India,30.91,4464.0,1054.0,3410,10,2023,1,6,1,4,1,0,1.309,213,2023-10-01
Sunsilk Shampoo 80ml,FMCG,58,75,0,34,202,18,5,0.87,0.92,Autumn,None,Central India,29.31,2550.0,578.0,1972,10,2023,1,6,1,4,1,0,1.293,184,2023-10-01
Surf Excel 1kg,FMCG,130,165,0,95,167,22,7,1.95,0.8,Autumn,Diwali,Central India,26.92,15675.0,3325.0,12350,10,2023,1,6,1,4,1,1,1.269,145,2023-10-01
Ariel 500g,FMCG,95,120,0,43,33,18,2,1.43,0.88,Autumn,None,Central India,26.32,5160.0,1075.0,4085,10,2023,1,6,1,4,1,0,1.263,15,2023-10-01
Parle-G 800g,FMCG,45,58,0,103,41,48,4,0.67,0.95,Autumn,None,Central India,28.89,5974.0,1339.0,4635,10,2023,1,6,1,4,1,0,1.289,-7,2023-10-01
Good Day Biscuit 250g,FMCG,28,38,0,69,279,34,3,0.42,0.85,Autumn,None,Central India,35.71,2622.0,690.0,1932,10,2023,1,6,1,4,1,0,1.357,245,2023-10-01
Hide & Seek 100g,FMCG,32,45,0,52,138,24,5,0.48,0.92,Autumn,None,Central India,40.62,2340.0,676.0,1664,10,2023,1,6,1,4,1,0,1.406,114,2023-10-01
Maggi Noodles 70g,FMCG,12,15,0,174,267,60,2,0.18,0.95,Autumn,None,Central India,25.0,2610.0,522.0,2088,10,2023,1,6,1,4,1,0,1.25,207,2023-10-01
Maggi Noodles 4-Pack,FMCG,52,65,0,79,115,36,4,0.78,0.92,Autumn,None,Central India,25.0,5135.0,1027.0,4108,10,2023,1,6,1,4,1,0,1.25,79,2023-10-01
Lay's Chips 26g,FMCG,15,20,0,200,228,80,5,0.22,0.8,Autumn,None,Central India,33.33,4000.0,1000.0,3000,10,2023,1,6,1,4,1,0,1.333,148,2023-10-01
Kurkure 65g,FMCG,18,25,0,109,176,70,3,0.27,0.85,Autumn,None,Central India,38.89,2725.0,763.0,1962,10,2023,1,6,1,4,1,0,1.389,106,2023-10-01
Haldirams Namkeen 200g,FMCG,55,75,0,262,126,38,2,0.82,0.75,Autumn,Diwali,Central India,36.36,19650.0,5240.0,14410,10,2023,1,6,1,4,1,1,1.364,88,2023-10-01
Haldirams Mixture 400g,FMCG,110,148,0,223,160,28,2,1.65,0.75,Autumn,Diwali,Central India,34.55,33004.0,8474.0,24530,10,2023,1,6,1,4,1,1,1.345,132,2023-10-01
Frooti 200ml,FMCG,12,15,0,289,217,100,7,0.18,0.88,Autumn,None,Central India,25.0,4335.0,867.0,3468,10,2023,1,6,1,4,1,0,1.25,117,2023-10-01
Maaza 250ml,FMCG,18,22,0,173,237,80,3,0.27,0.75,Autumn,None,Central India,22.22,3806.0,692.0,3114,10,2023,1,6,1,4,1,0,1.222,157,2023-10-01
Thums Up 600ml,FMCG,38,45,0,191,236,72,7,0.57,0.95,Autumn,None,Central India,18.42,8595.0,1337.0,7258,10,2023,1,6,1,4,1,0,1.184,164,2023-10-01
Limca 600ml,FMCG,35,42,0,176,43,60,3,0.53,0.85,Autumn,None,Central India,20.0,7392.0,1232.0,6160,10,2023,1,6,1,4,1,0,1.2,-17,2023-10-01
Glucon-D 200g,FMCG,55,72,0,79,292,26,3,0.82,0.95,Autumn,None,Central India,30.91,5688.0,1343.0,4345,10,2023,1,6,1,4,1,0,1.309,266,2023-10-01
ORS Sachets (5pc),FMCG,22,30,0,63,120,18,4,0.33,0.95,Autumn,None,Central India,36.36,1890.0,504.0,1386,10,2023,1,6,1,4,1,0,1.364,102,2023-10-01
Vim Bar 200g,FMCG,25,32,0,55,47,24,7,0.38,0.75,Autumn,None,Central India,28.0,1760.0,385.0,1375,10,2023,1,6,1,4,1,0,1.28,23,2023-10-01
Harpic 500ml,FMCG,75,98,0,43,246,14,3,1.12,0.75,Autumn,Diwali,Central India,30.67,4214.0,989.0,3225,10,2023,1,6,1,4,1,1,1.307,232,2023-10-01
Dettol 250ml,FMCG,68,88,0,44,32,18,2,1.02,0.9,Autumn,None,Central India,29.41,3872.0,880.0,2992,10,2023,1,6,1,4,1,0,1.294,14,2023-10-01
Hajmola 100 Tabs,FMCG,45,60,0,58,35,22,1,0.67,0.75,Autumn,None,Central India,33.33,3480.0,870.0,2610,10,2023,1,6,1,4,1,0,1.333,13,2023-10-01
Vicks 10g,FMCG,35,48,0,42,185,16,2,0.53,0.92,Autumn,None,Central India,37.14,2016.0,546.0,1470,10,2023,1,6,1,4,1,0,1.371,169,2023-10-01
Eno Sachet (6pc),FMCG,28,38,0,47,128,20,5,0.42,0.9,Autumn,None,Central India,35.71,1786.0,470.0,1316,10,2023,1,6,1,4,1,0,1.357,108,2023-10-01
Diya Set 12pc,FMCG,38,65,2,153,235,10,7,0.57,0.95,Autumn,Diwali,Central India,71.05,9746.1,3932.1,5814,10,2023,1,6,1,4,1,1,1.711,225,2023-10-01
Gulal Colors 100g,FMCG,22,40,0,5,168,10,3,0.33,0.92,Autumn,None,Central India,81.82,200.0,90.0,110,10,2023,1,6,1,4,1,0,1.818,158,2023-10-01
Agarbatti Pack 20pc,FMCG,25,35,10,111,40,20,3,0.38,0.85,Autumn,Diwali,Central India,40.0,3496.5,721.5,2775,10,2023,1,6,1,4,1,1,1.4,20,2023-10-01
Camphor Tablets 25g,FMCG,28,40,5,94,72,14,3,0.42,0.95,Autumn,Diwali,Central India,42.86,3572.0,940.0,2632,10,2023,1,6,1,4,1,1,1.429,58,2023-10-01
Mosquito Coil (10pc),FMCG,32,45,0,53,72,22,2,0.48,0.92,Autumn,None,Central India,40.62,2385.0,689.0,1696,10,2023,1,6,1,4,1,0,1.406,50,2023-10-01
All Out Refill,FMCG,88,115,0,42,277,16,4,1.32,0.75,Autumn,None,Central India,30.68,4830.0,1134.0,3696,10,2023,1,6,1,4,1,0,1.307,261,2023-10-01
Classmate Notebook 200pg,Stationery,48,65,0,77,157,32,2,0.72,0.75,Autumn,None,Central India,35.42,5005.0,1309.0,3696,10,2023,1,6,1,4,1,0,1.354,125,2023-10-01
Reynolds Pen (10pc),Stationery,35,50,0,80,287,38,4,0.53,0.88,Autumn,None,Central India,42.86,4000.0,1200.0,2800,10,2023,1,6,1,4,1,0,1.429,249,2023-10-01
Apsara Pencil (10pc),Stationery,15,22,0,85,43,28,3,0.22,0.85,Autumn,None,Central India,46.67,1870.0,595.0,1275,10,2023,1,6,1,4,1,0,1.467,15,2023-10-01
Fevicol 50g,Stationery,20,28,0,56,138,18,3,0.3,0.95,Autumn,None,Central India,40.0,1568.0,448.0,1120,10,2023,1,6,1,4,1,0,1.4,120,2023-10-01
Stapler Small,Stationery,45,65,0,18,123,10,3,0.67,0.8,Autumn,None,Central India,44.44,1170.0,360.0,810,10,2023,1,6,1,4,1,0,1.444,113,2023-10-01
Register A4 100pg,Stationery,35,50,0,31,189,12,2,0.53,0.95,Autumn,None,Central India,42.86,1550.0,465.0,1085,10,2023,1,6,1,4,1,0,1.429,177,2023-10-01
Sketch Pens (12pc),Stationery,32,48,0,41,241,14,1,0.48,0.8,Autumn,None,Central India,50.0,1968.0,656.0,1312,10,2023,1,6,1,4,1,0,1.5,227,2023-10-01
Scale 30cm,Stationery,8,12,0,38,243,16,3,0.12,0.75,Autumn,None,Central India,50.0,456.0,152.0,304,10,2023,1,6,1,4,1,0,1.5,227,2023-10-01
Eraser Apsara,Stationery,4,7,0,46,52,24,5,0.06,0.8,Autumn,None,Central India,75.0,322.0,138.0,184,10,2023,1,6,1,4,1,0,1.75,28,2023-10-01
Tape Roll,Stationery,18,28,0,33,31,12,7,0.27,0.85,Autumn,None,Central India,55.56,924.0,330.0,594,10,2023,1,6,1,4,1,0,1.556,19,2023-10-01
Eveready Battery AA 4pc,Electronics,55,75,0,70,154,18,3,0.82,0.95,Autumn,Diwali,Central India,36.36,5250.0,1400.0,3850,10,2023,1,6,1,4,1,1,1.364,136,2023-10-01
Eveready Battery D 2pc,Electronics,65,90,0,32,283,12,1,0.97,0.95,Autumn,None,Central India,38.46,2880.0,800.0,2080,10,2023,1,6,1,4,1,0,1.385,271,2023-10-01
CFL Bulb 9W Bajaj,Electronics,65,90,0,101,64,10,4,0.97,0.85,Autumn,Diwali,Central India,38.46,9090.0,2525.0,6565,10,2023,1,6,1,4,1,1,1.385,54,2023-10-01
LED Bulb 9W Philips,Electronics,95,130,5,69,245,12,3,1.43,0.9,Autumn,Diwali,Central India,36.84,8521.5,1966.5,6555,10,2023,1,6,1,4,1,1,1.368,233,2023-10-01
Extension Cord 5m,Electronics,175,240,0,26,237,10,3,2.62,0.8,Autumn,Diwali,Central India,37.14,6240.0,1690.0,4550,10,2023,1,6,1,4,1,1,1.371,227,2023-10-01
Phone Charging Cable,Electronics,65,100,0,48,162,14,7,0.97,0.88,Autumn,None,Central India,53.85,4800.0,1680.0,3120,10,2023,1,6,1,4,1,0,1.538,148,2023-10-01
Earphones Basic,Electronics,85,140,0,26,297,10,1,1.27,0.75,Autumn,None,Central India,64.71,3640.0,1430.0,2210,10,2023,1,6,1,4,1,0,1.647,287,2023-10-01
Gamcha (Cotton Towel),Fashion,55,80,0,35,45,16,1,0.82,0.8,Autumn,None,Central India,45.45,2800.0,875.0,1925,10,2023,1,6,1,4,1,0,1.455,29,2023-10-01
Socks Cotton (3 pair),Fashion,55,80,0,31,286,14,3,0.82,0.9,Autumn,None,Central India,45.45,2480.0,775.0,1705,10,2023,1,6,1,4,1,0,1.455,272,2023-10-01
Handkerchief 3pc,Fashion,30,45,0,34,68,12,5,0.45,0.88,Autumn,None,Central India,50.0,1530.0,510.0,1020,10,2023,1,6,1,4,1,0,1.5,56,2023-10-01
Banyan Vest Cotton,Fashion,75,110,0,30,121,12,7,1.12,0.92,Autumn,None,Central India,46.67,3300.0,1050.0,2250,10,2023,1,6,1,4,1,0,1.467,109,2023-10-01
Dupatta Plain,Fashion,95,150,0,82,261,10,2,1.43,0.75,Autumn,Navratri,Central India,57.89,12300.0,4510.0,7790,10,2023,1,6,1,4,1,1,1.579,251,2023-10-01
Salwar Suit Cotton,Fashion,280,450,0,59,103,10,3,4.2,0.75,Autumn,Navratri,Central India,60.71,26550.0,10030.0,16520,10,2023,1,6,1,4,1,1,1.607,93,2023-10-01
Kurta Men Cotton,Fashion,195,320,0,36,245,10,5,2.92,0.9,Autumn,Diwali,Central India,64.1,11520.0,4500.0,7020,10,2023,1,6,1,4,1,1,1.641,235,2023-10-01
Urea Fertilizer 1kg,Agriculture,35,50,0,38,141,16,3,0.53,0.92,Autumn,None,Central India,42.86,1900.0,570.0,1330,10,2023,1,6,1,4,1,0,1.429,125,2023-10-01
DAP Fertilizer 1kg,Agriculture,55,75,0,28,105,12,4,0.82,0.8,Autumn,None,Central India,36.36,2100.0,560.0,1540,10,2023,1,6,1,4,1,0,1.364,93,2023-10-01
Neem Pesticide 100ml,Agriculture,65,95,0,23,97,10,2,0.97,0.92,Autumn,None,Central India,46.15,2185.0,690.0,1495,10,2023,1,6,1,4,1,0,1.462,87,2023-10-01
Garden Pump Sprayer 1L,Agriculture,145,210,0,13,25,10,3,2.17,0.88,Autumn,None,Central India,44.83,2730.0,845.0,1885,10,2023,1,6,1,4,1,0,1.448,15,2023-10-01
Vegetable Seeds Packet,Agriculture,28,45,0,34,254,14,3,0.42,0.75,Autumn,None,Central India,60.71,1530.0,578.0,952,10,2023,1,6,1,4,1,0,1.607,240,2023-10-01
Basmati Rice 5kg,Grocery,280,340,0,63,89,34,1,4.2,0.88,Winter,None,Central India,21.43,21420.0,3780.0,17640,11,2023,1,2,1,4,0,0,1.214,55,2023-11-01
Atta Aashirvaad 10kg,Grocery,330,390,0,126,271,38,7,4.95,0.85,Winter,None,Central India,18.18,49140.0,7560.0,41580,11,2023,1,2,1,4,0,0,1.182,233,2023-11-01
Toor Dal 1kg,Grocery,130,155,0,75,158,30,3,1.95,0.75,Winter,None,Central India,19.23,11625.0,1875.0,9750,11,2023,1,2,1,4,0,0,1.192,128,2023-11-01
Chana Dal 1kg,Grocery,90,112,0,63,293,24,2,1.35,0.95,Winter,None,Central India,24.44,7056.0,1386.0,5670,11,2023,1,2,1,4,0,0,1.244,269,2023-11-01
Mustard Oil 1L,Grocery,155,185,0,94,173,28,4,2.32,0.88,Winter,None,Central India,19.35,17390.0,2820.0,14570,11,2023,1,2,1,4,0,0,1.194,145,2023-11-01
Refined Oil Soya 5L,Grocery,580,680,0,44,127,20,2,8.7,0.9,Winter,None,Central India,17.24,29920.0,4400.0,25520,11,2023,1,2,1,4,0,0,1.172,107,2023-11-01
Sugar 1kg,Grocery,42,50,0,120,266,48,7,0.63,0.9,Winter,None,Central India,19.05,6000.0,960.0,5040,11,2023,1,2,1,4,0,0,1.19,218,2023-11-01
Salt Tata 1kg,Grocery,18,22,0,99,27,36,4,0.27,0.88,Winter,None,Central India,22.22,2178.0,396.0,1782,11,2023,1,2,1,4,0,0,1.222,-9,2023-11-01
Poha 500g,Grocery,28,36,0,62,58,22,1,0.42,0.85,Winter,None,Central India,28.57,2232.0,496.0,1736,11,2023,1,2,1,4,0,0,1.286,36,2023-11-01
Maida 1kg,Grocery,32,40,0,48,103,18,7,0.48,0.8,Winter,None,Central India,25.0,1920.0,384.0,1536,11,2023,1,2,1,4,0,0,1.25,85,2023-11-01
Besan 500g,Grocery,38,48,0,47,156,16,3,0.57,0.8,Winter,None,Central India,26.32,2256.0,470.0,1786,11,2023,1,2,1,4,0,0,1.263,140,2023-11-01
Rajma 500g,Grocery,65,82,0,80,55,14,3,0.97,0.88,Winter,None,Central India,26.15,6560.0,1360.0,5200,11,2023,1,2,1,4,0,0,1.262,41,2023-11-01
Haldi Powder 100g,Grocery,28,38,0,38,271,20,7,0.42,0.8,Winter,None,Central India,35.71,1444.0,380.0,1064,11,2023,1,2,1,4,0,0,1.357,251,2023-11-01
Red Chilli Powder 100g,Grocery,30,42,0,53,74,19,7,0.45,0.85,Winter,None,Central India,40.0,2226.0,636.0,1590,11,2023,1,2,1,4,0,0,1.4,55,2023-11-01
Coriander Powder 100g,Grocery,22,32,0,38,160,18,3,0.33,0.8,Winter,None,Central India,45.45,1216.0,380.0,836,11,2023,1,2,1,4,0,0,1.455,142,2023-11-01
Tea Brooke Bond 500g,Grocery,175,215,0,102,247,32,1,2.62,0.92,Winter,None,Central India,22.86,21930.0,4080.0,17850,11,2023,1,2,1,4,0,0,1.229,215,2023-11-01
Tea Tata Gold 250g,Grocery,105,130,0,103,148,26,7,1.57,0.75,Winter,None,Central India,23.81,13390.0,2575.0,10815,11,2023,1,2,1,4,0,0,1.238,122,2023-11-01
Dry Coconut 200g,Grocery,95,125,0,29,112,12,5,1.43,0.75,Winter,None,Central India,31.58,3625.0,870.0,2755,11,2023,1,2,1,4,0,0,1.316,100,2023-11-01
Saunf 100g,Grocery,22,30,0,30,113,14,2,0.33,0.85,Winter,None,Central India,36.36,900.0,240.0,660,11,2023,1,2,1,4,0,0,1.364,99,2023-11-01
Lifebuoy Soap 100g,FMCG,28,36,0,93,132,36,5,0.42,0.85,Winter,None,Central India,28.57,3348.0,744.0,2604,11,2023,1,2,1,4,0,0,1.286,96,2023-11-01
Lux Soap 75g,FMCG,32,42,0,79,192,28,3,0.48,0.9,Winter,None,Central India,31.25,3318.0,790.0,2528,11,2023,1,2,1,4,0,0,1.312,164,2023-11-01
Colgate 200g,FMCG,82,100,0,48,200,26,2,1.23,0.8,Winter,None,Central India,21.95,4800.0,864.0,3936,11,2023,1,2,1,4,0,0,1.22,174,2023-11-01
Pepsodent 200g,FMCG,75,92,0,43,77,22,2,1.12,0.9,Winter,None,Central India,22.67,3956.0,731.0,3225,11,2023,1,2,1,4,0,0,1.227,55,2023-11-01
Clinic Plus Shampoo 80ml,FMCG,55,72,0,56,135,20,5,0.82,0.8,Winter,None,Central India,30.91,4032.0,952.0,3080,11,2023,1,2,1,4,0,0,1.309,115,2023-11-01
Sunsilk Shampoo 80ml,FMCG,58,75,0,48,212,18,1,0.87,0.92,Winter,None,Central India,29.31,3600.0,816.0,2784,11,2023,1,2,1,4,0,0,1.293,194,2023-11-01
Surf Excel 1kg,FMCG,130,165,0,61,256,22,1,1.95,0.9,Winter,None,Central India,26.92,10065.0,2135.0,7930,11,2023,1,2,1,4,0,0,1.269,234,2023-11-01
Ariel 500g,FMCG,95,120,0,58,168,18,2,1.43,0.88,Winter,None,Central India,26.32,6960.0,1450.0,5510,11,2023,1,2,1,4,0,0,1.263,150,2023-11-01
Parle-G 800g,FMCG,45,58,0,108,128,48,3,0.67,0.95,Winter,None,Central India,28.89,6264.0,1404.0,4860,11,2023,1,2,1,4,0,0,1.289,80,2023-11-01
Good Day Biscuit 250g,FMCG,28,38,0,82,151,34,5,0.42,0.8,Winter,None,Central India,35.71,3116.0,820.0,2296,11,2023,1,2,1,4,0,0,1.357,117,2023-11-01
Hide & Seek 100g,FMCG,32,45,0,69,103,24,5,0.48,0.8,Winter,None,Central India,40.62,3105.0,897.0,2208,11,2023,1,2,1,4,0,0,1.406,79,2023-11-01
Maggi Noodles 70g,FMCG,12,15,0,241,60,60,7,0.18,0.85,Winter,None,Central India,25.0,3615.0,723.0,2892,11,2023,1,2,1,4,0,0,1.25,0,2023-11-01
Maggi Noodles 4-Pack,FMCG,52,65,0,102,131,36,5,0.78,0.92,Winter,None,Central India,25.0,6630.0,1326.0,5304,11,2023,1,2,1,4,0,0,1.25,95,2023-11-01
Lay's Chips 26g,FMCG,15,20,0,106,299,80,2,0.22,0.95,Winter,None,Central India,33.33,2120.0,530.0,1590,11,2023,1,2,1,4,0,0,1.333,219,2023-11-01
Kurkure 65g,FMCG,18,25,0,181,208,70,3,0.27,0.8,Winter,None,Central India,38.89,4525.0,1267.0,3258,11,2023,1,2,1,4,0,0,1.389,138,2023-11-01
Haldirams Namkeen 200g,FMCG,55,75,0,83,23,38,2,0.82,0.8,Winter,None,Central India,36.36,6225.0,1660.0,4565,11,2023,1,2,1,4,0,0,1.364,-15,2023-11-01
Haldirams Mixture 400g,FMCG,110,148,0,85,200,28,7,1.65,0.88,Winter,None,Central India,34.55,12580.0,3230.0,9350,11,2023,1,2,1,4,0,0,1.345,172,2023-11-01
Frooti 200ml,FMCG,12,15,0,227,273,100,3,0.18,0.92,Winter,None,Central India,25.0,3405.0,681.0,2724,11,2023,1,2,1,4,0,0,1.25,173,2023-11-01
Maaza 250ml,FMCG,18,22,0,197,188,80,1,0.27,0.9,Winter,None,Central India,22.22,4334.0,788.0,3546,11,2023,1,2,1,4,0,0,1.222,108,2023-11-01
Thums Up 600ml,FMCG,38,45,0,202,157,72,7,0.57,0.95,Winter,None,Central India,18.42,9090.0,1414.0,7676,11,2023,1,2,1,4,0,0,1.184,85,2023-11-01
Limca 600ml,FMCG,35,42,0,80,122,60,4,0.53,0.9,Winter,None,Central India,20.0,3360.0,560.0,2800,11,2023,1,2,1,4,0,0,1.2,62,2023-11-01
Glucon-D 200g,FMCG,55,72,0,52,198,26,4,0.82,0.95,Winter,None,Central India,30.91,3744.0,884.0,2860,11,2023,1,2,1,4,0,0,1.309,172,2023-11-01
ORS Sachets (5pc),FMCG,22,30,0,38,57,18,2,0.33,0.95,Winter,None,Central India,36.36,1140.0,304.0,836,11,2023,1,2,1,4,0,0,1.364,39,2023-11-01
Vim Bar 200g,FMCG,25,32,0,48,49,24,4,0.38,0.9,Winter,None,Central India,28.0,1536.0,336.0,1200,11,2023,1,2,1,4,0,0,1.28,25,2023-11-01
Harpic 500ml,FMCG,75,98,0,46,44,14,7,1.12,0.85,Winter,None,Central India,30.67,4508.0,1058.0,3450,11,2023,1,2,1,4,0,0,1.307,30,2023-11-01
Dettol 250ml,FMCG,68,88,0,40,66,18,4,1.02,0.88,Winter,None,Central India,29.41,3520.0,800.0,2720,11,2023,1,2,1,4,0,0,1.294,48,2023-11-01
Hajmola 100 Tabs,FMCG,45,60,0,51,58,22,7,0.67,0.92,Winter,None,Central India,33.33,3060.0,765.0,2295,11,2023,1,2,1,4,0,0,1.333,36,2023-11-01
Vicks 10g,FMCG,35,48,0,126,260,16,7,0.53,0.85,Winter,None,Central India,37.14,6048.0,1638.0,4410,11,2023,1,2,1,4,0,0,1.371,244,2023-11-01
Eno Sachet (6pc),FMCG,28,38,0,34,221,20,7,0.42,0.85,Winter,None,Central India,35.71,1292.0,340.0,952,11,2023,1,2,1,4,0,0,1.357,201,2023-11-01
Diya Set 12pc,FMCG,38,65,0,8,158,10,7,0.57,0.8,Winter,None,Central India,71.05,520.0,216.0,304,11,2023,1,2,1,4,0,0,1.711,148,2023-11-01
Gulal Colors 100g,FMCG,22,40,0,3,233,10,1,0.33,0.75,Winter,None,Central India,81.82,120.0,54.0,66,11,2023,1,2,1,4,0,0,1.818,223,2023-11-01
Agarbatti Pack 20pc,FMCG,25,35,0,35,172,20,2,0.38,0.9,Winter,None,Central India,40.0,1225.0,350.0,875,11,2023,1,2,1,4,0,0,1.4,152,2023-11-01
Camphor Tablets 25g,FMCG,28,40,0,39,121,14,1,0.42,0.75,Winter,None,Central India,42.86,1560.0,468.0,1092,11,2023,1,2,1,4,0,0,1.429,107,2023-11-01
Mosquito Coil (10pc),FMCG,32,45,0,46,100,22,1,0.48,0.95,Winter,None,Central India,40.62,2070.0,598.0,1472,11,2023,1,2,1,4,0,0,1.406,78,2023-11-01
All Out Refill,FMCG,88,115,0,43,107,16,2,1.32,0.95,Winter,None,Central India,30.68,4945.0,1161.0,3784,11,2023,1,2,1,4,0,0,1.307,91,2023-11-01
Classmate Notebook 200pg,Stationery,48,65,0,75,20,32,5,0.72,0.95,Winter,None,Central India,35.42,4875.0,1275.0,3600,11,2023,1,2,1,4,0,0,1.354,-12,2023-11-01
Reynolds Pen (10pc),Stationery,35,50,0,125,186,38,3,0.53,0.92,Winter,None,Central India,42.86,6250.0,1875.0,4375,11,2023,1,2,1,4,0,0,1.429,148,2023-11-01
Apsara Pencil (10pc),Stationery,15,22,0,67,188,28,3,0.22,0.75,Winter,None,Central India,46.67,1474.0,469.0,1005,11,2023,1,2,1,4,0,0,1.467,160,2023-11-01
Fevicol 50g,Stationery,20,28,0,44,160,18,4,0.3,0.92,Winter,None,Central India,40.0,1232.0,352.0,880,11,2023,1,2,1,4,0,0,1.4,142,2023-11-01
Stapler Small,Stationery,45,65,0,16,82,10,1,0.67,0.88,Winter,None,Central India,44.44,1040.0,320.0,720,11,2023,1,2,1,4,0,0,1.444,72,2023-11-01
Register A4 100pg,Stationery,35,50,0,32,194,12,3,0.53,0.95,Winter,None,Central India,42.86,1600.0,480.0,1120,11,2023,1,2,1,4,0,0,1.429,182,2023-11-01
Sketch Pens (12pc),Stationery,32,48,0,69,119,14,7,0.48,0.88,Winter,Children's Day,Central India,50.0,3312.0,1104.0,2208,11,2023,1,2,1,4,0,1,1.5,105,2023-11-01
Scale 30cm,Stationery,8,12,0,43,62,16,3,0.12,0.85,Winter,None,Central India,50.0,516.0,172.0,344,11,2023,1,2,1,4,0,0,1.5,46,2023-11-01
Eraser Apsara,Stationery,4,7,0,59,235,24,2,0.06,0.9,Winter,None,Central India,75.0,413.0,177.0,236,11,2023,1,2,1,4,0,0,1.75,211,2023-11-01
Tape Roll,Stationery,18,28,0,32,187,12,2,0.27,0.9,Winter,None,Central India,55.56,896.0,320.0,576,11,2023,1,2,1,4,0,0,1.556,175,2023-11-01
Eveready Battery AA 4pc,Electronics,55,75,0,77,32,18,7,0.82,0.92,Winter,None,Central India,36.36,5775.0,1540.0,4235,11,2023,1,2,1,4,0,0,1.364,14,2023-11-01
Eveready Battery D 2pc,Electronics,65,90,0,30,166,12,3,0.97,0.85,Winter,None,Central India,38.46,2700.0,750.0,1950,11,2023,1,2,1,4,0,0,1.385,154,2023-11-01
CFL Bulb 9W Bajaj,Electronics,65,90,0,25,114,10,3,0.97,0.88,Winter,None,Central India,38.46,2250.0,625.0,1625,11,2023,1,2,1,4,0,0,1.385,104,2023-11-01
LED Bulb 9W Philips,Electronics,95,130,0,31,170,12,2,1.43,0.92,Winter,None,Central India,36.84,4030.0,1085.0,2945,11,2023,1,2,1,4,0,0,1.368,158,2023-11-01
Extension Cord 5m,Electronics,175,240,0,17,26,10,4,2.62,0.95,Winter,None,Central India,37.14,4080.0,1105.0,2975,11,2023,1,2,1,4,0,0,1.371,16,2023-11-01
Phone Charging Cable,Electronics,65,100,0,38,133,14,7,0.97,0.95,Winter,None,Central India,53.85,3800.0,1330.0,2470,11,2023,1,2,1,4,0,0,1.538,119,2023-11-01
Earphones Basic,Electronics,85,140,0,23,132,10,3,1.27,0.92,Winter,None,Central India,64.71,3220.0,1265.0,1955,11,2023,1,2,1,4,0,0,1.647,122,2023-11-01
Gamcha (Cotton Towel),Fashion,55,80,0,41,72,16,2,0.82,0.9,Winter,None,Central India,45.45,3280.0,1025.0,2255,11,2023,1,2,1,4,0,0,1.455,56,2023-11-01
Socks Cotton (3 pair),Fashion,55,80,0,77,116,14,3,0.82,0.75,Winter,None,Central India,45.45,6160.0,1925.0,4235,11,2023,1,2,1,4,0,0,1.455,102,2023-11-01
Handkerchief 3pc,Fashion,30,45,0,21,88,12,4,0.45,0.85,Winter,None,Central India,50.0,945.0,315.0,630,11,2023,1,2,1,4,0,0,1.5,76,2023-11-01
Banyan Vest Cotton,Fashion,75,110,0,26,38,12,4,1.12,0.9,Winter,None,Central India,46.67,2860.0,910.0,1950,11,2023,1,2,1,4,0,0,1.467,26,2023-11-01
Dupatta Plain,Fashion,95,150,0,19,66,10,5,1.43,0.88,Winter,None,Central India,57.89,2850.0,1045.0,1805,11,2023,1,2,1,4,0,0,1.579,56,2023-11-01
Salwar Suit Cotton,Fashion,280,450,0,13,234,10,2,4.2,0.92,Winter,None,Central India,60.71,5850.0,2210.0,3640,11,2023,1,2,1,4,0,0,1.607,224,2023-11-01
Kurta Men Cotton,Fashion,195,320,0,19,267,10,3,2.92,0.9,Winter,None,Central India,64.1,6080.0,2375.0,3705,11,2023,1,2,1,4,0,0,1.641,257,2023-11-01
Urea Fertilizer 1kg,Agriculture,35,50,0,43,76,16,7,0.53,0.8,Winter,None,Central India,42.86,2150.0,645.0,1505,11,2023,1,2,1,4,0,0,1.429,60,2023-11-01
DAP Fertilizer 1kg,Agriculture,55,75,0,29,81,12,3,0.82,0.8,Winter,None,Central India,36.36,2175.0,580.0,1595,11,2023,1,2,1,4,0,0,1.364,69,2023-11-01
Neem Pesticide 100ml,Agriculture,65,95,0,23,101,10,2,0.97,0.88,Winter,None,Central India,46.15,2185.0,690.0,1495,11,2023,1,2,1,4,0,0,1.462,91,2023-11-01
Garden Pump Sprayer 1L,Agriculture,145,210,0,12,238,10,1,2.17,0.88,Winter,None,Central India,44.83,2520.0,780.0,1740,11,2023,1,2,1,4,0,0,1.448,228,2023-11-01
Vegetable Seeds Packet,Agriculture,28,45,0,90,117,14,1,0.42,0.85,Winter,None,Central India,60.71,4050.0,1530.0,2520,11,2023,1,2,1,4,0,0,1.607,103,2023-11-01
Basmati Rice 5kg,Grocery,280,340,0,96,227,34,2,4.2,0.88,Winter,None,Central India,21.43,32640.0,5760.0,26880,12,2023,1,4,1,4,0,0,1.214,193,2023-12-01
Atta Aashirvaad 10kg,Grocery,330,390,0,152,173,38,2,4.95,0.95,Winter,None,Central India,18.18,59280.0,9120.0,50160,12,2023,1,4,1,4,0,0,1.182,135,2023-12-01
Toor Dal 1kg,Grocery,130,155,0,81,238,30,3,1.95,0.95,Winter,None,Central India,19.23,12555.0,2025.0,10530,12,2023,1,4,1,4,0,0,1.192,208,2023-12-01
Chana Dal 1kg,Grocery,90,112,0,59,167,24,3,1.35,0.85,Winter,None,Central India,24.44,6608.0,1298.0,5310,12,2023,1,4,1,4,0,0,1.244,143,2023-12-01
Mustard Oil 1L,Grocery,155,185,0,94,103,28,2,2.32,0.95,Winter,None,Central India,19.35,17390.0,2820.0,14570,12,2023,1,4,1,4,0,0,1.194,75,2023-12-01
Refined Oil Soya 5L,Grocery,580,680,0,68,153,20,5,8.7,0.85,Winter,None,Central India,17.24,46240.0,6800.0,39440,12,2023,1,4,1,4,0,0,1.172,133,2023-12-01
Sugar 1kg,Grocery,42,50,0,136,285,48,1,0.63,0.75,Winter,None,Central India,19.05,6800.0,1088.0,5712,12,2023,1,4,1,4,0,0,1.19,237,2023-12-01
Salt Tata 1kg,Grocery,18,22,0,103,119,36,2,0.27,0.88,Winter,None,Central India,22.22,2266.0,412.0,1854,12,2023,1,4,1,4,0,0,1.222,83,2023-12-01
Poha 500g,Grocery,28,36,0,72,277,22,3,0.42,0.88,Winter,None,Central India,28.57,2592.0,576.0,2016,12,2023,1,4,1,4,0,0,1.286,255,2023-12-01
Maida 1kg,Grocery,32,40,0,69,267,18,4,0.48,0.88,Winter,None,Central India,25.0,2760.0,552.0,2208,12,2023,1,4,1,4,0,0,1.25,249,2023-12-01
Besan 500g,Grocery,38,48,0,50,117,16,4,0.57,0.75,Winter,None,Central India,26.32,2400.0,500.0,1900,12,2023,1,4,1,4,0,0,1.263,101,2023-12-01
Rajma 500g,Grocery,65,82,0,64,87,14,5,0.97,0.75,Winter,None,Central India,26.15,5248.0,1088.0,4160,12,2023,1,4,1,4,0,0,1.262,73,2023-12-01
Haldi Powder 100g,Grocery,28,38,0,45,156,20,3,0.42,0.85,Winter,None,Central India,35.71,1710.0,450.0,1260,12,2023,1,4,1,4,0,0,1.357,136,2023-12-01
Red Chilli Powder 100g,Grocery,30,42,0,47,256,19,4,0.45,0.8,Winter,None,Central India,40.0,1974.0,564.0,1410,12,2023,1,4,1,4,0,0,1.4,237,2023-12-01
Coriander Powder 100g,Grocery,22,32,0,49,281,18,7,0.33,0.92,Winter,None,Central India,45.45,1568.0,490.0,1078,12,2023,1,4,1,4,0,0,1.455,263,2023-12-01
Tea Brooke Bond 500g,Grocery,175,215,0,101,146,32,1,2.62,0.88,Winter,None,Central India,22.86,21715.0,4040.0,17675,12,2023,1,4,1,4,0,0,1.229,114,2023-12-01
Tea Tata Gold 250g,Grocery,105,130,0,88,290,26,3,1.57,0.9,Winter,None,Central India,23.81,11440.0,2200.0,9240,12,2023,1,4,1,4,0,0,1.238,264,2023-12-01
Dry Coconut 200g,Grocery,95,125,0,14,267,12,3,1.43,0.75,Winter,None,Central India,31.58,1750.0,420.0,1330,12,2023,1,4,1,4,0,0,1.316,255,2023-12-01
Saunf 100g,Grocery,22,30,0,38,62,14,1,0.33,0.75,Winter,None,Central India,36.36,1140.0,304.0,836,12,2023,1,4,1,4,0,0,1.364,48,2023-12-01
Lifebuoy Soap 100g,FMCG,28,36,0,103,187,36,5,0.42,0.75,Winter,None,Central India,28.57,3708.0,824.0,2884,12,2023,1,4,1,4,0,0,1.286,151,2023-12-01
Lux Soap 75g,FMCG,32,42,0,57,264,28,5,0.48,0.95,Winter,None,Central India,31.25,2394.0,570.0,1824,12,2023,1,4,1,4,0,0,1.312,236,2023-12-01
Colgate 200g,FMCG,82,100,0,55,88,26,2,1.23,0.8,Winter,None,Central India,21.95,5500.0,990.0,4510,12,2023,1,4,1,4,0,0,1.22,62,2023-12-01
Pepsodent 200g,FMCG,75,92,0,48,222,22,3,1.12,0.8,Winter,None,Central India,22.67,4416.0,816.0,3600,12,2023,1,4,1,4,0,0,1.227,200,2023-12-01
Clinic Plus Shampoo 80ml,FMCG,55,72,0,56,35,20,2,0.82,0.92,Winter,None,Central India,30.91,4032.0,952.0,3080,12,2023,1,4,1,4,0,0,1.309,15,2023-12-01
Sunsilk Shampoo 80ml,FMCG,58,75,0,57,157,18,2,0.87,0.92,Winter,None,Central India,29.31,4275.0,969.0,3306,12,2023,1,4,1,4,0,0,1.293,139,2023-12-01
Surf Excel 1kg,FMCG,130,165,0,53,96,22,7,1.95,0.92,Winter,None,Central India,26.92,8745.0,1855.0,6890,12,2023,1,4,1,4,0,0,1.269,74,2023-12-01
Ariel 500g,FMCG,95,120,0,25,110,18,4,1.43,0.85,Winter,None,Central India,26.32,3000.0,625.0,2375,12,2023,1,4,1,4,0,0,1.263,92,2023-12-01
Parle-G 800g,FMCG,45,58,0,111,126,48,1,0.67,0.95,Winter,None,Central India,28.89,6438.0,1443.0,4995,12,2023,1,4,1,4,0,0,1.289,78,2023-12-01
Good Day Biscuit 250g,FMCG,28,38,0,107,201,34,3,0.42,0.75,Winter,None,Central India,35.71,4066.0,1070.0,2996,12,2023,1,4,1,4,0,0,1.357,167,2023-12-01
Hide & Seek 100g,FMCG,32,45,0,70,142,24,3,0.48,0.92,Winter,None,Central India,40.62,3150.0,910.0,2240,12,2023,1,4,1,4,0,0,1.406,118,2023-12-01
Maggi Noodles 70g,FMCG,12,15,0,215,187,60,3,0.18,0.8,Winter,None,Central India,25.0,3225.0,645.0,2580,12,2023,1,4,1,4,0,0,1.25,127,2023-12-01
Maggi Noodles 4-Pack,FMCG,52,65,0,148,111,36,2,0.78,0.8,Winter,None,Central India,25.0,9620.0,1924.0,7696,12,2023,1,4,1,4,0,0,1.25,75,2023-12-01
Lay's Chips 26g,FMCG,15,20,0,206,82,80,4,0.22,0.85,Winter,None,Central India,33.33,4120.0,1030.0,3090,12,2023,1,4,1,4,0,0,1.333,2,2023-12-01
Kurkure 65g,FMCG,18,25,0,134,233,70,7,0.27,0.95,Winter,None,Central India,38.89,3350.0,938.0,2412,12,2023,1,4,1,4,0,0,1.389,163,2023-12-01
Haldirams Namkeen 200g,FMCG,55,75,0,102,80,38,2,0.82,0.92,Winter,None,Central India,36.36,7650.0,2040.0,5610,12,2023,1,4,1,4,0,0,1.364,42,2023-12-01
Haldirams Mixture 400g,FMCG,110,148,0,82,261,28,1,1.65,0.75,Winter,None,Central India,34.55,12136.0,3116.0,9020,12,2023,1,4,1,4,0,0,1.345,233,2023-12-01
Frooti 200ml,FMCG,12,15,0,204,121,100,4,0.18,0.9,Winter,None,Central India,25.0,3060.0,612.0,2448,12,2023,1,4,1,4,0,0,1.25,21,2023-12-01
Maaza 250ml,FMCG,18,22,0,219,128,80,5,0.27,0.88,Winter,None,Central India,22.22,4818.0,876.0,3942,12,2023,1,4,1,4,0,0,1.222,48,2023-12-01
Thums Up 600ml,FMCG,38,45,0,146,102,72,2,0.57,0.88,Winter,None,Central India,18.42,6570.0,1022.0,5548,12,2023,1,4,1,4,0,0,1.184,30,2023-12-01
Limca 600ml,FMCG,35,42,0,122,253,60,5,0.53,0.75,Winter,None,Central India,20.0,5124.0,854.0,4270,12,2023,1,4,1,4,0,0,1.2,193,2023-12-01
Glucon-D 200g,FMCG,55,72,0,51,296,26,3,0.82,0.95,Winter,None,Central India,30.91,3672.0,867.0,2805,12,2023,1,4,1,4,0,0,1.309,270,2023-12-01
ORS Sachets (5pc),FMCG,22,30,0,41,74,18,7,0.33,0.9,Winter,None,Central India,36.36,1230.0,328.0,902,12,2023,1,4,1,4,0,0,1.364,56,2023-12-01
Vim Bar 200g,FMCG,25,32,0,66,55,24,4,0.38,0.8,Winter,None,Central India,28.0,2112.0,462.0,1650,12,2023,1,4,1,4,0,0,1.28,31,2023-12-01
Harpic 500ml,FMCG,75,98,0,26,116,14,1,1.12,0.9,Winter,None,Central India,30.67,2548.0,598.0,1950,12,2023,1,4,1,4,0,0,1.307,102,2023-12-01
Dettol 250ml,FMCG,68,88,0,38,156,18,4,1.02,0.85,Winter,None,Central India,29.41,3344.0,760.0,2584,12,2023,1,4,1,4,0,0,1.294,138,2023-12-01
Hajmola 100 Tabs,FMCG,45,60,0,50,137,22,3,0.67,0.8,Winter,None,Central India,33.33,3000.0,750.0,2250,12,2023,1,4,1,4,0,0,1.333,115,2023-12-01
Vicks 10g,FMCG,35,48,0,118,106,16,1,0.53,0.88,Winter,None,Central India,37.14,5664.0,1534.0,4130,12,2023,1,4,1,4,0,0,1.371,90,2023-12-01
Eno Sachet (6pc),FMCG,28,38,0,53,233,20,1,0.42,0.9,Winter,None,Central India,35.71,2014.0,530.0,1484,12,2023,1,4,1,4,0,0,1.357,213,2023-12-01
Diya Set 12pc,FMCG,38,65,0,8,258,10,3,0.57,0.95,Winter,None,Central India,71.05,520.0,216.0,304,12,2023,1,4,1,4,0,0,1.711,248,2023-12-01
Gulal Colors 100g,FMCG,22,40,0,5,131,10,5,0.33,0.9,Winter,None,Central India,81.82,200.0,90.0,110,12,2023,1,4,1,4,0,0,1.818,121,2023-12-01
Agarbatti Pack 20pc,FMCG,25,35,0,41,266,20,7,0.38,0.9,Winter,None,Central India,40.0,1435.0,410.0,1025,12,2023,1,4,1,4,0,0,1.4,246,2023-12-01
Camphor Tablets 25g,FMCG,28,40,0,41,37,14,4,0.42,0.92,Winter,None,Central India,42.86,1640.0,492.0,1148,12,2023,1,4,1,4,0,0,1.429,23,2023-12-01
Mosquito Coil (10pc),FMCG,32,45,0,64,265,22,1,0.48,0.92,Winter,None,Central India,40.62,2880.0,832.0,2048,12,2023,1,4,1,4,0,0,1.406,243,2023-12-01
All Out Refill,FMCG,88,115,0,37,157,16,5,1.32,0.88,Winter,None,Central India,30.68,4255.0,999.0,3256,12,2023,1,4,1,4,0,0,1.307,141,2023-12-01
Classmate Notebook 200pg,Stationery,48,65,0,86,134,32,3,0.72,0.8,Winter,None,Central India,35.42,5590.0,1462.0,4128,12,2023,1,4,1,4,0,0,1.354,102,2023-12-01
Reynolds Pen (10pc),Stationery,35,50,0,136,225,38,5,0.53,0.95,Winter,None,Central India,42.86,6800.0,2040.0,4760,12,2023,1,4,1,4,0,0,1.429,187,2023-12-01
Apsara Pencil (10pc),Stationery,15,22,0,75,66,28,4,0.22,0.95,Winter,None,Central India,46.67,1650.0,525.0,1125,12,2023,1,4,1,4,0,0,1.467,38,2023-12-01
Fevicol 50g,Stationery,20,28,0,39,171,18,7,0.3,0.85,Winter,None,Central India,40.0,1092.0,312.0,780,12,2023,1,4,1,4,0,0,1.4,153,2023-12-01
Stapler Small,Stationery,45,65,0,17,156,10,5,0.67,0.75,Winter,None,Central India,44.44,1105.0,340.0,765,12,2023,1,4,1,4,0,0,1.444,146,2023-12-01
Register A4 100pg,Stationery,35,50,0,37,194,12,2,0.53,0.75,Winter,None,Central India,42.86,1850.0,555.0,1295,12,2023,1,4,1,4,0,0,1.429,182,2023-12-01
Sketch Pens (12pc),Stationery,32,48,0,20,160,14,4,0.48,0.75,Winter,None,Central India,50.0,960.0,320.0,640,12,2023,1,4,1,4,0,0,1.5,146,2023-12-01
Scale 30cm,Stationery,8,12,0,43,224,16,7,0.12,0.75,Winter,None,Central India,50.0,516.0,172.0,344,12,2023,1,4,1,4,0,0,1.5,208,2023-12-01
Eraser Apsara,Stationery,4,7,0,83,264,24,7,0.06,0.9,Winter,None,Central India,75.0,581.0,249.0,332,12,2023,1,4,1,4,0,0,1.75,240,2023-12-01
Tape Roll,Stationery,18,28,0,25,36,12,5,0.27,0.9,Winter,None,Central India,55.56,700.0,250.0,450,12,2023,1,4,1,4,0,0,1.556,24,2023-12-01
Eveready Battery AA 4pc,Electronics,55,75,0,54,26,18,2,0.82,0.75,Winter,None,Central India,36.36,4050.0,1080.0,2970,12,2023,1,4,1,4,0,0,1.364,8,2023-12-01
Eveready Battery D 2pc,Electronics,65,90,0,35,270,12,3,0.97,0.85,Winter,None,Central India,38.46,3150.0,875.0,2275,12,2023,1,4,1,4,0,0,1.385,258,2023-12-01
CFL Bulb 9W Bajaj,Electronics,65,90,0,26,226,10,3,0.97,0.9,Winter,None,Central India,38.46,2340.0,650.0,1690,12,2023,1,4,1,4,0,0,1.385,216,2023-12-01
LED Bulb 9W Philips,Electronics,95,130,0,33,163,12,1,1.43,0.92,Winter,None,Central India,36.84,4290.0,1155.0,3135,12,2023,1,4,1,4,0,0,1.368,151,2023-12-01
Extension Cord 5m,Electronics,175,240,0,12,175,10,1,2.62,0.75,Winter,None,Central India,37.14,2880.0,780.0,2100,12,2023,1,4,1,4,0,0,1.371,165,2023-12-01
Phone Charging Cable,Electronics,65,100,0,41,137,14,1,0.97,0.95,Winter,None,Central India,53.85,4100.0,1435.0,2665,12,2023,1,4,1,4,0,0,1.538,123,2023-12-01
Earphones Basic,Electronics,85,140,0,24,225,10,3,1.27,0.85,Winter,None,Central India,64.71,3360.0,1320.0,2040,12,2023,1,4,1,4,0,0,1.647,215,2023-12-01
Gamcha (Cotton Towel),Fashion,55,80,0,37,290,16,2,0.82,0.85,Winter,None,Central India,45.45,2960.0,925.0,2035,12,2023,1,4,1,4,0,0,1.455,274,2023-12-01
Socks Cotton (3 pair),Fashion,55,80,0,76,200,14,4,0.82,0.92,Winter,None,Central India,45.45,6080.0,1900.0,4180,12,2023,1,4,1,4,0,0,1.455,186,2023-12-01
Handkerchief 3pc,Fashion,30,45,0,25,155,12,4,0.45,0.92,Winter,None,Central India,50.0,1125.0,375.0,750,12,2023,1,4,1,4,0,0,1.5,143,2023-12-01
Banyan Vest Cotton,Fashion,75,110,0,26,223,12,5,1.12,0.75,Winter,None,Central India,46.67,2860.0,910.0,1950,12,2023,1,4,1,4,0,0,1.467,211,2023-12-01
Dupatta Plain,Fashion,95,150,0,22,135,10,1,1.43,0.75,Winter,None,Central India,57.89,3300.0,1210.0,2090,12,2023,1,4,1,4,0,0,1.579,125,2023-12-01
Salwar Suit Cotton,Fashion,280,450,0,16,192,10,2,4.2,0.8,Winter,None,Central India,60.71,7200.0,2720.0,4480,12,2023,1,4,1,4,0,0,1.607,182,2023-12-01
Kurta Men Cotton,Fashion,195,320,0,18,39,10,7,2.92,0.9,Winter,None,Central India,64.1,5760.0,2250.0,3510,12,2023,1,4,1,4,0,0,1.641,29,2023-12-01
Urea Fertilizer 1kg,Agriculture,35,50,0,40,142,16,2,0.53,0.9,Winter,None,Central India,42.86,2000.0,600.0,1400,12,2023,1,4,1,4,0,0,1.429,126,2023-12-01
DAP Fertilizer 1kg,Agriculture,55,75,0,25,225,12,7,0.82,0.85,Winter,None,Central India,36.36,1875.0,500.0,1375,12,2023,1,4,1,4,0,0,1.364,213,2023-12-01
Neem Pesticide 100ml,Agriculture,65,95,0,24,81,10,3,0.97,0.85,Winter,None,Central India,46.15,2280.0,720.0,1560,12,2023,1,4,1,4,0,0,1.462,71,2023-12-01
Garden Pump Sprayer 1L,Agriculture,145,210,0,13,126,10,7,2.17,0.85,Winter,None,Central India,44.83,2730.0,845.0,1885,12,2023,1,4,1,4,0,0,1.448,116,2023-12-01
Vegetable Seeds Packet,Agriculture,28,45,0,85,254,14,2,0.42,0.92,Winter,None,Central India,60.71,3825.0,1445.0,2380,12,2023,1,4,1,4,0,0,1.607,240,2023-12-01
Basmati Rice 5kg,Grocery,280,340,0,110,178,34,3,4.2,0.8,Winter,None,Central India,21.43,37400.0,6600.0,30800,1,2024,1,0,1,1,0,0,1.214,144,2024-01-01
Atta Aashirvaad 10kg,Grocery,330,390,0,146,226,38,7,4.95,0.75,Winter,None,Central India,18.18,56940.0,8760.0,48180,1,2024,1,0,1,1,0,0,1.182,188,2024-01-01
Toor Dal 1kg,Grocery,130,155,0,56,228,30,2,1.95,0.9,Winter,None,Central India,19.23,8680.0,1400.0,7280,1,2024,1,0,1,1,0,0,1.192,198,2024-01-01
Chana Dal 1kg,Grocery,90,112,0,86,230,24,7,1.35,0.88,Winter,None,Central India,24.44,9632.0,1892.0,7740,1,2024,1,0,1,1,0,0,1.244,206,2024-01-01
Mustard Oil 1L,Grocery,155,185,0,85,284,28,5,2.32,0.88,Winter,None,Central India,19.35,15725.0,2550.0,13175,1,2024,1,0,1,1,0,0,1.194,256,2024-01-01
Refined Oil Soya 5L,Grocery,580,680,0,59,234,20,5,8.7,0.85,Winter,None,Central India,17.24,40120.0,5900.0,34220,1,2024,1,0,1,1,0,0,1.172,214,2024-01-01
Sugar 1kg,Grocery,42,50,0,163,264,48,4,0.63,0.92,Winter,None,Central India,19.05,8150.0,1304.0,6846,1,2024,1,0,1,1,0,0,1.19,216,2024-01-01
Salt Tata 1kg,Grocery,18,22,0,90,189,36,3,0.27,0.9,Winter,None,Central India,22.22,1980.0,360.0,1620,1,2024,1,0,1,1,0,0,1.222,153,2024-01-01
Poha 500g,Grocery,28,36,0,50,123,22,2,0.42,0.75,Winter,None,Central India,28.57,1800.0,400.0,1400,1,2024,1,0,1,1,0,0,1.286,101,2024-01-01
Maida 1kg,Grocery,32,40,0,86,59,18,3,0.48,0.85,Winter,None,Central India,25.0,3440.0,688.0,2752,1,2024,1,0,1,1,0,0,1.25,41,2024-01-01
Besan 500g,Grocery,38,48,0,60,100,16,2,0.57,0.8,Winter,None,Central India,26.32,2880.0,600.0,2280,1,2024,1,0,1,1,0,0,1.263,84,2024-01-01
Rajma 500g,Grocery,65,82,0,78,197,14,3,0.97,0.85,Winter,None,Central India,26.15,6396.0,1326.0,5070,1,2024,1,0,1,1,0,0,1.262,183,2024-01-01
Haldi Powder 100g,Grocery,28,38,0,58,243,20,1,0.42,0.92,Winter,None,Central India,35.71,2204.0,580.0,1624,1,2024,1,0,1,1,0,0,1.357,223,2024-01-01
Red Chilli Powder 100g,Grocery,30,42,0,61,258,19,2,0.45,0.92,Winter,None,Central India,40.0,2562.0,732.0,1830,1,2024,1,0,1,1,0,0,1.4,239,2024-01-01
Coriander Powder 100g,Grocery,22,32,0,41,192,18,7,0.33,0.88,Winter,None,Central India,45.45,1312.0,410.0,902,1,2024,1,0,1,1,0,0,1.455,174,2024-01-01
Tea Brooke Bond 500g,Grocery,175,215,0,146,129,32,3,2.62,0.85,Winter,None,Central India,22.86,31390.0,5840.0,25550,1,2024,1,0,1,1,0,0,1.229,97,2024-01-01
Tea Tata Gold 250g,Grocery,105,130,0,71,226,26,3,1.57,0.95,Winter,None,Central India,23.81,9230.0,1775.0,7455,1,2024,1,0,1,1,0,0,1.238,200,2024-01-01
Dry Coconut 200g,Grocery,95,125,0,36,223,12,1,1.43,0.88,Winter,None,Central India,31.58,4500.0,1080.0,3420,1,2024,1,0,1,1,0,0,1.316,211,2024-01-01
Saunf 100g,Grocery,22,30,0,36,41,14,4,0.33,0.9,Winter,None,Central India,36.36,1080.0,288.0,792,1,2024,1,0,1,1,0,0,1.364,27,2024-01-01
Lifebuoy Soap 100g,FMCG,28,36,0,71,115,36,2,0.42,0.95,Winter,None,Central India,28.57,2556.0,568.0,1988,1,2024,1,0,1,1,0,0,1.286,79,2024-01-01
Lux Soap 75g,FMCG,32,42,0,68,197,28,7,0.48,0.92,Winter,None,Central India,31.25,2856.0,680.0,2176,1,2024,1,0,1,1,0,0,1.312,169,2024-01-01
Colgate 200g,FMCG,82,100,0,71,236,26,7,1.23,0.92,Winter,None,Central India,21.95,7100.0,1278.0,5822,1,2024,1,0,1,1,0,0,1.22,210,2024-01-01
Pepsodent 200g,FMCG,75,92,0,55,123,22,3,1.12,0.92,Winter,None,Central India,22.67,5060.0,935.0,4125,1,2024,1,0,1,1,0,0,1.227,101,2024-01-01
Clinic Plus Shampoo 80ml,FMCG,55,72,0,61,277,20,7,0.82,0.85,Winter,None,Central India,30.91,4392.0,1037.0,3355,1,2024,1,0,1,1,0,0,1.309,257,2024-01-01
Sunsilk Shampoo 80ml,FMCG,58,75,0,53,57,18,7,0.87,0.85,Winter,None,Central India,29.31,3975.0,901.0,3074,1,2024,1,0,1,1,0,0,1.293,39,2024-01-01
Surf Excel 1kg,FMCG,130,165,0,68,295,22,3,1.95,0.85,Winter,None,Central India,26.92,11220.0,2380.0,8840,1,2024,1,0,1,1,0,0,1.269,273,2024-01-01
Ariel 500g,FMCG,95,120,0,70,272,18,3,1.43,0.75,Winter,None,Central India,26.32,8400.0,1750.0,6650,1,2024,1,0,1,1,0,0,1.263,254,2024-01-01
Parle-G 800g,FMCG,45,58,0,102,206,48,3,0.67,0.85,Winter,None,Central India,28.89,5916.0,1326.0,4590,1,2024,1,0,1,1,0,0,1.289,158,2024-01-01
Good Day Biscuit 250g,FMCG,28,38,0,88,105,34,4,0.42,0.95,Winter,None,Central India,35.71,3344.0,880.0,2464,1,2024,1,0,1,1,0,0,1.357,71,2024-01-01
Hide & Seek 100g,FMCG,32,45,0,64,133,24,1,0.48,0.88,Winter,None,Central India,40.62,2880.0,832.0,2048,1,2024,1,0,1,1,0,0,1.406,109,2024-01-01
Maggi Noodles 70g,FMCG,12,15,0,289,227,60,3,0.18,0.9,Winter,None,Central India,25.0,4335.0,867.0,3468,1,2024,1,0,1,1,0,0,1.25,167,2024-01-01
Maggi Noodles 4-Pack,FMCG,52,65,0,198,144,36,2,0.78,0.85,Winter,None,Central India,25.0,12870.0,2574.0,10296,1,2024,1,0,1,1,0,0,1.25,108,2024-01-01
Lay's Chips 26g,FMCG,15,20,0,221,38,80,2,0.22,0.8,Winter,None,Central India,33.33,4420.0,1105.0,3315,1,2024,1,0,1,1,0,0,1.333,-42,2024-01-01
Kurkure 65g,FMCG,18,25,0,189,93,70,3,0.27,0.85,Winter,None,Central India,38.89,4725.0,1323.0,3402,1,2024,1,0,1,1,0,0,1.389,23,2024-01-01
Haldirams Namkeen 200g,FMCG,55,75,0,133,158,38,4,0.82,0.8,Winter,None,Central India,36.36,9975.0,2660.0,7315,1,2024,1,0,1,1,0,0,1.364,120,2024-01-01
Haldirams Mixture 400g,FMCG,110,148,0,101,202,28,3,1.65,0.9,Winter,None,Central India,34.55,14948.0,3838.0,11110,1,2024,1,0,1,1,0,0,1.345,174,2024-01-01
Frooti 200ml,FMCG,12,15,0,245,168,100,3,0.18,0.8,Winter,None,Central India,25.0,3675.0,735.0,2940,1,2024,1,0,1,1,0,0,1.25,68,2024-01-01
Maaza 250ml,FMCG,18,22,0,302,265,80,1,0.27,0.8,Winter,None,Central India,22.22,6644.0,1208.0,5436,1,2024,1,0,1,1,0,0,1.222,185,2024-01-01
Thums Up 600ml,FMCG,38,45,0,218,222,72,7,0.57,0.85,Winter,None,Central India,18.42,9810.0,1526.0,8284,1,2024,1,0,1,1,0,0,1.184,150,2024-01-01
Limca 600ml,FMCG,35,42,0,208,208,60,2,0.53,0.85,Winter,None,Central India,20.0,8736.0,1456.0,7280,1,2024,1,0,1,1,0,0,1.2,148,2024-01-01
Glucon-D 200g,FMCG,55,72,0,56,94,26,3,0.82,0.88,Winter,None,Central India,30.91,4032.0,952.0,3080,1,2024,1,0,1,1,0,0,1.309,68,2024-01-01
ORS Sachets (5pc),FMCG,22,30,0,61,152,18,5,0.33,0.75,Winter,None,Central India,36.36,1830.0,488.0,1342,1,2024,1,0,1,1,0,0,1.364,134,2024-01-01
Vim Bar 200g,FMCG,25,32,0,66,201,24,2,0.38,0.92,Winter,None,Central India,28.0,2112.0,462.0,1650,1,2024,1,0,1,1,0,0,1.28,177,2024-01-01
Harpic 500ml,FMCG,75,98,0,38,83,14,5,1.12,0.88,Winter,None,Central India,30.67,3724.0,874.0,2850,1,2024,1,0,1,1,0,0,1.307,69,2024-01-01
Dettol 250ml,FMCG,68,88,0,36,233,18,2,1.02,0.95,Winter,None,Central India,29.41,3168.0,720.0,2448,1,2024,1,0,1,1,0,0,1.294,215,2024-01-01
Hajmola 100 Tabs,FMCG,45,60,0,55,228,22,3,0.67,0.92,Winter,None,Central India,33.33,3300.0,825.0,2475,1,2024,1,0,1,1,0,0,1.333,206,2024-01-01
Vicks 10g,FMCG,35,48,0,118,62,16,5,0.53,0.88,Winter,None,Central India,37.14,5664.0,1534.0,4130,1,2024,1,0,1,1,0,0,1.371,46,2024-01-01
Eno Sachet (6pc),FMCG,28,38,0,66,137,20,3,0.42,0.92,Winter,None,Central India,35.71,2508.0,660.0,1848,1,2024,1,0,1,1,0,0,1.357,117,2024-01-01
Diya Set 12pc,FMCG,38,65,0,9,109,10,4,0.57,0.9,Winter,None,Central India,71.05,585.0,243.0,342,1,2024,1,0,1,1,0,0,1.711,99,2024-01-01
Gulal Colors 100g,FMCG,22,40,0,6,249,10,2,0.33,0.88,Winter,None,Central India,81.82,240.0,108.0,132,1,2024,1,0,1,1,0,0,1.818,239,2024-01-01
Agarbatti Pack 20pc,FMCG,25,35,0,55,169,20,3,0.38,0.9,Winter,None,Central India,40.0,1925.0,550.0,1375,1,2024,1,0,1,1,0,0,1.4,149,2024-01-01
Camphor Tablets 25g,FMCG,28,40,0,35,228,14,7,0.42,0.88,Winter,None,Central India,42.86,1400.0,420.0,980,1,2024,1,0,1,1,0,0,1.429,214,2024-01-01
Mosquito Coil (10pc),FMCG,32,45,0,47,64,22,2,0.48,0.95,Winter,None,Central India,40.62,2115.0,611.0,1504,1,2024,1,0,1,1,0,0,1.406,42,2024-01-01
All Out Refill,FMCG,88,115,0,48,174,16,3,1.32,0.95,Winter,None,Central India,30.68,5520.0,1296.0,4224,1,2024,1,0,1,1,0,0,1.307,158,2024-01-01
Classmate Notebook 200pg,Stationery,48,65,0,100,198,32,3,0.72,0.9,Winter,None,Central India,35.42,6500.0,1700.0,4800,1,2024,1,0,1,1,0,0,1.354,166,2024-01-01
Reynolds Pen (10pc),Stationery,35,50,0,90,253,38,1,0.53,0.95,Winter,None,Central India,42.86,4500.0,1350.0,3150,1,2024,1,0,1,1,0,0,1.429,215,2024-01-01
Apsara Pencil (10pc),Stationery,15,22,0,97,226,28,5,0.22,0.9,Winter,None,Central India,46.67,2134.0,679.0,1455,1,2024,1,0,1,1,0,0,1.467,198,2024-01-01
Fevicol 50g,Stationery,20,28,0,60,241,18,4,0.3,0.88,Winter,None,Central India,40.0,1680.0,480.0,1200,1,2024,1,0,1,1,0,0,1.4,223,2024-01-01
Stapler Small,Stationery,45,65,0,18,287,10,1,0.67,0.75,Winter,None,Central India,44.44,1170.0,360.0,810,1,2024,1,0,1,1,0,0,1.444,277,2024-01-01
Register A4 100pg,Stationery,35,50,0,21,83,12,2,0.53,0.92,Winter,None,Central India,42.86,1050.0,315.0,735,1,2024,1,0,1,1,0,0,1.429,71,2024-01-01
Sketch Pens (12pc),Stationery,32,48,0,41,117,14,2,0.48,0.95,Winter,None,Central India,50.0,1968.0,656.0,1312,1,2024,1,0,1,1,0,0,1.5,103,2024-01-01
Scale 30cm,Stationery,8,12,0,28,77,16,2,0.12,0.85,Winter,None,Central India,50.0,336.0,112.0,224,1,2024,1,0,1,1,0,0,1.5,61,2024-01-01
Eraser Apsara,Stationery,4,7,0,44,71,24,5,0.06,0.9,Winter,None,Central India,75.0,308.0,132.0,176,1,2024,1,0,1,1,0,0,1.75,47,2024-01-01
Tape Roll,Stationery,18,28,0,31,103,12,2,0.27,0.9,Winter,None,Central India,55.56,868.0,310.0,558,1,2024,1,0,1,1,0,0,1.556,91,2024-01-01
Eveready Battery AA 4pc,Electronics,55,75,0,43,129,18,7,0.82,0.9,Winter,None,Central India,36.36,3225.0,860.0,2365,1,2024,1,0,1,1,0,0,1.364,111,2024-01-01
Eveready Battery D 2pc,Electronics,65,90,0,29,75,12,3,0.97,0.8,Winter,None,Central India,38.46,2610.0,725.0,1885,1,2024,1,0,1,1,0,0,1.385,63,2024-01-01
CFL Bulb 9W Bajaj,Electronics,65,90,0,23,144,10,3,0.97,0.88,Winter,None,Central India,38.46,2070.0,575.0,1495,1,2024,1,0,1,1,0,0,1.385,134,2024-01-01
LED Bulb 9W Philips,Electronics,95,130,0,24,120,12,2,1.43,0.92,Winter,None,Central India,36.84,3120.0,840.0,2280,1,2024,1,0,1,1,0,0,1.368,108,2024-01-01
Extension Cord 5m,Electronics,175,240,0,16,185,10,5,2.62,0.95,Winter,None,Central India,37.14,3840.0,1040.0,2800,1,2024,1,0,1,1,0,0,1.371,175,2024-01-01
Phone Charging Cable,Electronics,65,100,0,39,297,14,2,0.97,0.95,Winter,None,Central India,53.85,3900.0,1365.0,2535,1,2024,1,0,1,1,0,0,1.538,283,2024-01-01
Earphones Basic,Electronics,85,140,0,29,115,10,4,1.27,0.9,Winter,None,Central India,64.71,4060.0,1595.0,2465,1,2024,1,0,1,1,0,0,1.647,105,2024-01-01
Gamcha (Cotton Towel),Fashion,55,80,0,29,211,16,4,0.82,0.8,Winter,None,Central India,45.45,2320.0,725.0,1595,1,2024,1,0,1,1,0,0,1.455,195,2024-01-01
Socks Cotton (3 pair),Fashion,55,80,0,53,131,14,3,0.82,0.92,Winter,None,Central India,45.45,4240.0,1325.0,2915,1,2024,1,0,1,1,0,0,1.455,117,2024-01-01
Handkerchief 3pc,Fashion,30,45,0,32,164,12,1,0.45,0.95,Winter,None,Central India,50.0,1440.0,480.0,960,1,2024,1,0,1,1,0,0,1.5,152,2024-01-01
Banyan Vest Cotton,Fashion,75,110,0,32,125,12,3,1.12,0.8,Winter,None,Central India,46.67,3520.0,1120.0,2400,1,2024,1,0,1,1,0,0,1.467,113,2024-01-01
Dupatta Plain,Fashion,95,150,0,22,284,10,4,1.43,0.9,Winter,None,Central India,57.89,3300.0,1210.0,2090,1,2024,1,0,1,1,0,0,1.579,274,2024-01-01
Salwar Suit Cotton,Fashion,280,450,0,18,125,10,5,4.2,0.95,Winter,None,Central India,60.71,8100.0,3060.0,5040,1,2024,1,0,1,1,0,0,1.607,115,2024-01-01
Kurta Men Cotton,Fashion,195,320,0,12,186,10,3,2.92,0.75,Winter,None,Central India,64.1,3840.0,1500.0,2340,1,2024,1,0,1,1,0,0,1.641,176,2024-01-01
Urea Fertilizer 1kg,Agriculture,35,50,0,43,227,16,1,0.53,0.95,Winter,None,Central India,42.86,2150.0,645.0,1505,1,2024,1,0,1,1,0,0,1.429,211,2024-01-01
DAP Fertilizer 1kg,Agriculture,55,75,0,30,57,12,2,0.82,0.88,Winter,None,Central India,36.36,2250.0,600.0,1650,1,2024,1,0,1,1,0,0,1.364,45,2024-01-01
Neem Pesticide 100ml,Agriculture,65,95,0,31,37,10,7,0.97,0.95,Winter,None,Central India,46.15,2945.0,930.0,2015,1,2024,1,0,1,1,0,0,1.462,27,2024-01-01
Garden Pump Sprayer 1L,Agriculture,145,210,0,15,215,10,2,2.17,0.75,Winter,None,Central India,44.83,3150.0,975.0,2175,1,2024,1,0,1,1,0,0,1.448,205,2024-01-01
Vegetable Seeds Packet,Agriculture,28,45,0,110,248,14,4,0.42,0.85,Winter,None,Central India,60.71,4950.0,1870.0,3080,1,2024,1,0,1,1,0,0,1.607,234,2024-01-01
Basmati Rice 5kg,Grocery,280,340,0,120,96,34,1,4.2,0.88,Winter,None,Central India,21.43,40800.0,7200.0,33600,2,2024,1,3,1,1,0,0,1.214,62,2024-02-01
Atta Aashirvaad 10kg,Grocery,330,390,0,172,151,38,3,4.95,0.95,Winter,None,Central India,18.18,67080.0,10320.0,56760,2,2024,1,3,1,1,0,0,1.182,113,2024-02-01
Toor Dal 1kg,Grocery,130,155,0,78,91,30,1,1.95,0.9,Winter,None,Central India,19.23,12090.0,1950.0,10140,2,2024,1,3,1,1,0,0,1.192,61,2024-02-01
Chana Dal 1kg,Grocery,90,112,0,54,139,24,3,1.35,0.9,Winter,None,Central India,24.44,6048.0,1188.0,4860,2,2024,1,3,1,1,0,0,1.244,115,2024-02-01
Mustard Oil 1L,Grocery,155,185,0,105,241,28,2,2.32,0.88,Winter,None,Central India,19.35,19425.0,3150.0,16275,2,2024,1,3,1,1,0,0,1.194,213,2024-02-01
Refined Oil Soya 5L,Grocery,580,680,0,28,227,20,4,8.7,0.9,Winter,None,Central India,17.24,19040.0,2800.0,16240,2,2024,1,3,1,1,0,0,1.172,207,2024-02-01
Sugar 1kg,Grocery,42,50,0,123,219,48,5,0.63,0.92,Winter,None,Central India,19.05,6150.0,984.0,5166,2,2024,1,3,1,1,0,0,1.19,171,2024-02-01
Salt Tata 1kg,Grocery,18,22,0,91,118,36,2,0.27,0.85,Winter,None,Central India,22.22,2002.0,364.0,1638,2,2024,1,3,1,1,0,0,1.222,82,2024-02-01
Poha 500g,Grocery,28,36,0,48,275,22,2,0.42,0.88,Winter,None,Central India,28.57,1728.0,384.0,1344,2,2024,1,3,1,1,0,0,1.286,253,2024-02-01
Maida 1kg,Grocery,32,40,0,82,274,18,3,0.48,0.92,Winter,None,Central India,25.0,3280.0,656.0,2624,2,2024,1,3,1,1,0,0,1.25,256,2024-02-01
Besan 500g,Grocery,38,48,0,53,146,16,1,0.57,0.95,Winter,None,Central India,26.32,2544.0,530.0,2014,2,2024,1,3,1,1,0,0,1.263,130,2024-02-01
Rajma 500g,Grocery,65,82,0,73,32,14,3,0.97,0.95,Winter,None,Central India,26.15,5986.0,1241.0,4745,2,2024,1,3,1,1,0,0,1.262,18,2024-02-01
Haldi Powder 100g,Grocery,28,38,0,51,133,20,1,0.42,0.88,Winter,None,Central India,35.71,1938.0,510.0,1428,2,2024,1,3,1,1,0,0,1.357,113,2024-02-01
Red Chilli Powder 100g,Grocery,30,42,0,39,292,19,7,0.45,0.8,Winter,None,Central India,40.0,1638.0,468.0,1170,2,2024,1,3,1,1,0,0,1.4,273,2024-02-01
Coriander Powder 100g,Grocery,22,32,0,43,238,18,3,0.33,0.95,Winter,None,Central India,45.45,1376.0,430.0,946,2,2024,1,3,1,1,0,0,1.455,220,2024-02-01
Tea Brooke Bond 500g,Grocery,175,215,0,107,130,32,2,2.62,0.9,Winter,None,Central India,22.86,23005.0,4280.0,18725,2,2024,1,3,1,1,0,0,1.229,98,2024-02-01
Tea Tata Gold 250g,Grocery,105,130,0,86,248,26,1,1.57,0.88,Winter,None,Central India,23.81,11180.0,2150.0,9030,2,2024,1,3,1,1,0,0,1.238,222,2024-02-01
Dry Coconut 200g,Grocery,95,125,0,28,21,12,4,1.43,0.8,Winter,None,Central India,31.58,3500.0,840.0,2660,2,2024,1,3,1,1,0,0,1.316,9,2024-02-01
Saunf 100g,Grocery,22,30,0,40,32,14,7,0.33,0.8,Winter,None,Central India,36.36,1200.0,320.0,880,2,2024,1,3,1,1,0,0,1.364,18,2024-02-01
Lifebuoy Soap 100g,FMCG,28,36,0,117,288,36,2,0.42,0.9,Winter,None,Central India,28.57,4212.0,936.0,3276,2,2024,1,3,1,1,0,0,1.286,252,2024-02-01
Lux Soap 75g,FMCG,32,42,0,70,113,28,3,0.48,0.95,Winter,None,Central India,31.25,2940.0,700.0,2240,2,2024,1,3,1,1,0,0,1.312,85,2024-02-01
Colgate 200g,FMCG,82,100,0,54,162,26,1,1.23,0.88,Winter,None,Central India,21.95,5400.0,972.0,4428,2,2024,1,3,1,1,0,0,1.22,136,2024-02-01
Pepsodent 200g,FMCG,75,92,0,66,221,22,3,1.12,0.95,Winter,None,Central India,22.67,6072.0,1122.0,4950,2,2024,1,3,1,1,0,0,1.227,199,2024-02-01
Clinic Plus Shampoo 80ml,FMCG,55,72,0,56,156,20,4,0.82,0.95,Winter,None,Central India,30.91,4032.0,952.0,3080,2,2024,1,3,1,1,0,0,1.309,136,2024-02-01
Sunsilk Shampoo 80ml,FMCG,58,75,0,40,20,18,3,0.87,0.85,Winter,None,Central India,29.31,3000.0,680.0,2320,2,2024,1,3,1,1,0,0,1.293,2,2024-02-01
Surf Excel 1kg,FMCG,130,165,0,51,290,22,3,1.95,0.75,Winter,None,Central India,26.92,8415.0,1785.0,6630,2,2024,1,3,1,1,0,0,1.269,268,2024-02-01
Ariel 500g,FMCG,95,120,0,54,256,18,4,1.43,0.75,Winter,None,Central India,26.32,6480.0,1350.0,5130,2,2024,1,3,1,1,0,0,1.263,238,2024-02-01
Parle-G 800g,FMCG,45,58,0,94,209,48,3,0.67,0.75,Winter,None,Central India,28.89,5452.0,1222.0,4230,2,2024,1,3,1,1,0,0,1.289,161,2024-02-01
Good Day Biscuit 250g,FMCG,28,38,0,104,126,34,7,0.42,0.8,Winter,None,Central India,35.71,3952.0,1040.0,2912,2,2024,1,3,1,1,0,0,1.357,92,2024-02-01
Hide & Seek 100g,FMCG,32,45,0,81,190,24,5,0.48,0.75,Winter,None,Central India,40.62,3645.0,1053.0,2592,2,2024,1,3,1,1,0,0,1.406,166,2024-02-01
Maggi Noodles 70g,FMCG,12,15,0,216,240,60,3,0.18,0.9,Winter,None,Central India,25.0,3240.0,648.0,2592,2,2024,1,3,1,1,0,0,1.25,180,2024-02-01
Maggi Noodles 4-Pack,FMCG,52,65,0,108,211,36,2,0.78,0.92,Winter,None,Central India,25.0,7020.0,1404.0,5616,2,2024,1,3,1,1,0,0,1.25,175,2024-02-01
Lay's Chips 26g,FMCG,15,20,0,174,219,80,1,0.22,0.75,Winter,None,Central India,33.33,3480.0,870.0,2610,2,2024,1,3,1,1,0,0,1.333,139,2024-02-01
Kurkure 65g,FMCG,18,25,0,165,168,70,2,0.27,0.8,Winter,None,Central India,38.89,4125.0,1155.0,2970,2,2024,1,3,1,1,0,0,1.389,98,2024-02-01
Haldirams Namkeen 200g,FMCG,55,75,0,80,82,38,7,0.82,0.85,Winter,None,Central India,36.36,6000.0,1600.0,4400,2,2024,1,3,1,1,0,0,1.364,44,2024-02-01
Haldirams Mixture 400g,FMCG,110,148,0,92,25,28,2,1.65,0.92,Winter,None,Central India,34.55,13616.0,3496.0,10120,2,2024,1,3,1,1,0,0,1.345,-3,2024-02-01
Frooti 200ml,FMCG,12,15,0,352,47,100,2,0.18,0.92,Winter,None,Central India,25.0,5280.0,1056.0,4224,2,2024,1,3,1,1,0,0,1.25,-53,2024-02-01
Maaza 250ml,FMCG,18,22,0,181,183,80,2,0.27,0.9,Winter,None,Central India,22.22,3982.0,724.0,3258,2,2024,1,3,1,1,0,0,1.222,103,2024-02-01
Thums Up 600ml,FMCG,38,45,0,227,77,72,7,0.57,0.75,Winter,None,Central India,18.42,10215.0,1589.0,8626,2,2024,1,3,1,1,0,0,1.184,5,2024-02-01
Limca 600ml,FMCG,35,42,0,187,102,60,2,0.53,0.88,Winter,None,Central India,20.0,7854.0,1309.0,6545,2,2024,1,3,1,1,0,0,1.2,42,2024-02-01
Glucon-D 200g,FMCG,55,72,0,88,257,26,7,0.82,0.85,Winter,None,Central India,30.91,6336.0,1496.0,4840,2,2024,1,3,1,1,0,0,1.309,231,2024-02-01
ORS Sachets (5pc),FMCG,22,30,0,48,227,18,2,0.33,0.88,Winter,None,Central India,36.36,1440.0,384.0,1056,2,2024,1,3,1,1,0,0,1.364,209,2024-02-01
Vim Bar 200g,FMCG,25,32,0,67,156,24,5,0.38,0.88,Winter,None,Central India,28.0,2144.0,469.0,1675,2,2024,1,3,1,1,0,0,1.28,132,2024-02-01
Harpic 500ml,FMCG,75,98,0,31,256,14,1,1.12,0.95,Winter,None,Central India,30.67,3038.0,713.0,2325,2,2024,1,3,1,1,0,0,1.307,242,2024-02-01
Dettol 250ml,FMCG,68,88,0,37,86,18,2,1.02,0.92,Winter,None,Central India,29.41,3256.0,740.0,2516,2,2024,1,3,1,1,0,0,1.294,68,2024-02-01
Hajmola 100 Tabs,FMCG,45,60,0,45,230,22,2,0.67,0.9,Winter,None,Central India,33.33,2700.0,675.0,2025,2,2024,1,3,1,1,0,0,1.333,208,2024-02-01
Vicks 10g,FMCG,35,48,0,124,214,16,2,0.53,0.85,Winter,None,Central India,37.14,5952.0,1612.0,4340,2,2024,1,3,1,1,0,0,1.371,198,2024-02-01
Eno Sachet (6pc),FMCG,28,38,0,60,194,20,2,0.42,0.95,Winter,None,Central India,35.71,2280.0,600.0,1680,2,2024,1,3,1,1,0,0,1.357,174,2024-02-01
Diya Set 12pc,FMCG,38,65,0,6,159,10,5,0.57,0.88,Winter,None,Central India,71.05,390.0,162.0,228,2,2024,1,3,1,1,0,0,1.711,149,2024-02-01
Gulal Colors 100g,FMCG,22,40,0,6,148,10,4,0.33,0.75,Winter,None,Central India,81.82,240.0,108.0,132,2,2024,1,3,1,1,0,0,1.818,138,2024-02-01
Agarbatti Pack 20pc,FMCG,25,35,0,43,85,20,4,0.38,0.85,Winter,None,Central India,40.0,1505.0,430.0,1075,2,2024,1,3,1,1,0,0,1.4,65,2024-02-01
Camphor Tablets 25g,FMCG,28,40,0,32,135,14,4,0.42,0.9,Winter,None,Central India,42.86,1280.0,384.0,896,2,2024,1,3,1,1,0,0,1.429,121,2024-02-01
Mosquito Coil (10pc),FMCG,32,45,0,39,272,22,5,0.48,0.8,Winter,None,Central India,40.62,1755.0,507.0,1248,2,2024,1,3,1,1,0,0,1.406,250,2024-02-01
All Out Refill,FMCG,88,115,0,49,44,16,3,1.32,0.75,Winter,None,Central India,30.68,5635.0,1323.0,4312,2,2024,1,3,1,1,0,0,1.307,28,2024-02-01
Classmate Notebook 200pg,Stationery,48,65,0,61,89,32,1,0.72,0.85,Winter,None,Central India,35.42,3965.0,1037.0,2928,2,2024,1,3,1,1,0,0,1.354,57,2024-02-01
Reynolds Pen (10pc),Stationery,35,50,0,125,110,38,2,0.53,0.9,Winter,None,Central India,42.86,6250.0,1875.0,4375,2,2024,1,3,1,1,0,0,1.429,72,2024-02-01
Apsara Pencil (10pc),Stationery,15,22,0,64,246,28,4,0.22,0.95,Winter,None,Central India,46.67,1408.0,448.0,960,2,2024,1,3,1,1,0,0,1.467,218,2024-02-01
Fevicol 50g,Stationery,20,28,0,42,157,18,1,0.3,0.88,Winter,None,Central India,40.0,1176.0,336.0,840,2,2024,1,3,1,1,0,0,1.4,139,2024-02-01
Stapler Small,Stationery,45,65,0,28,219,10,5,0.67,0.85,Winter,None,Central India,44.44,1820.0,560.0,1260,2,2024,1,3,1,1,0,0,1.444,209,2024-02-01
Register A4 100pg,Stationery,35,50,0,31,256,12,3,0.53,0.95,Winter,None,Central India,42.86,1550.0,465.0,1085,2,2024,1,3,1,1,0,0,1.429,244,2024-02-01
Sketch Pens (12pc),Stationery,32,48,0,38,56,14,7,0.48,0.85,Winter,None,Central India,50.0,1824.0,608.0,1216,2,2024,1,3,1,1,0,0,1.5,42,2024-02-01
Scale 30cm,Stationery,8,12,0,44,207,16,2,0.12,0.92,Winter,None,Central India,50.0,528.0,176.0,352,2,2024,1,3,1,1,0,0,1.5,191,2024-02-01
Eraser Apsara,Stationery,4,7,0,56,286,24,3,0.06,0.88,Winter,None,Central India,75.0,392.0,168.0,224,2,2024,1,3,1,1,0,0,1.75,262,2024-02-01
Tape Roll,Stationery,18,28,0,22,239,12,2,0.27,0.92,Winter,None,Central India,55.56,616.0,220.0,396,2,2024,1,3,1,1,0,0,1.556,227,2024-02-01
Eveready Battery AA 4pc,Electronics,55,75,0,69,122,18,5,0.82,0.8,Winter,None,Central India,36.36,5175.0,1380.0,3795,2,2024,1,3,1,1,0,0,1.364,104,2024-02-01
Eveready Battery D 2pc,Electronics,65,90,0,21,266,12,5,0.97,0.88,Winter,None,Central India,38.46,1890.0,525.0,1365,2,2024,1,3,1,1,0,0,1.385,254,2024-02-01
CFL Bulb 9W Bajaj,Electronics,65,90,0,22,95,10,1,0.97,0.95,Winter,None,Central India,38.46,1980.0,550.0,1430,2,2024,1,3,1,1,0,0,1.385,85,2024-02-01
LED Bulb 9W Philips,Electronics,95,130,0,26,201,12,2,1.43,0.9,Winter,None,Central India,36.84,3380.0,910.0,2470,2,2024,1,3,1,1,0,0,1.368,189,2024-02-01
Extension Cord 5m,Electronics,175,240,0,16,228,10,4,2.62,0.92,Winter,None,Central India,37.14,3840.0,1040.0,2800,2,2024,1,3,1,1,0,0,1.371,218,2024-02-01
Phone Charging Cable,Electronics,65,100,0,38,209,14,5,0.97,0.75,Winter,None,Central India,53.85,3800.0,1330.0,2470,2,2024,1,3,1,1,0,0,1.538,195,2024-02-01
Earphones Basic,Electronics,85,140,0,27,36,10,4,1.27,0.8,Winter,None,Central India,64.71,3780.0,1485.0,2295,2,2024,1,3,1,1,0,0,1.647,26,2024-02-01
Gamcha (Cotton Towel),Fashion,55,80,0,45,97,16,3,0.82,0.92,Winter,None,Central India,45.45,3600.0,1125.0,2475,2,2024,1,3,1,1,0,0,1.455,81,2024-02-01
Socks Cotton (3 pair),Fashion,55,80,0,64,182,14,4,0.82,0.92,Winter,None,Central India,45.45,5120.0,1600.0,3520,2,2024,1,3,1,1,0,0,1.455,168,2024-02-01
Handkerchief 3pc,Fashion,30,45,0,39,288,12,1,0.45,0.95,Winter,None,Central India,50.0,1755.0,585.0,1170,2,2024,1,3,1,1,0,0,1.5,276,2024-02-01
Banyan Vest Cotton,Fashion,75,110,0,29,264,12,7,1.12,0.85,Winter,None,Central India,46.67,3190.0,1015.0,2175,2,2024,1,3,1,1,0,0,1.467,252,2024-02-01
Dupatta Plain,Fashion,95,150,0,21,45,10,5,1.43,0.9,Winter,None,Central India,57.89,3150.0,1155.0,1995,2,2024,1,3,1,1,0,0,1.579,35,2024-02-01
Salwar Suit Cotton,Fashion,280,450,0,13,39,10,4,4.2,0.92,Winter,None,Central India,60.71,5850.0,2210.0,3640,2,2024,1,3,1,1,0,0,1.607,29,2024-02-01
Kurta Men Cotton,Fashion,195,320,0,23,292,10,1,2.92,0.92,Winter,None,Central India,64.1,7360.0,2875.0,4485,2,2024,1,3,1,1,0,0,1.641,282,2024-02-01
Urea Fertilizer 1kg,Agriculture,35,50,0,55,32,16,5,0.53,0.88,Winter,None,Central India,42.86,2750.0,825.0,1925,2,2024,1,3,1,1,0,0,1.429,16,2024-02-01
DAP Fertilizer 1kg,Agriculture,55,75,0,33,258,12,3,0.82,0.85,Winter,None,Central India,36.36,2475.0,660.0,1815,2,2024,1,3,1,1,0,0,1.364,246,2024-02-01
Neem Pesticide 100ml,Agriculture,65,95,0,22,119,10,2,0.97,0.8,Winter,None,Central India,46.15,2090.0,660.0,1430,2,2024,1,3,1,1,0,0,1.462,109,2024-02-01
Garden Pump Sprayer 1L,Agriculture,145,210,0,17,164,10,5,2.17,0.85,Winter,None,Central India,44.83,3570.0,1105.0,2465,2,2024,1,3,1,1,0,0,1.448,154,2024-02-01
Vegetable Seeds Packet,Agriculture,28,45,0,101,69,14,1,0.42,0.85,Winter,None,Central India,60.71,4545.0,1717.0,2828,2,2024,1,3,1,1,0,0,1.607,55,2024-02-01
Basmati Rice 5kg,Grocery,280,340,0,103,258,34,4,4.2,0.88,Summer,Holi,Central India,21.43,35020.0,6180.0,28840,3,2024,1,4,1,1,0,1,1.214,224,2024-03-01
Atta Aashirvaad 10kg,Grocery,330,390,0,69,206,38,7,4.95,0.88,Summer,None,Central India,18.18,26910.0,4140.0,22770,3,2024,1,4,1,1,0,0,1.182,168,2024-03-01
Toor Dal 1kg,Grocery,130,155,0,82,213,30,5,1.95,0.85,Summer,None,Central India,19.23,12710.0,2050.0,10660,3,2024,1,4,1,1,0,0,1.192,183,2024-03-01
Chana Dal 1kg,Grocery,90,112,10,65,290,24,2,1.35,0.95,Summer,Holi,Central India,24.44,6552.0,702.0,5850,3,2024,1,4,1,1,0,1,1.244,266,2024-03-01
Mustard Oil 1L,Grocery,155,185,0,78,249,28,2,2.32,0.8,Summer,None,Central India,19.35,14430.0,2340.0,12090,3,2024,1,4,1,1,0,0,1.194,221,2024-03-01
Refined Oil Soya 5L,Grocery,580,680,0,60,216,20,3,8.7,0.9,Summer,None,Central India,17.24,40800.0,6000.0,34800,3,2024,1,4,1,1,0,0,1.172,196,2024-03-01
Sugar 1kg,Grocery,42,50,0,184,170,48,3,0.63,0.92,Summer,Holi,Central India,19.05,9200.0,1472.0,7728,3,2024,1,4,1,1,0,1,1.19,122,2024-03-01
Salt Tata 1kg,Grocery,18,22,0,60,141,36,3,0.27,0.92,Summer,None,Central India,22.22,1320.0,240.0,1080,3,2024,1,4,1,1,0,0,1.222,105,2024-03-01
Poha 500g,Grocery,28,36,0,62,25,22,7,0.42,0.8,Summer,None,Central India,28.57,2232.0,496.0,1736,3,2024,1,4,1,1,0,0,1.286,3,2024-03-01
Maida 1kg,Grocery,32,40,0,81,115,18,1,0.48,0.9,Summer,Holi,Central India,25.0,3240.0,648.0,2592,3,2024,1,4,1,1,0,1,1.25,97,2024-03-01
Besan 500g,Grocery,38,48,0,84,125,16,2,0.57,0.85,Summer,Holi,Central India,26.32,4032.0,840.0,3192,3,2024,1,4,1,1,0,1,1.263,109,2024-03-01
Rajma 500g,Grocery,65,82,0,39,115,14,3,0.97,0.95,Summer,None,Central India,26.15,3198.0,663.0,2535,3,2024,1,4,1,1,0,0,1.262,101,2024-03-01
Haldi Powder 100g,Grocery,28,38,0,68,233,20,7,0.42,0.92,Summer,None,Central India,35.71,2584.0,680.0,1904,3,2024,1,4,1,1,0,0,1.357,213,2024-03-01
Red Chilli Powder 100g,Grocery,30,42,0,45,41,19,1,0.45,0.88,Summer,None,Central India,40.0,1890.0,540.0,1350,3,2024,1,4,1,1,0,0,1.4,22,2024-03-01
Coriander Powder 100g,Grocery,22,32,0,61,270,18,2,0.33,0.85,Summer,None,Central India,45.45,1952.0,610.0,1342,3,2024,1,4,1,1,0,0,1.455,252,2024-03-01
Tea Brooke Bond 500g,Grocery,175,215,0,63,95,32,5,2.62,0.92,Summer,None,Central India,22.86,13545.0,2520.0,11025,3,2024,1,4,1,1,0,0,1.229,63,2024-03-01
Tea Tata Gold 250g,Grocery,105,130,0,60,252,26,1,1.57,0.95,Summer,None,Central India,23.81,7800.0,1500.0,6300,3,2024,1,4,1,1,0,0,1.238,226,2024-03-01
Dry Coconut 200g,Grocery,95,125,0,34,221,12,2,1.43,0.9,Summer,None,Central India,31.58,4250.0,1020.0,3230,3,2024,1,4,1,1,0,0,1.316,209,2024-03-01
Saunf 100g,Grocery,22,30,0,32,275,14,5,0.33,0.92,Summer,None,Central India,36.36,960.0,256.0,704,3,2024,1,4,1,1,0,0,1.364,261,2024-03-01
Lifebuoy Soap 100g,FMCG,28,36,0,118,256,36,7,0.42,0.95,Summer,None,Central India,28.57,4248.0,944.0,3304,3,2024,1,4,1,1,0,0,1.286,220,2024-03-01
Lux Soap 75g,FMCG,32,42,0,105,113,28,5,0.48,0.95,Summer,None,Central India,31.25,4410.0,1050.0,3360,3,2024,1,4,1,1,0,0,1.312,85,2024-03-01
Colgate 200g,FMCG,82,100,0,73,44,26,4,1.23,0.85,Summer,None,Central India,21.95,7300.0,1314.0,5986,3,2024,1,4,1,1,0,0,1.22,18,2024-03-01
Pepsodent 200g,FMCG,75,92,0,47,118,22,2,1.12,0.85,Summer,None,Central India,22.67,4324.0,799.0,3525,3,2024,1,4,1,1,0,0,1.227,96,2024-03-01
Clinic Plus Shampoo 80ml,FMCG,55,72,0,57,104,20,3,0.82,0.92,Summer,None,Central India,30.91,4104.0,969.0,3135,3,2024,1,4,1,1,0,0,1.309,84,2024-03-01
Sunsilk Shampoo 80ml,FMCG,58,75,0,52,140,18,2,0.87,0.8,Summer,None,Central India,29.31,3900.0,884.0,3016,3,2024,1,4,1,1,0,0,1.293,122,2024-03-01
Surf Excel 1kg,FMCG,130,165,0,55,73,22,2,1.95,0.85,Summer,None,Central India,26.92,9075.0,1925.0,7150,3,2024,1,4,1,1,0,0,1.269,51,2024-03-01
Ariel 500g,FMCG,95,120,0,47,206,18,2,1.43,0.92,Summer,None,Central India,26.32,5640.0,1175.0,4465,3,2024,1,4,1,1,0,0,1.263,188,2024-03-01
Parle-G 800g,FMCG,45,58,0,128,258,48,7,0.67,0.8,Summer,None,Central India,28.89,7424.0,1664.0,5760,3,2024,1,4,1,1,0,0,1.289,210,2024-03-01
Good Day Biscuit 250g,FMCG,28,38,0,63,265,34,2,0.42,0.8,Summer,None,Central India,35.71,2394.0,630.0,1764,3,2024,1,4,1,1,0,0,1.357,231,2024-03-01
Hide & Seek 100g,FMCG,32,45,0,82,98,24,5,0.48,0.95,Summer,None,Central India,40.62,3690.0,1066.0,2624,3,2024,1,4,1,1,0,0,1.406,74,2024-03-01
Maggi Noodles 70g,FMCG,12,15,0,163,82,60,7,0.18,0.88,Summer,None,Central India,25.0,2445.0,489.0,1956,3,2024,1,4,1,1,0,0,1.25,22,2024-03-01
Maggi Noodles 4-Pack,FMCG,52,65,0,77,31,36,3,0.78,0.92,Summer,None,Central India,25.0,5005.0,1001.0,4004,3,2024,1,4,1,1,0,0,1.25,-5,2024-03-01
Lay's Chips 26g,FMCG,15,20,0,276,27,80,3,0.22,0.8,Summer,None,Central India,33.33,5520.0,1380.0,4140,3,2024,1,4,1,1,0,0,1.333,-53,2024-03-01
Kurkure 65g,FMCG,18,25,0,220,227,70,3,0.27,0.88,Summer,None,Central India,38.89,5500.0,1540.0,3960,3,2024,1,4,1,1,0,0,1.389,157,2024-03-01
Haldirams Namkeen 200g,FMCG,55,75,8,189,289,38,2,0.82,0.95,Summer,Holi,Central India,36.36,13041.0,2646.0,10395,3,2024,1,4,1,1,0,1,1.364,251,2024-03-01
Haldirams Mixture 400g,FMCG,110,148,10,137,214,28,5,1.65,0.88,Summer,Holi,Central India,34.55,18248.4,3178.4,15070,3,2024,1,4,1,1,0,1,1.345,186,2024-03-01
Frooti 200ml,FMCG,12,15,0,883,125,100,3,0.18,0.9,Summer,None,Central India,25.0,13245.0,2649.0,10596,3,2024,1,4,1,1,0,0,1.25,25,2024-03-01
Maaza 250ml,FMCG,18,22,0,805,46,80,5,0.27,0.88,Summer,None,Central India,22.22,17710.0,3220.0,14490,3,2024,1,4,1,1,0,0,1.222,-34,2024-03-01
Thums Up 600ml,FMCG,38,45,0,633,183,72,2,0.57,0.92,Summer,None,Central India,18.42,28485.0,4431.0,24054,3,2024,1,4,1,1,0,0,1.184,111,2024-03-01
Limca 600ml,FMCG,35,42,0,395,243,60,7,0.53,0.8,Summer,None,Central India,20.0,16590.0,2765.0,13825,3,2024,1,4,1,1,0,0,1.2,183,2024-03-01
Glucon-D 200g,FMCG,55,72,0,180,160,26,2,0.82,0.92,Summer,None,Central India,30.91,12960.0,3060.0,9900,3,2024,1,4,1,1,0,0,1.309,134,2024-03-01
ORS Sachets (5pc),FMCG,22,30,0,73,240,18,3,0.33,0.92,Summer,None,Central India,36.36,2190.0,584.0,1606,3,2024,1,4,1,1,0,0,1.364,222,2024-03-01
Vim Bar 200g,FMCG,25,32,0,50,250,24,2,0.38,0.85,Summer,None,Central India,28.0,1600.0,350.0,1250,3,2024,1,4,1,1,0,0,1.28,226,2024-03-01
Harpic 500ml,FMCG,75,98,0,30,57,14,4,1.12,0.88,Summer,None,Central India,30.67,2940.0,690.0,2250,3,2024,1,4,1,1,0,0,1.307,43,2024-03-01
Dettol 250ml,FMCG,68,88,0,57,28,18,7,1.02,0.88,Summer,None,Central India,29.41,5016.0,1140.0,3876,3,2024,1,4,1,1,0,0,1.294,10,2024-03-01
Hajmola 100 Tabs,FMCG,45,60,0,103,69,22,2,0.67,0.9,Summer,None,Central India,33.33,6180.0,1545.0,4635,3,2024,1,4,1,1,0,0,1.333,47,2024-03-01
Vicks 10g,FMCG,35,48,0,46,184,16,4,0.53,0.8,Summer,None,Central India,37.14,2208.0,598.0,1610,3,2024,1,4,1,1,0,0,1.371,168,2024-03-01
Eno Sachet (6pc),FMCG,28,38,0,47,96,20,2,0.42,0.75,Summer,None,Central India,35.71,1786.0,470.0,1316,3,2024,1,4,1,1,0,0,1.357,76,2024-03-01
Diya Set 12pc,FMCG,38,65,0,10,208,10,5,0.57,0.85,Summer,None,Central India,71.05,650.0,270.0,380,3,2024,1,4,1,1,0,0,1.711,198,2024-03-01
Gulal Colors 100g,FMCG,22,40,0,155,206,10,3,0.33,0.8,Summer,Holi,Central India,81.82,6200.0,2790.0,3410,3,2024,1,4,1,1,0,1,1.818,196,2024-03-01
Agarbatti Pack 20pc,FMCG,25,35,0,36,292,20,7,0.38,0.92,Summer,None,Central India,40.0,1260.0,360.0,900,3,2024,1,4,1,1,0,0,1.4,272,2024-03-01
Camphor Tablets 25g,FMCG,28,40,0,32,264,14,5,0.42,0.85,Summer,None,Central India,42.86,1280.0,384.0,896,3,2024,1,4,1,1,0,0,1.429,250,2024-03-01
Mosquito Coil (10pc),FMCG,32,45,0,104,23,22,5,0.48,0.8,Summer,None,Central India,40.62,4680.0,1352.0,3328,3,2024,1,4,1,1,0,0,1.406,1,2024-03-01
All Out Refill,FMCG,88,115,0,72,114,16,1,1.32,0.75,Summer,None,Central India,30.68,8280.0,1944.0,6336,3,2024,1,4,1,1,0,0,1.307,98,2024-03-01
Classmate Notebook 200pg,Stationery,48,65,0,19,66,32,3,0.72,0.9,Summer,None,Central India,35.42,1235.0,323.0,912,3,2024,1,4,1,1,0,0,1.354,34,2024-03-01
Reynolds Pen (10pc),Stationery,35,50,0,101,125,38,5,0.53,0.8,Summer,None,Central India,42.86,5050.0,1515.0,3535,3,2024,1,4,1,1,0,0,1.429,87,2024-03-01
Apsara Pencil (10pc),Stationery,15,22,0,79,38,28,2,0.22,0.85,Summer,None,Central India,46.67,1738.0,553.0,1185,3,2024,1,4,1,1,0,0,1.467,10,2024-03-01
Fevicol 50g,Stationery,20,28,0,70,190,18,2,0.3,0.9,Summer,None,Central India,40.0,1960.0,560.0,1400,3,2024,1,4,1,1,0,0,1.4,172,2024-03-01
Stapler Small,Stationery,45,65,0,24,244,10,3,0.67,0.75,Summer,None,Central India,44.44,1560.0,480.0,1080,3,2024,1,4,1,1,0,0,1.444,234,2024-03-01
Register A4 100pg,Stationery,35,50,0,32,61,12,5,0.53,0.9,Summer,None,Central India,42.86,1600.0,480.0,1120,3,2024,1,4,1,1,0,0,1.429,49,2024-03-01
Sketch Pens (12pc),Stationery,32,48,0,29,204,14,3,0.48,0.8,Summer,None,Central India,50.0,1392.0,464.0,928,3,2024,1,4,1,1,0,0,1.5,190,2024-03-01
Scale 30cm,Stationery,8,12,0,47,60,16,7,0.12,0.8,Summer,None,Central India,50.0,564.0,188.0,376,3,2024,1,4,1,1,0,0,1.5,44,2024-03-01
Eraser Apsara,Stationery,4,7,0,69,31,24,7,0.06,0.75,Summer,None,Central India,75.0,483.0,207.0,276,3,2024,1,4,1,1,0,0,1.75,7,2024-03-01
Tape Roll,Stationery,18,28,0,25,95,12,2,0.27,0.75,Summer,None,Central India,55.56,700.0,250.0,450,3,2024,1,4,1,1,0,0,1.556,83,2024-03-01
Eveready Battery AA 4pc,Electronics,55,75,0,59,195,18,3,0.82,0.95,Summer,None,Central India,36.36,4425.0,1180.0,3245,3,2024,1,4,1,1,0,0,1.364,177,2024-03-01
Eveready Battery D 2pc,Electronics,65,90,0,35,79,12,2,0.97,0.75,Summer,None,Central India,38.46,3150.0,875.0,2275,3,2024,1,4,1,1,0,0,1.385,67,2024-03-01
CFL Bulb 9W Bajaj,Electronics,65,90,0,32,178,10,1,0.97,0.92,Summer,None,Central India,38.46,2880.0,800.0,2080,3,2024,1,4,1,1,0,0,1.385,168,2024-03-01
LED Bulb 9W Philips,Electronics,95,130,0,37,213,12,3,1.43,0.95,Summer,None,Central India,36.84,4810.0,1295.0,3515,3,2024,1,4,1,1,0,0,1.368,201,2024-03-01
Extension Cord 5m,Electronics,175,240,0,16,144,10,5,2.62,0.9,Summer,None,Central India,37.14,3840.0,1040.0,2800,3,2024,1,4,1,1,0,0,1.371,134,2024-03-01
Phone Charging Cable,Electronics,65,100,0,44,129,14,4,0.97,0.9,Summer,None,Central India,53.85,4400.0,1540.0,2860,3,2024,1,4,1,1,0,0,1.538,115,2024-03-01
Earphones Basic,Electronics,85,140,0,18,147,10,2,1.27,0.88,Summer,None,Central India,64.71,2520.0,990.0,1530,3,2024,1,4,1,1,0,0,1.647,137,2024-03-01
Gamcha (Cotton Towel),Fashion,55,80,0,102,169,16,7,0.82,0.92,Summer,None,Central India,45.45,8160.0,2550.0,5610,3,2024,1,4,1,1,0,0,1.455,153,2024-03-01
Socks Cotton (3 pair),Fashion,55,80,0,31,225,14,5,0.82,0.9,Summer,None,Central India,45.45,2480.0,775.0,1705,3,2024,1,4,1,1,0,0,1.455,211,2024-03-01
Handkerchief 3pc,Fashion,30,45,0,57,236,12,7,0.45,0.75,Summer,None,Central India,50.0,2565.0,855.0,1710,3,2024,1,4,1,1,0,0,1.5,224,2024-03-01
Banyan Vest Cotton,Fashion,75,110,0,55,214,12,5,1.12,0.9,Summer,None,Central India,46.67,6050.0,1925.0,4125,3,2024,1,4,1,1,0,0,1.467,202,2024-03-01
Dupatta Plain,Fashion,95,150,0,25,142,10,7,1.43,0.85,Summer,None,Central India,57.89,3750.0,1375.0,2375,3,2024,1,4,1,1,0,0,1.579,132,2024-03-01
Salwar Suit Cotton,Fashion,280,450,0,18,262,10,4,4.2,0.95,Summer,None,Central India,60.71,8100.0,3060.0,5040,3,2024,1,4,1,1,0,0,1.607,252,2024-03-01
Kurta Men Cotton,Fashion,195,320,0,21,225,10,4,2.92,0.88,Summer,None,Central India,64.1,6720.0,2625.0,4095,3,2024,1,4,1,1,0,0,1.641,215,2024-03-01
Urea Fertilizer 1kg,Agriculture,35,50,0,114,161,16,3,0.53,0.95,Summer,None,Central India,42.86,5700.0,1710.0,3990,3,2024,1,4,1,1,0,0,1.429,145,2024-03-01
DAP Fertilizer 1kg,Agriculture,55,75,0,50,65,12,7,0.82,0.95,Summer,None,Central India,36.36,3750.0,1000.0,2750,3,2024,1,4,1,1,0,0,1.364,53,2024-03-01
Neem Pesticide 100ml,Agriculture,65,95,0,50,128,10,2,0.97,0.88,Summer,None,Central India,46.15,4750.0,1500.0,3250,3,2024,1,4,1,1,0,0,1.462,118,2024-03-01
Garden Pump Sprayer 1L,Agriculture,145,210,0,27,123,10,7,2.17,0.85,Summer,None,Central India,44.83,5670.0,1755.0,3915,3,2024,1,4,1,1,0,0,1.448,113,2024-03-01
Vegetable Seeds Packet,Agriculture,28,45,0,84,264,14,5,0.42,0.85,Summer,None,Central India,60.71,3780.0,1428.0,2352,3,2024,1,4,1,1,0,0,1.607,250,2024-03-01
Basmati Rice 5kg,Grocery,280,340,0,86,292,34,3,4.2,0.85,Summer,None,Central India,21.43,29240.0,5160.0,24080,4,2024,1,0,1,2,0,0,1.214,258,2024-04-01
Atta Aashirvaad 10kg,Grocery,330,390,0,127,114,38,4,4.95,0.8,Summer,None,Central India,18.18,49530.0,7620.0,41910,4,2024,1,0,1,2,0,0,1.182,76,2024-04-01
Toor Dal 1kg,Grocery,130,155,0,84,238,30,1,1.95,0.95,Summer,None,Central India,19.23,13020.0,2100.0,10920,4,2024,1,0,1,2,0,0,1.192,208,2024-04-01
Chana Dal 1kg,Grocery,90,112,0,51,115,24,2,1.35,0.95,Summer,None,Central India,24.44,5712.0,1122.0,4590,4,2024,1,0,1,2,0,0,1.244,91,2024-04-01
Mustard Oil 1L,Grocery,155,185,0,74,73,28,7,2.32,0.85,Summer,None,Central India,19.35,13690.0,2220.0,11470,4,2024,1,0,1,2,0,0,1.194,45,2024-04-01
Refined Oil Soya 5L,Grocery,580,680,0,64,118,20,3,8.7,0.92,Summer,None,Central India,17.24,43520.0,6400.0,37120,4,2024,1,0,1,2,0,0,1.172,98,2024-04-01
Sugar 1kg,Grocery,42,50,0,131,212,48,5,0.63,0.8,Summer,None,Central India,19.05,6550.0,1048.0,5502,4,2024,1,0,1,2,0,0,1.19,164,2024-04-01
Salt Tata 1kg,Grocery,18,22,0,62,213,36,3,0.27,0.88,Summer,None,Central India,22.22,1364.0,248.0,1116,4,2024,1,0,1,2,0,0,1.222,177,2024-04-01
Poha 500g,Grocery,28,36,0,56,27,22,3,0.42,0.85,Summer,None,Central India,28.57,2016.0,448.0,1568,4,2024,1,0,1,2,0,0,1.286,5,2024-04-01
Maida 1kg,Grocery,32,40,0,60,216,18,2,0.48,0.88,Summer,None,Central India,25.0,2400.0,480.0,1920,4,2024,1,0,1,2,0,0,1.25,198,2024-04-01
Besan 500g,Grocery,38,48,0,37,223,16,3,0.57,0.9,Summer,None,Central India,26.32,1776.0,370.0,1406,4,2024,1,0,1,2,0,0,1.263,207,2024-04-01
Rajma 500g,Grocery,65,82,0,43,262,14,4,0.97,0.85,Summer,None,Central India,26.15,3526.0,731.0,2795,4,2024,1,0,1,2,0,0,1.262,248,2024-04-01
Haldi Powder 100g,Grocery,28,38,0,47,121,20,2,0.42,0.9,Summer,None,Central India,35.71,1786.0,470.0,1316,4,2024,1,0,1,2,0,0,1.357,101,2024-04-01
Red Chilli Powder 100g,Grocery,30,42,0,58,105,19,3,0.45,0.88,Summer,None,Central India,40.0,2436.0,696.0,1740,4,2024,1,0,1,2,0,0,1.4,86,2024-04-01
Coriander Powder 100g,Grocery,22,32,0,58,130,18,3,0.33,0.9,Summer,None,Central India,45.45,1856.0,580.0,1276,4,2024,1,0,1,2,0,0,1.455,112,2024-04-01
Tea Brooke Bond 500g,Grocery,175,215,0,80,219,32,2,2.62,0.8,Summer,None,Central India,22.86,17200.0,3200.0,14000,4,2024,1,0,1,2,0,0,1.229,187,2024-04-01
Tea Tata Gold 250g,Grocery,105,130,0,75,259,26,2,1.57,0.8,Summer,None,Central India,23.81,9750.0,1875.0,7875,4,2024,1,0,1,2,0,0,1.238,233,2024-04-01
Dry Coconut 200g,Grocery,95,125,0,26,156,12,3,1.43,0.85,Summer,None,Central India,31.58,3250.0,780.0,2470,4,2024,1,0,1,2,0,0,1.316,144,2024-04-01
Saunf 100g,Grocery,22,30,0,31,259,14,5,0.33,0.85,Summer,None,Central India,36.36,930.0,248.0,682,4,2024,1,0,1,2,0,0,1.364,245,2024-04-01
Lifebuoy Soap 100g,FMCG,28,36,0,176,286,36,2,0.42,0.8,Summer,None,Central India,28.57,6336.0,1408.0,4928,4,2024,1,0,1,2,0,0,1.286,250,2024-04-01
Lux Soap 75g,FMCG,32,42,0,138,30,28,4,0.48,0.8,Summer,None,Central India,31.25,5796.0,1380.0,4416,4,2024,1,0,1,2,0,0,1.312,2,2024-04-01
Colgate 200g,FMCG,82,100,0,95,249,26,1,1.23,0.8,Summer,None,Central India,21.95,9500.0,1710.0,7790,4,2024,1,0,1,2,0,0,1.22,223,2024-04-01
Pepsodent 200g,FMCG,75,92,0,59,239,22,1,1.12,0.85,Summer,None,Central India,22.67,5428.0,1003.0,4425,4,2024,1,0,1,2,0,0,1.227,217,2024-04-01
Clinic Plus Shampoo 80ml,FMCG,55,72,0,57,282,20,2,0.82,0.95,Summer,None,Central India,30.91,4104.0,969.0,3135,4,2024,1,0,1,2,0,0,1.309,262,2024-04-01
Sunsilk Shampoo 80ml,FMCG,58,75,0,59,173,18,4,0.87,0.92,Summer,None,Central India,29.31,4425.0,1003.0,3422,4,2024,1,0,1,2,0,0,1.293,155,2024-04-01
Surf Excel 1kg,FMCG,130,165,0,64,65,22,3,1.95,0.75,Summer,None,Central India,26.92,10560.0,2240.0,8320,4,2024,1,0,1,2,0,0,1.269,43,2024-04-01
Ariel 500g,FMCG,95,120,0,47,288,18,1,1.43,0.9,Summer,None,Central India,26.32,5640.0,1175.0,4465,4,2024,1,0,1,2,0,0,1.263,270,2024-04-01
Parle-G 800g,FMCG,45,58,0,105,137,48,3,0.67,0.85,Summer,None,Central India,28.89,6090.0,1365.0,4725,4,2024,1,0,1,2,0,0,1.289,89,2024-04-01
Good Day Biscuit 250g,FMCG,28,38,0,112,26,34,4,0.42,0.8,Summer,None,Central India,35.71,4256.0,1120.0,3136,4,2024,1,0,1,2,0,0,1.357,-8,2024-04-01
Hide & Seek 100g,FMCG,32,45,0,72,234,24,3,0.48,0.95,Summer,None,Central India,40.62,3240.0,936.0,2304,4,2024,1,0,1,2,0,0,1.406,210,2024-04-01
Maggi Noodles 70g,FMCG,12,15,0,158,47,60,2,0.18,0.95,Summer,None,Central India,25.0,2370.0,474.0,1896,4,2024,1,0,1,2,0,0,1.25,-13,2024-04-01
Maggi Noodles 4-Pack,FMCG,52,65,0,115,48,36,2,0.78,0.75,Summer,None,Central India,25.0,7475.0,1495.0,5980,4,2024,1,0,1,2,0,0,1.25,12,2024-04-01
Lay's Chips 26g,FMCG,15,20,0,274,183,80,4,0.22,0.92,Summer,None,Central India,33.33,5480.0,1370.0,4110,4,2024,1,0,1,2,0,0,1.333,103,2024-04-01
Kurkure 65g,FMCG,18,25,0,245,227,70,4,0.27,0.92,Summer,None,Central India,38.89,6125.0,1715.0,4410,4,2024,1,0,1,2,0,0,1.389,157,2024-04-01
Haldirams Namkeen 200g,FMCG,55,75,0,89,112,38,3,0.82,0.95,Summer,None,Central India,36.36,6675.0,1780.0,4895,4,2024,1,0,1,2,0,0,1.364,74,2024-04-01
Haldirams Mixture 400g,FMCG,110,148,0,79,125,28,2,1.65,0.95,Summer,None,Central India,34.55,11692.0,3002.0,8690,4,2024,1,0,1,2,0,0,1.345,97,2024-04-01
Frooti 200ml,FMCG,12,15,0,805,200,100,7,0.18,0.92,Summer,None,Central India,25.0,12075.0,2415.0,9660,4,2024,1,0,1,2,0,0,1.25,100,2024-04-01
Maaza 250ml,FMCG,18,22,0,547,106,80,1,0.27,0.8,Summer,None,Central India,22.22,12034.0,2188.0,9846,4,2024,1,0,1,2,0,0,1.222,26,2024-04-01
Thums Up 600ml,FMCG,38,45,0,501,26,72,4,0.57,0.75,Summer,None,Central India,18.42,22545.0,3507.0,19038,4,2024,1,0,1,2,0,0,1.184,-46,2024-04-01
Limca 600ml,FMCG,35,42,0,536,249,60,2,0.53,0.88,Summer,None,Central India,20.0,22512.0,3752.0,18760,4,2024,1,0,1,2,0,0,1.2,189,2024-04-01
Glucon-D 200g,FMCG,55,72,0,126,180,26,1,0.82,0.88,Summer,None,Central India,30.91,9072.0,2142.0,6930,4,2024,1,0,1,2,0,0,1.309,154,2024-04-01
ORS Sachets (5pc),FMCG,22,30,0,69,151,18,2,0.33,0.92,Summer,None,Central India,36.36,2070.0,552.0,1518,4,2024,1,0,1,2,0,0,1.364,133,2024-04-01
Vim Bar 200g,FMCG,25,32,0,60,237,24,3,0.38,0.75,Summer,None,Central India,28.0,1920.0,420.0,1500,4,2024,1,0,1,2,0,0,1.28,213,2024-04-01
Harpic 500ml,FMCG,75,98,0,36,208,14,2,1.12,0.9,Summer,None,Central India,30.67,3528.0,828.0,2700,4,2024,1,0,1,2,0,0,1.307,194,2024-04-01
Dettol 250ml,FMCG,68,88,0,45,263,18,2,1.02,0.85,Summer,None,Central India,29.41,3960.0,900.0,3060,4,2024,1,0,1,2,0,0,1.294,245,2024-04-01
Hajmola 100 Tabs,FMCG,45,60,0,109,165,22,3,0.67,0.88,Summer,None,Central India,33.33,6540.0,1635.0,4905,4,2024,1,0,1,2,0,0,1.333,143,2024-04-01
Vicks 10g,FMCG,35,48,0,44,35,16,2,0.53,0.95,Summer,None,Central India,37.14,2112.0,572.0,1540,4,2024,1,0,1,2,0,0,1.371,19,2024-04-01
Eno Sachet (6pc),FMCG,28,38,0,50,36,20,5,0.42,0.92,Summer,None,Central India,35.71,1900.0,500.0,1400,4,2024,1,0,1,2,0,0,1.357,16,2024-04-01
Diya Set 12pc,FMCG,38,65,0,10,58,10,1,0.57,0.88,Summer,None,Central India,71.05,650.0,270.0,380,4,2024,1,0,1,2,0,0,1.711,48,2024-04-01
Gulal Colors 100g,FMCG,22,40,0,5,85,10,3,0.33,0.88,Summer,None,Central India,81.82,200.0,90.0,110,4,2024,1,0,1,2,0,0,1.818,75,2024-04-01
Agarbatti Pack 20pc,FMCG,25,35,0,44,241,20,3,0.38,0.8,Summer,None,Central India,40.0,1540.0,440.0,1100,4,2024,1,0,1,2,0,0,1.4,221,2024-04-01
Camphor Tablets 25g,FMCG,28,40,0,31,272,14,1,0.42,0.95,Summer,None,Central India,42.86,1240.0,372.0,868,4,2024,1,0,1,2,0,0,1.429,258,2024-04-01
Mosquito Coil (10pc),FMCG,32,45,0,105,106,22,2,0.48,0.9,Summer,None,Central India,40.62,4725.0,1365.0,3360,4,2024,1,0,1,2,0,0,1.406,84,2024-04-01
All Out Refill,FMCG,88,115,0,99,171,16,4,1.32,0.85,Summer,None,Central India,30.68,11385.0,2673.0,8712,4,2024,1,0,1,2,0,0,1.307,155,2024-04-01
Classmate Notebook 200pg,Stationery,48,65,0,18,120,32,2,0.72,0.95,Summer,None,Central India,35.42,1170.0,306.0,864,4,2024,1,0,1,2,0,0,1.354,88,2024-04-01
Reynolds Pen (10pc),Stationery,35,50,0,112,265,38,3,0.53,0.88,Summer,None,Central India,42.86,5600.0,1680.0,3920,4,2024,1,0,1,2,0,0,1.429,227,2024-04-01
Apsara Pencil (10pc),Stationery,15,22,0,93,266,28,3,0.22,0.75,Summer,None,Central India,46.67,2046.0,651.0,1395,4,2024,1,0,1,2,0,0,1.467,238,2024-04-01
Fevicol 50g,Stationery,20,28,0,31,277,18,3,0.3,0.95,Summer,None,Central India,40.0,868.0,248.0,620,4,2024,1,0,1,2,0,0,1.4,259,2024-04-01
Stapler Small,Stationery,45,65,0,24,191,10,4,0.67,0.8,Summer,None,Central India,44.44,1560.0,480.0,1080,4,2024,1,0,1,2,0,0,1.444,181,2024-04-01
Register A4 100pg,Stationery,35,50,0,37,255,12,4,0.53,0.9,Summer,None,Central India,42.86,1850.0,555.0,1295,4,2024,1,0,1,2,0,0,1.429,243,2024-04-01
Sketch Pens (12pc),Stationery,32,48,0,39,205,14,1,0.48,0.88,Summer,None,Central India,50.0,1872.0,624.0,1248,4,2024,1,0,1,2,0,0,1.5,191,2024-04-01
Scale 30cm,Stationery,8,12,0,45,117,16,3,0.12,0.92,Summer,None,Central India,50.0,540.0,180.0,360,4,2024,1,0,1,2,0,0,1.5,101,2024-04-01
Eraser Apsara,Stationery,4,7,0,78,191,24,5,0.06,0.92,Summer,None,Central India,75.0,546.0,234.0,312,4,2024,1,0,1,2,0,0,1.75,167,2024-04-01
Tape Roll,Stationery,18,28,0,18,104,12,5,0.27,0.85,Summer,None,Central India,55.56,504.0,180.0,324,4,2024,1,0,1,2,0,0,1.556,92,2024-04-01
Eveready Battery AA 4pc,Electronics,55,75,0,35,163,18,5,0.82,0.92,Summer,None,Central India,36.36,2625.0,700.0,1925,4,2024,1,0,1,2,0,0,1.364,145,2024-04-01
Eveready Battery D 2pc,Electronics,65,90,0,30,198,12,5,0.97,0.75,Summer,None,Central India,38.46,2700.0,750.0,1950,4,2024,1,0,1,2,0,0,1.385,186,2024-04-01
CFL Bulb 9W Bajaj,Electronics,65,90,0,21,284,10,2,0.97,0.9,Summer,None,Central India,38.46,1890.0,525.0,1365,4,2024,1,0,1,2,0,0,1.385,274,2024-04-01
LED Bulb 9W Philips,Electronics,95,130,0,34,216,12,2,1.43,0.9,Summer,None,Central India,36.84,4420.0,1190.0,3230,4,2024,1,0,1,2,0,0,1.368,204,2024-04-01
Extension Cord 5m,Electronics,175,240,0,17,270,10,5,2.62,0.8,Summer,None,Central India,37.14,4080.0,1105.0,2975,4,2024,1,0,1,2,0,0,1.371,260,2024-04-01
Phone Charging Cable,Electronics,65,100,0,37,285,14,3,0.97,0.9,Summer,None,Central India,53.85,3700.0,1295.0,2405,4,2024,1,0,1,2,0,0,1.538,271,2024-04-01
Earphones Basic,Electronics,85,140,0,23,54,10,4,1.27,0.88,Summer,None,Central India,64.71,3220.0,1265.0,1955,4,2024,1,0,1,2,0,0,1.647,44,2024-04-01
Gamcha (Cotton Towel),Fashion,55,80,0,90,166,16,2,0.82,0.95,Summer,None,Central India,45.45,7200.0,2250.0,4950,4,2024,1,0,1,2,0,0,1.455,150,2024-04-01
Socks Cotton (3 pair),Fashion,55,80,0,20,141,14,3,0.82,0.95,Summer,None,Central India,45.45,1600.0,500.0,1100,4,2024,1,0,1,2,0,0,1.455,127,2024-04-01
Handkerchief 3pc,Fashion,30,45,0,42,64,12,7,0.45,0.95,Summer,None,Central India,50.0,1890.0,630.0,1260,4,2024,1,0,1,2,0,0,1.5,52,2024-04-01
Banyan Vest Cotton,Fashion,75,110,0,51,35,12,3,1.12,0.85,Summer,None,Central India,46.67,5610.0,1785.0,3825,4,2024,1,0,1,2,0,0,1.467,23,2024-04-01
Dupatta Plain,Fashion,95,150,0,22,34,10,5,1.43,0.92,Summer,None,Central India,57.89,3300.0,1210.0,2090,4,2024,1,0,1,2,0,0,1.579,24,2024-04-01
Salwar Suit Cotton,Fashion,280,450,0,23,245,10,1,4.2,0.92,Summer,None,Central India,60.71,10350.0,3910.0,6440,4,2024,1,0,1,2,0,0,1.607,235,2024-04-01
Kurta Men Cotton,Fashion,195,320,0,26,20,10,2,2.92,0.85,Summer,None,Central India,64.1,8320.0,3250.0,5070,4,2024,1,0,1,2,0,0,1.641,10,2024-04-01
Urea Fertilizer 1kg,Agriculture,35,50,0,105,227,16,4,0.53,0.75,Summer,None,Central India,42.86,5250.0,1575.0,3675,4,2024,1,0,1,2,0,0,1.429,211,2024-04-01
DAP Fertilizer 1kg,Agriculture,55,75,0,45,298,12,2,0.82,0.92,Summer,None,Central India,36.36,3375.0,900.0,2475,4,2024,1,0,1,2,0,0,1.364,286,2024-04-01
Neem Pesticide 100ml,Agriculture,65,95,0,49,44,10,2,0.97,0.92,Summer,None,Central India,46.15,4655.0,1470.0,3185,4,2024,1,0,1,2,0,0,1.462,34,2024-04-01
Garden Pump Sprayer 1L,Agriculture,145,210,0,28,165,10,2,2.17,0.88,Summer,None,Central India,44.83,5880.0,1820.0,4060,4,2024,1,0,1,2,0,0,1.448,155,2024-04-01
Vegetable Seeds Packet,Agriculture,28,45,0,46,111,14,2,0.42,0.85,Summer,None,Central India,60.71,2070.0,782.0,1288,4,2024,1,0,1,2,0,0,1.607,97,2024-04-01
Basmati Rice 5kg,Grocery,280,340,0,84,239,34,1,4.2,0.88,Summer,None,Central India,21.43,28560.0,5040.0,23520,5,2024,1,2,1,2,0,0,1.214,205,2024-05-01
Atta Aashirvaad 10kg,Grocery,330,390,0,129,268,38,2,4.95,0.85,Summer,None,Central India,18.18,50310.0,7740.0,42570,5,2024,1,2,1,2,0,0,1.182,230,2024-05-01
Toor Dal 1kg,Grocery,130,155,0,81,299,30,7,1.95,0.95,Summer,None,Central India,19.23,12555.0,2025.0,10530,5,2024,1,2,1,2,0,0,1.192,269,2024-05-01
Chana Dal 1kg,Grocery,90,112,0,70,113,24,3,1.35,0.9,Summer,None,Central India,24.44,7840.0,1540.0,6300,5,2024,1,2,1,2,0,0,1.244,89,2024-05-01
Mustard Oil 1L,Grocery,155,185,0,58,194,28,5,2.32,0.88,Summer,None,Central India,19.35,10730.0,1740.0,8990,5,2024,1,2,1,2,0,0,1.194,166,2024-05-01
Refined Oil Soya 5L,Grocery,580,680,0,58,133,20,5,8.7,0.75,Summer,None,Central India,17.24,39440.0,5800.0,33640,5,2024,1,2,1,2,0,0,1.172,113,2024-05-01
Sugar 1kg,Grocery,42,50,0,152,45,48,4,0.63,0.92,Summer,None,Central India,19.05,7600.0,1216.0,6384,5,2024,1,2,1,2,0,0,1.19,-3,2024-05-01
Salt Tata 1kg,Grocery,18,22,0,104,64,36,3,0.27,0.75,Summer,None,Central India,22.22,2288.0,416.0,1872,5,2024,1,2,1,2,0,0,1.222,28,2024-05-01
Poha 500g,Grocery,28,36,0,74,233,22,5,0.42,0.92,Summer,None,Central India,28.57,2664.0,592.0,2072,5,2024,1,2,1,2,0,0,1.286,211,2024-05-01
Maida 1kg,Grocery,32,40,0,55,294,18,2,0.48,0.88,Summer,None,Central India,25.0,2200.0,440.0,1760,5,2024,1,2,1,2,0,0,1.25,276,2024-05-01
Besan 500g,Grocery,38,48,0,38,206,16,1,0.57,0.85,Summer,None,Central India,26.32,1824.0,380.0,1444,5,2024,1,2,1,2,0,0,1.263,190,2024-05-01
Rajma 500g,Grocery,65,82,0,48,47,14,2,0.97,0.88,Summer,None,Central India,26.15,3936.0,816.0,3120,5,2024,1,2,1,2,0,0,1.262,33,2024-05-01
Haldi Powder 100g,Grocery,28,38,0,46,187,20,7,0.42,0.92,Summer,None,Central India,35.71,1748.0,460.0,1288,5,2024,1,2,1,2,0,0,1.357,167,2024-05-01
Red Chilli Powder 100g,Grocery,30,42,0,55,145,19,5,0.45,0.88,Summer,None,Central India,40.0,2310.0,660.0,1650,5,2024,1,2,1,2,0,0,1.4,126,2024-05-01
Coriander Powder 100g,Grocery,22,32,0,40,65,18,7,0.33,0.88,Summer,None,Central India,45.45,1280.0,400.0,880,5,2024,1,2,1,2,0,0,1.455,47,2024-05-01
Tea Brooke Bond 500g,Grocery,175,215,0,111,233,32,3,2.62,0.8,Summer,None,Central India,22.86,23865.0,4440.0,19425,5,2024,1,2,1,2,0,0,1.229,201,2024-05-01
Tea Tata Gold 250g,Grocery,105,130,0,62,83,26,5,1.57,0.85,Summer,None,Central India,23.81,8060.0,1550.0,6510,5,2024,1,2,1,2,0,0,1.238,57,2024-05-01
Dry Coconut 200g,Grocery,95,125,0,25,177,12,3,1.43,0.85,Summer,None,Central India,31.58,3125.0,750.0,2375,5,2024,1,2,1,2,0,0,1.316,165,2024-05-01
Saunf 100g,Grocery,22,30,0,29,122,14,5,0.33,0.85,Summer,None,Central India,36.36,870.0,232.0,638,5,2024,1,2,1,2,0,0,1.364,108,2024-05-01
Lifebuoy Soap 100g,FMCG,28,36,0,126,107,36,2,0.42,0.95,Summer,None,Central India,28.57,4536.0,1008.0,3528,5,2024,1,2,1,2,0,0,1.286,71,2024-05-01
Lux Soap 75g,FMCG,32,42,0,97,69,28,7,0.48,0.88,Summer,None,Central India,31.25,4074.0,970.0,3104,5,2024,1,2,1,2,0,0,1.312,41,2024-05-01
Colgate 200g,FMCG,82,100,0,68,153,26,2,1.23,0.75,Summer,None,Central India,21.95,6800.0,1224.0,5576,5,2024,1,2,1,2,0,0,1.22,127,2024-05-01
Pepsodent 200g,FMCG,75,92,0,53,40,22,2,1.12,0.9,Summer,None,Central India,22.67,4876.0,901.0,3975,5,2024,1,2,1,2,0,0,1.227,18,2024-05-01
Clinic Plus Shampoo 80ml,FMCG,55,72,0,68,96,20,1,0.82,0.95,Summer,None,Central India,30.91,4896.0,1156.0,3740,5,2024,1,2,1,2,0,0,1.309,76,2024-05-01
Sunsilk Shampoo 80ml,FMCG,58,75,0,53,111,18,1,0.87,0.88,Summer,None,Central India,29.31,3975.0,901.0,3074,5,2024,1,2,1,2,0,0,1.293,93,2024-05-01
Surf Excel 1kg,FMCG,130,165,0,56,44,22,2,1.95,0.8,Summer,None,Central India,26.92,9240.0,1960.0,7280,5,2024,1,2,1,2,0,0,1.269,22,2024-05-01
Ariel 500g,FMCG,95,120,0,55,57,18,4,1.43,0.9,Summer,None,Central India,26.32,6600.0,1375.0,5225,5,2024,1,2,1,2,0,0,1.263,39,2024-05-01
Parle-G 800g,FMCG,45,58,0,125,94,48,4,0.67,0.8,Summer,None,Central India,28.89,7250.0,1625.0,5625,5,2024,1,2,1,2,0,0,1.289,46,2024-05-01
Good Day Biscuit 250g,FMCG,28,38,0,77,165,34,7,0.42,0.75,Summer,None,Central India,35.71,2926.0,770.0,2156,5,2024,1,2,1,2,0,0,1.357,131,2024-05-01
Hide & Seek 100g,FMCG,32,45,0,64,256,24,2,0.48,0.92,Summer,None,Central India,40.62,2880.0,832.0,2048,5,2024,1,2,1,2,0,0,1.406,232,2024-05-01
Maggi Noodles 70g,FMCG,12,15,0,122,145,60,2,0.18,0.8,Summer,None,Central India,25.0,1830.0,366.0,1464,5,2024,1,2,1,2,0,0,1.25,85,2024-05-01
Maggi Noodles 4-Pack,FMCG,52,65,0,112,245,36,3,0.78,0.85,Summer,None,Central India,25.0,7280.0,1456.0,5824,5,2024,1,2,1,2,0,0,1.25,209,2024-05-01
Lay's Chips 26g,FMCG,15,20,0,326,201,80,2,0.22,0.75,Summer,None,Central India,33.33,6520.0,1630.0,4890,5,2024,1,2,1,2,0,0,1.333,121,2024-05-01
Kurkure 65g,FMCG,18,25,0,299,148,70,2,0.27,0.85,Summer,None,Central India,38.89,7475.0,2093.0,5382,5,2024,1,2,1,2,0,0,1.389,78,2024-05-01
Haldirams Namkeen 200g,FMCG,55,75,0,95,53,38,1,0.82,0.9,Summer,None,Central India,36.36,7125.0,1900.0,5225,5,2024,1,2,1,2,0,0,1.364,15,2024-05-01
Haldirams Mixture 400g,FMCG,110,148,0,70,64,28,4,1.65,0.9,Summer,None,Central India,34.55,10360.0,2660.0,7700,5,2024,1,2,1,2,0,0,1.345,36,2024-05-01
Frooti 200ml,FMCG,12,15,0,1089,67,100,2,0.18,0.95,Summer,None,Central India,25.0,16335.0,3267.0,13068,5,2024,1,2,1,2,0,0,1.25,-33,2024-05-01
Maaza 250ml,FMCG,18,22,0,471,29,80,4,0.27,0.75,Summer,None,Central India,22.22,10362.0,1884.0,8478,5,2024,1,2,1,2,0,0,1.222,-51,2024-05-01
Thums Up 600ml,FMCG,38,45,0,425,263,72,3,0.57,0.75,Summer,None,Central India,18.42,19125.0,2975.0,16150,5,2024,1,2,1,2,0,0,1.184,191,2024-05-01
Limca 600ml,FMCG,35,42,0,311,34,60,3,0.53,0.95,Summer,None,Central India,20.0,13062.0,2177.0,10885,5,2024,1,2,1,2,0,0,1.2,-26,2024-05-01
Glucon-D 200g,FMCG,55,72,0,129,173,26,3,0.82,0.75,Summer,None,Central India,30.91,9288.0,2193.0,7095,5,2024,1,2,1,2,0,0,1.309,147,2024-05-01
ORS Sachets (5pc),FMCG,22,30,0,99,291,18,5,0.33,0.85,Summer,None,Central India,36.36,2970.0,792.0,2178,5,2024,1,2,1,2,0,0,1.364,273,2024-05-01
Vim Bar 200g,FMCG,25,32,0,85,280,24,3,0.38,0.95,Summer,None,Central India,28.0,2720.0,595.0,2125,5,2024,1,2,1,2,0,0,1.28,256,2024-05-01
Harpic 500ml,FMCG,75,98,0,41,165,14,5,1.12,0.8,Summer,None,Central India,30.67,4018.0,943.0,3075,5,2024,1,2,1,2,0,0,1.307,151,2024-05-01
Dettol 250ml,FMCG,68,88,0,41,124,18,7,1.02,0.85,Summer,None,Central India,29.41,3608.0,820.0,2788,5,2024,1,2,1,2,0,0,1.294,106,2024-05-01
Hajmola 100 Tabs,FMCG,45,60,0,106,210,22,4,0.67,0.75,Summer,None,Central India,33.33,6360.0,1590.0,4770,5,2024,1,2,1,2,0,0,1.333,188,2024-05-01
Vicks 10g,FMCG,35,48,0,40,56,16,2,0.53,0.88,Summer,None,Central India,37.14,1920.0,520.0,1400,5,2024,1,2,1,2,0,0,1.371,40,2024-05-01
Eno Sachet (6pc),FMCG,28,38,0,40,92,20,3,0.42,0.95,Summer,None,Central India,35.71,1520.0,400.0,1120,5,2024,1,2,1,2,0,0,1.357,72,2024-05-01
Diya Set 12pc,FMCG,38,65,0,7,298,10,5,0.57,0.95,Summer,None,Central India,71.05,455.0,189.0,266,5,2024,1,2,1,2,0,0,1.711,288,2024-05-01
Gulal Colors 100g,FMCG,22,40,0,4,170,10,3,0.33,0.92,Summer,None,Central India,81.82,160.0,72.0,88,5,2024,1,2,1,2,0,0,1.818,160,2024-05-01
Agarbatti Pack 20pc,FMCG,25,35,0,62,242,20,1,0.38,0.95,Summer,None,Central India,40.0,2170.0,620.0,1550,5,2024,1,2,1,2,0,0,1.4,222,2024-05-01
Camphor Tablets 25g,FMCG,28,40,0,35,295,14,3,0.42,0.95,Summer,None,Central India,42.86,1400.0,420.0,980,5,2024,1,2,1,2,0,0,1.429,281,2024-05-01
Mosquito Coil (10pc),FMCG,32,45,0,126,32,22,2,0.48,0.95,Summer,None,Central India,40.62,5670.0,1638.0,4032,5,2024,1,2,1,2,0,0,1.406,10,2024-05-01
All Out Refill,FMCG,88,115,0,66,239,16,2,1.32,0.95,Summer,None,Central India,30.68,7590.0,1782.0,5808,5,2024,1,2,1,2,0,0,1.307,223,2024-05-01
Classmate Notebook 200pg,Stationery,48,65,0,16,101,32,2,0.72,0.92,Summer,None,Central India,35.42,1040.0,272.0,768,5,2024,1,2,1,2,0,0,1.354,69,2024-05-01
Reynolds Pen (10pc),Stationery,35,50,0,103,211,38,3,0.53,0.85,Summer,None,Central India,42.86,5150.0,1545.0,3605,5,2024,1,2,1,2,0,0,1.429,173,2024-05-01
Apsara Pencil (10pc),Stationery,15,22,0,86,235,28,1,0.22,0.88,Summer,None,Central India,46.67,1892.0,602.0,1290,5,2024,1,2,1,2,0,0,1.467,207,2024-05-01
Fevicol 50g,Stationery,20,28,0,48,34,18,1,0.3,0.88,Summer,None,Central India,40.0,1344.0,384.0,960,5,2024,1,2,1,2,0,0,1.4,16,2024-05-01
Stapler Small,Stationery,45,65,0,15,163,10,5,0.67,0.92,Summer,None,Central India,44.44,975.0,300.0,675,5,2024,1,2,1,2,0,0,1.444,153,2024-05-01
Register A4 100pg,Stationery,35,50,0,25,251,12,2,0.53,0.8,Summer,None,Central India,42.86,1250.0,375.0,875,5,2024,1,2,1,2,0,0,1.429,239,2024-05-01
Sketch Pens (12pc),Stationery,32,48,0,44,61,14,1,0.48,0.95,Summer,None,Central India,50.0,2112.0,704.0,1408,5,2024,1,2,1,2,0,0,1.5,47,2024-05-01
Scale 30cm,Stationery,8,12,0,38,192,16,3,0.12,0.95,Summer,None,Central India,50.0,456.0,152.0,304,5,2024,1,2,1,2,0,0,1.5,176,2024-05-01
Eraser Apsara,Stationery,4,7,0,69,25,24,7,0.06,0.8,Summer,None,Central India,75.0,483.0,207.0,276,5,2024,1,2,1,2,0,0,1.75,1,2024-05-01
Tape Roll,Stationery,18,28,0,35,234,12,4,0.27,0.9,Summer,None,Central India,55.56,980.0,350.0,630,5,2024,1,2,1,2,0,0,1.556,222,2024-05-01
Eveready Battery AA 4pc,Electronics,55,75,0,45,193,18,7,0.82,0.85,Summer,None,Central India,36.36,3375.0,900.0,2475,5,2024,1,2,1,2,0,0,1.364,175,2024-05-01
Eveready Battery D 2pc,Electronics,65,90,0,31,45,12,5,0.97,0.85,Summer,None,Central India,38.46,2790.0,775.0,2015,5,2024,1,2,1,2,0,0,1.385,33,2024-05-01
CFL Bulb 9W Bajaj,Electronics,65,90,0,25,94,10,4,0.97,0.9,Summer,None,Central India,38.46,2250.0,625.0,1625,5,2024,1,2,1,2,0,0,1.385,84,2024-05-01
LED Bulb 9W Philips,Electronics,95,130,0,31,97,12,2,1.43,0.8,Summer,None,Central India,36.84,4030.0,1085.0,2945,5,2024,1,2,1,2,0,0,1.368,85,2024-05-01
Extension Cord 5m,Electronics,175,240,0,16,241,10,2,2.62,0.85,Summer,None,Central India,37.14,3840.0,1040.0,2800,5,2024,1,2,1,2,0,0,1.371,231,2024-05-01
Phone Charging Cable,Electronics,65,100,0,33,295,14,7,0.97,0.92,Summer,None,Central India,53.85,3300.0,1155.0,2145,5,2024,1,2,1,2,0,0,1.538,281,2024-05-01
Earphones Basic,Electronics,85,140,0,32,215,10,2,1.27,0.85,Summer,None,Central India,64.71,4480.0,1760.0,2720,5,2024,1,2,1,2,0,0,1.647,205,2024-05-01
Gamcha (Cotton Towel),Fashion,55,80,0,99,265,16,3,0.82,0.95,Summer,None,Central India,45.45,7920.0,2475.0,5445,5,2024,1,2,1,2,0,0,1.455,249,2024-05-01
Socks Cotton (3 pair),Fashion,55,80,0,36,249,14,5,0.82,0.88,Summer,None,Central India,45.45,2880.0,900.0,1980,5,2024,1,2,1,2,0,0,1.455,235,2024-05-01
Handkerchief 3pc,Fashion,30,45,0,64,106,12,1,0.45,0.85,Summer,None,Central India,50.0,2880.0,960.0,1920,5,2024,1,2,1,2,0,0,1.5,94,2024-05-01
Banyan Vest Cotton,Fashion,75,110,0,53,197,12,5,1.12,0.88,Summer,None,Central India,46.67,5830.0,1855.0,3975,5,2024,1,2,1,2,0,0,1.467,185,2024-05-01
Dupatta Plain,Fashion,95,150,0,26,184,10,1,1.43,0.85,Summer,None,Central India,57.89,3900.0,1430.0,2470,5,2024,1,2,1,2,0,0,1.579,174,2024-05-01
Salwar Suit Cotton,Fashion,280,450,0,16,67,10,7,4.2,0.85,Summer,None,Central India,60.71,7200.0,2720.0,4480,5,2024,1,2,1,2,0,0,1.607,57,2024-05-01
Kurta Men Cotton,Fashion,195,320,0,27,194,10,4,2.92,0.85,Summer,None,Central India,64.1,8640.0,3375.0,5265,5,2024,1,2,1,2,0,0,1.641,184,2024-05-01
Urea Fertilizer 1kg,Agriculture,35,50,0,103,272,16,3,0.53,0.95,Summer,None,Central India,42.86,5150.0,1545.0,3605,5,2024,1,2,1,2,0,0,1.429,256,2024-05-01
DAP Fertilizer 1kg,Agriculture,55,75,0,75,114,12,1,0.82,0.88,Summer,None,Central India,36.36,5625.0,1500.0,4125,5,2024,1,2,1,2,0,0,1.364,102,2024-05-01
Neem Pesticide 100ml,Agriculture,65,95,0,43,69,10,4,0.97,0.92,Summer,None,Central India,46.15,4085.0,1290.0,2795,5,2024,1,2,1,2,0,0,1.462,59,2024-05-01
Garden Pump Sprayer 1L,Agriculture,145,210,0,25,98,10,4,2.17,0.85,Summer,None,Central India,44.83,5250.0,1625.0,3625,5,2024,1,2,1,2,0,0,1.448,88,2024-05-01
Vegetable Seeds Packet,Agriculture,28,45,0,90,283,14,5,0.42,0.85,Summer,None,Central India,60.71,4050.0,1530.0,2520,5,2024,1,2,1,2,0,0,1.607,269,2024-05-01
Basmati Rice 5kg,Grocery,280,340,0,115,209,34,5,4.2,0.9,Rainy,None,Central India,21.43,39100.0,6900.0,32200,6,2024,1,5,1,2,1,0,1.214,175,2024-06-01
Atta Aashirvaad 10kg,Grocery,330,390,0,121,208,38,7,4.95,0.92,Rainy,None,Central India,18.18,47190.0,7260.0,39930,6,2024,1,5,1,2,1,0,1.182,170,2024-06-01
Toor Dal 1kg,Grocery,130,155,0,70,260,30,3,1.95,0.75,Rainy,None,Central India,19.23,10850.0,1750.0,9100,6,2024,1,5,1,2,1,0,1.192,230,2024-06-01
Chana Dal 1kg,Grocery,90,112,0,49,101,24,4,1.35,0.95,Rainy,None,Central India,24.44,5488.0,1078.0,4410,6,2024,1,5,1,2,1,0,1.244,77,2024-06-01
Mustard Oil 1L,Grocery,155,185,0,77,211,28,3,2.32,0.75,Rainy,None,Central India,19.35,14245.0,2310.0,11935,6,2024,1,5,1,2,1,0,1.194,183,2024-06-01
Refined Oil Soya 5L,Grocery,580,680,0,52,108,20,7,8.7,0.92,Rainy,None,Central India,17.24,35360.0,5200.0,30160,6,2024,1,5,1,2,1,0,1.172,88,2024-06-01
Sugar 1kg,Grocery,42,50,0,127,112,48,3,0.63,0.9,Rainy,None,Central India,19.05,6350.0,1016.0,5334,6,2024,1,5,1,2,1,0,1.19,64,2024-06-01
Salt Tata 1kg,Grocery,18,22,0,118,291,36,2,0.27,0.8,Rainy,None,Central India,22.22,2596.0,472.0,2124,6,2024,1,5,1,2,1,0,1.222,255,2024-06-01
Poha 500g,Grocery,28,36,0,55,147,22,1,0.42,0.85,Rainy,None,Central India,28.57,1980.0,440.0,1540,6,2024,1,5,1,2,1,0,1.286,125,2024-06-01
Maida 1kg,Grocery,32,40,0,34,149,18,3,0.48,0.9,Rainy,None,Central India,25.0,1360.0,272.0,1088,6,2024,1,5,1,2,1,0,1.25,131,2024-06-01
Besan 500g,Grocery,38,48,0,40,100,16,5,0.57,0.75,Rainy,None,Central India,26.32,1920.0,400.0,1520,6,2024,1,5,1,2,1,0,1.263,84,2024-06-01
Rajma 500g,Grocery,65,82,0,43,35,14,2,0.97,0.75,Rainy,None,Central India,26.15,3526.0,731.0,2795,6,2024,1,5,1,2,1,0,1.262,21,2024-06-01
Haldi Powder 100g,Grocery,28,38,0,52,184,20,7,0.42,0.75,Rainy,None,Central India,35.71,1976.0,520.0,1456,6,2024,1,5,1,2,1,0,1.357,164,2024-06-01
Red Chilli Powder 100g,Grocery,30,42,0,38,284,19,2,0.45,0.88,Rainy,None,Central India,40.0,1596.0,456.0,1140,6,2024,1,5,1,2,1,0,1.4,265,2024-06-01
Coriander Powder 100g,Grocery,22,32,0,45,233,18,4,0.33,0.8,Rainy,None,Central India,45.45,1440.0,450.0,990,6,2024,1,5,1,2,1,0,1.455,215,2024-06-01
Tea Brooke Bond 500g,Grocery,175,215,0,124,116,32,1,2.62,0.88,Rainy,None,Central India,22.86,26660.0,4960.0,21700,6,2024,1,5,1,2,1,0,1.229,84,2024-06-01
Tea Tata Gold 250g,Grocery,105,130,0,66,279,26,3,1.57,0.8,Rainy,None,Central India,23.81,8580.0,1650.0,6930,6,2024,1,5,1,2,1,0,1.238,253,2024-06-01
Dry Coconut 200g,Grocery,95,125,0,33,180,12,3,1.43,0.8,Rainy,None,Central India,31.58,4125.0,990.0,3135,6,2024,1,5,1,2,1,0,1.316,168,2024-06-01
Saunf 100g,Grocery,22,30,0,36,124,14,5,0.33,0.88,Rainy,None,Central India,36.36,1080.0,288.0,792,6,2024,1,5,1,2,1,0,1.364,110,2024-06-01
Lifebuoy Soap 100g,FMCG,28,36,0,143,75,36,1,0.42,0.9,Rainy,None,Central India,28.57,5148.0,1144.0,4004,6,2024,1,5,1,2,1,0,1.286,39,2024-06-01
Lux Soap 75g,FMCG,32,42,0,64,37,28,4,0.48,0.9,Rainy,None,Central India,31.25,2688.0,640.0,2048,6,2024,1,5,1,2,1,0,1.312,9,2024-06-01
Colgate 200g,FMCG,82,100,0,81,208,26,2,1.23,0.75,Rainy,None,Central India,21.95,8100.0,1458.0,6642,6,2024,1,5,1,2,1,0,1.22,182,2024-06-01
Pepsodent 200g,FMCG,75,92,0,71,98,22,2,1.12,0.95,Rainy,None,Central India,22.67,6532.0,1207.0,5325,6,2024,1,5,1,2,1,0,1.227,76,2024-06-01
Clinic Plus Shampoo 80ml,FMCG,55,72,0,53,215,20,2,0.82,0.95,Rainy,None,Central India,30.91,3816.0,901.0,2915,6,2024,1,5,1,2,1,0,1.309,195,2024-06-01
Sunsilk Shampoo 80ml,FMCG,58,75,0,48,267,18,2,0.87,0.8,Rainy,None,Central India,29.31,3600.0,816.0,2784,6,2024,1,5,1,2,1,0,1.293,249,2024-06-01
Surf Excel 1kg,FMCG,130,165,0,53,212,22,3,1.95,0.92,Rainy,None,Central India,26.92,8745.0,1855.0,6890,6,2024,1,5,1,2,1,0,1.269,190,2024-06-01
Ariel 500g,FMCG,95,120,0,52,71,18,2,1.43,0.85,Rainy,None,Central India,26.32,6240.0,1300.0,4940,6,2024,1,5,1,2,1,0,1.263,53,2024-06-01
Parle-G 800g,FMCG,45,58,0,176,28,48,2,0.67,0.95,Rainy,None,Central India,28.89,10208.0,2288.0,7920,6,2024,1,5,1,2,1,0,1.289,-20,2024-06-01
Good Day Biscuit 250g,FMCG,28,38,0,63,203,34,2,0.42,0.92,Rainy,None,Central India,35.71,2394.0,630.0,1764,6,2024,1,5,1,2,1,0,1.357,169,2024-06-01
Hide & Seek 100g,FMCG,32,45,0,76,84,24,4,0.48,0.75,Rainy,None,Central India,40.62,3420.0,988.0,2432,6,2024,1,5,1,2,1,0,1.406,60,2024-06-01
Maggi Noodles 70g,FMCG,12,15,0,265,43,60,7,0.18,0.95,Rainy,None,Central India,25.0,3975.0,795.0,3180,6,2024,1,5,1,2,1,0,1.25,-17,2024-06-01
Maggi Noodles 4-Pack,FMCG,52,65,0,165,204,36,5,0.78,0.88,Rainy,None,Central India,25.0,10725.0,2145.0,8580,6,2024,1,5,1,2,1,0,1.25,168,2024-06-01
Lay's Chips 26g,FMCG,15,20,0,165,118,80,4,0.22,0.92,Rainy,None,Central India,33.33,3300.0,825.0,2475,6,2024,1,5,1,2,1,0,1.333,38,2024-06-01
Kurkure 65g,FMCG,18,25,0,202,145,70,3,0.27,0.85,Rainy,None,Central India,38.89,5050.0,1414.0,3636,6,2024,1,5,1,2,1,0,1.389,75,2024-06-01
Haldirams Namkeen 200g,FMCG,55,75,0,101,61,38,2,0.82,0.75,Rainy,None,Central India,36.36,7575.0,2020.0,5555,6,2024,1,5,1,2,1,0,1.364,23,2024-06-01
Haldirams Mixture 400g,FMCG,110,148,0,61,226,28,4,1.65,0.92,Rainy,None,Central India,34.55,9028.0,2318.0,6710,6,2024,1,5,1,2,1,0,1.345,198,2024-06-01
Frooti 200ml,FMCG,12,15,0,218,75,100,5,0.18,0.85,Rainy,None,Central India,25.0,3270.0,654.0,2616,6,2024,1,5,1,2,1,0,1.25,-25,2024-06-01
Maaza 250ml,FMCG,18,22,0,212,296,80,3,0.27,0.88,Rainy,None,Central India,22.22,4664.0,848.0,3816,6,2024,1,5,1,2,1,0,1.222,216,2024-06-01
Thums Up 600ml,FMCG,38,45,0,149,80,72,4,0.57,0.8,Rainy,None,Central India,18.42,6705.0,1043.0,5662,6,2024,1,5,1,2,1,0,1.184,8,2024-06-01
Limca 600ml,FMCG,35,42,0,207,93,60,7,0.53,0.85,Rainy,None,Central India,20.0,8694.0,1449.0,7245,6,2024,1,5,1,2,1,0,1.2,33,2024-06-01
Glucon-D 200g,FMCG,55,72,0,71,292,26,1,0.82,0.85,Rainy,None,Central India,30.91,5112.0,1207.0,3905,6,2024,1,5,1,2,1,0,1.309,266,2024-06-01
ORS Sachets (5pc),FMCG,22,30,0,70,127,18,5,0.33,0.8,Rainy,None,Central India,36.36,2100.0,560.0,1540,6,2024,1,5,1,2,1,0,1.364,109,2024-06-01
Vim Bar 200g,FMCG,25,32,0,67,225,24,4,0.38,0.95,Rainy,None,Central India,28.0,2144.0,469.0,1675,6,2024,1,5,1,2,1,0,1.28,201,2024-06-01
Harpic 500ml,FMCG,75,98,0,68,144,14,1,1.12,0.9,Rainy,None,Central India,30.67,6664.0,1564.0,5100,6,2024,1,5,1,2,1,0,1.307,130,2024-06-01
Dettol 250ml,FMCG,68,88,0,82,159,18,4,1.02,0.92,Rainy,None,Central India,29.41,7216.0,1640.0,5576,6,2024,1,5,1,2,1,0,1.294,141,2024-06-01
Hajmola 100 Tabs,FMCG,45,60,0,67,258,22,3,0.67,0.8,Rainy,None,Central India,33.33,4020.0,1005.0,3015,6,2024,1,5,1,2,1,0,1.333,236,2024-06-01
Vicks 10g,FMCG,35,48,0,95,217,16,2,0.53,0.8,Rainy,None,Central India,37.14,4560.0,1235.0,3325,6,2024,1,5,1,2,1,0,1.371,201,2024-06-01
Eno Sachet (6pc),FMCG,28,38,0,47,42,20,2,0.42,0.9,Rainy,None,Central India,35.71,1786.0,470.0,1316,6,2024,1,5,1,2,1,0,1.357,22,2024-06-01
Diya Set 12pc,FMCG,38,65,0,7,63,10,2,0.57,0.8,Rainy,None,Central India,71.05,455.0,189.0,266,6,2024,1,5,1,2,1,0,1.711,53,2024-06-01
Gulal Colors 100g,FMCG,22,40,0,6,74,10,7,0.33,0.85,Rainy,None,Central India,81.82,240.0,108.0,132,6,2024,1,5,1,2,1,0,1.818,64,2024-06-01
Agarbatti Pack 20pc,FMCG,25,35,0,64,204,20,3,0.38,0.9,Rainy,None,Central India,40.0,2240.0,640.0,1600,6,2024,1,5,1,2,1,0,1.4,184,2024-06-01
Camphor Tablets 25g,FMCG,28,40,0,46,106,14,4,0.42,0.95,Rainy,None,Central India,42.86,1840.0,552.0,1288,6,2024,1,5,1,2,1,0,1.429,92,2024-06-01
Mosquito Coil (10pc),FMCG,32,45,0,208,227,22,4,0.48,0.9,Rainy,None,Central India,40.62,9360.0,2704.0,6656,6,2024,1,5,1,2,1,0,1.406,205,2024-06-01
All Out Refill,FMCG,88,115,0,131,53,16,1,1.32,0.75,Rainy,None,Central India,30.68,15065.0,3537.0,11528,6,2024,1,5,1,2,1,0,1.307,37,2024-06-01
Classmate Notebook 200pg,Stationery,48,65,0,63,188,32,5,0.72,0.95,Rainy,None,Central India,35.42,4095.0,1071.0,3024,6,2024,1,5,1,2,1,0,1.354,156,2024-06-01
Reynolds Pen (10pc),Stationery,35,50,0,107,101,38,2,0.53,0.95,Rainy,None,Central India,42.86,5350.0,1605.0,3745,6,2024,1,5,1,2,1,0,1.429,63,2024-06-01
Apsara Pencil (10pc),Stationery,15,22,0,87,124,28,1,0.22,0.9,Rainy,None,Central India,46.67,1914.0,609.0,1305,6,2024,1,5,1,2,1,0,1.467,96,2024-06-01
Fevicol 50g,Stationery,20,28,0,57,122,18,2,0.3,0.95,Rainy,None,Central India,40.0,1596.0,456.0,1140,6,2024,1,5,1,2,1,0,1.4,104,2024-06-01
Stapler Small,Stationery,45,65,0,16,109,10,2,0.67,0.92,Rainy,None,Central India,44.44,1040.0,320.0,720,6,2024,1,5,1,2,1,0,1.444,99,2024-06-01
Register A4 100pg,Stationery,35,50,0,29,228,12,1,0.53,0.8,Rainy,None,Central India,42.86,1450.0,435.0,1015,6,2024,1,5,1,2,1,0,1.429,216,2024-06-01
Sketch Pens (12pc),Stationery,32,48,0,45,134,14,5,0.48,0.95,Rainy,None,Central India,50.0,2160.0,720.0,1440,6,2024,1,5,1,2,1,0,1.5,120,2024-06-01
Scale 30cm,Stationery,8,12,0,50,75,16,7,0.12,0.75,Rainy,None,Central India,50.0,600.0,200.0,400,6,2024,1,5,1,2,1,0,1.5,59,2024-06-01
Eraser Apsara,Stationery,4,7,0,48,51,24,5,0.06,0.92,Rainy,None,Central India,75.0,336.0,144.0,192,6,2024,1,5,1,2,1,0,1.75,27,2024-06-01
Tape Roll,Stationery,18,28,0,29,206,12,2,0.27,0.8,Rainy,None,Central India,55.56,812.0,290.0,522,6,2024,1,5,1,2,1,0,1.556,194,2024-06-01
Eveready Battery AA 4pc,Electronics,55,75,0,53,149,18,5,0.82,0.88,Rainy,None,Central India,36.36,3975.0,1060.0,2915,6,2024,1,5,1,2,1,0,1.364,131,2024-06-01
Eveready Battery D 2pc,Electronics,65,90,0,17,108,12,5,0.97,0.88,Rainy,None,Central India,38.46,1530.0,425.0,1105,6,2024,1,5,1,2,1,0,1.385,96,2024-06-01
CFL Bulb 9W Bajaj,Electronics,65,90,0,29,297,10,7,0.97,0.95,Rainy,None,Central India,38.46,2610.0,725.0,1885,6,2024,1,5,1,2,1,0,1.385,287,2024-06-01
LED Bulb 9W Philips,Electronics,95,130,0,38,44,12,3,1.43,0.85,Rainy,None,Central India,36.84,4940.0,1330.0,3610,6,2024,1,5,1,2,1,0,1.368,32,2024-06-01
Extension Cord 5m,Electronics,175,240,0,16,136,10,4,2.62,0.75,Rainy,None,Central India,37.14,3840.0,1040.0,2800,6,2024,1,5,1,2,1,0,1.371,126,2024-06-01
Phone Charging Cable,Electronics,65,100,0,34,248,14,1,0.97,0.8,Rainy,None,Central India,53.85,3400.0,1190.0,2210,6,2024,1,5,1,2,1,0,1.538,234,2024-06-01
Earphones Basic,Electronics,85,140,0,25,156,10,3,1.27,0.75,Rainy,None,Central India,64.71,3500.0,1375.0,2125,6,2024,1,5,1,2,1,0,1.647,146,2024-06-01
Gamcha (Cotton Towel),Fashion,55,80,0,66,113,16,7,0.82,0.8,Rainy,None,Central India,45.45,5280.0,1650.0,3630,6,2024,1,5,1,2,1,0,1.455,97,2024-06-01
Socks Cotton (3 pair),Fashion,55,80,0,31,222,14,3,0.82,0.9,Rainy,None,Central India,45.45,2480.0,775.0,1705,6,2024,1,5,1,2,1,0,1.455,208,2024-06-01
Handkerchief 3pc,Fashion,30,45,0,22,93,12,3,0.45,0.75,Rainy,None,Central India,50.0,990.0,330.0,660,6,2024,1,5,1,2,1,0,1.5,81,2024-06-01
Banyan Vest Cotton,Fashion,75,110,0,29,293,12,2,1.12,0.88,Rainy,None,Central India,46.67,3190.0,1015.0,2175,6,2024,1,5,1,2,1,0,1.467,281,2024-06-01
Dupatta Plain,Fashion,95,150,0,20,92,10,4,1.43,0.75,Rainy,None,Central India,57.89,3000.0,1100.0,1900,6,2024,1,5,1,2,1,0,1.579,82,2024-06-01
Salwar Suit Cotton,Fashion,280,450,0,17,176,10,5,4.2,0.88,Rainy,None,Central India,60.71,7650.0,2890.0,4760,6,2024,1,5,1,2,1,0,1.607,166,2024-06-01
Kurta Men Cotton,Fashion,195,320,0,22,284,10,3,2.92,0.95,Rainy,None,Central India,64.1,7040.0,2750.0,4290,6,2024,1,5,1,2,1,0,1.641,274,2024-06-01
Urea Fertilizer 1kg,Agriculture,35,50,0,81,174,16,5,0.53,0.88,Rainy,None,Central India,42.86,4050.0,1215.0,2835,6,2024,1,5,1,2,1,0,1.429,158,2024-06-01
DAP Fertilizer 1kg,Agriculture,55,75,0,36,45,12,1,0.82,0.8,Rainy,None,Central India,36.36,2700.0,720.0,1980,6,2024,1,5,1,2,1,0,1.364,33,2024-06-01
Neem Pesticide 100ml,Agriculture,65,95,0,57,173,10,4,0.97,0.88,Rainy,None,Central India,46.15,5415.0,1710.0,3705,6,2024,1,5,1,2,1,0,1.462,163,2024-06-01
Garden Pump Sprayer 1L,Agriculture,145,210,0,38,150,10,2,2.17,0.75,Rainy,None,Central India,44.83,7980.0,2470.0,5510,6,2024,1,5,1,2,1,0,1.448,140,2024-06-01
Vegetable Seeds Packet,Agriculture,28,45,0,40,294,14,1,0.42,0.88,Rainy,None,Central India,60.71,1800.0,680.0,1120,6,2024,1,5,1,2,1,0,1.607,280,2024-06-01
Basmati Rice 5kg,Grocery,280,340,0,103,150,34,2,4.2,0.75,Rainy,None,Central India,21.43,35020.0,6180.0,28840,7,2024,1,0,1,3,0,0,1.214,116,2024-07-01
Atta Aashirvaad 10kg,Grocery,330,390,0,113,74,38,2,4.95,0.85,Rainy,None,Central India,18.18,44070.0,6780.0,37290,7,2024,1,0,1,3,0,0,1.182,36,2024-07-01
Toor Dal 1kg,Grocery,130,155,0,56,208,30,4,1.95,0.92,Rainy,None,Central India,19.23,8680.0,1400.0,7280,7,2024,1,0,1,3,0,0,1.192,178,2024-07-01
Chana Dal 1kg,Grocery,90,112,0,77,148,24,1,1.35,0.75,Rainy,None,Central India,24.44,8624.0,1694.0,6930,7,2024,1,0,1,3,0,0,1.244,124,2024-07-01
Mustard Oil 1L,Grocery,155,185,0,98,219,28,3,2.32,0.95,Rainy,None,Central India,19.35,18130.0,2940.0,15190,7,2024,1,0,1,3,0,0,1.194,191,2024-07-01
Refined Oil Soya 5L,Grocery,580,680,0,44,153,20,7,8.7,0.88,Rainy,None,Central India,17.24,29920.0,4400.0,25520,7,2024,1,0,1,3,0,0,1.172,133,2024-07-01
Sugar 1kg,Grocery,42,50,0,143,173,48,2,0.63,0.92,Rainy,None,Central India,19.05,7150.0,1144.0,6006,7,2024,1,0,1,3,0,0,1.19,125,2024-07-01
Salt Tata 1kg,Grocery,18,22,0,84,218,36,1,0.27,0.8,Rainy,None,Central India,22.22,1848.0,336.0,1512,7,2024,1,0,1,3,0,0,1.222,182,2024-07-01
Poha 500g,Grocery,28,36,0,58,87,22,3,0.42,0.8,Rainy,None,Central India,28.57,2088.0,464.0,1624,7,2024,1,0,1,3,0,0,1.286,65,2024-07-01
Maida 1kg,Grocery,32,40,0,45,21,18,4,0.48,0.88,Rainy,None,Central India,25.0,1800.0,360.0,1440,7,2024,1,0,1,3,0,0,1.25,3,2024-07-01
Besan 500g,Grocery,38,48,0,50,63,16,1,0.57,0.9,Rainy,None,Central India,26.32,2400.0,500.0,1900,7,2024,1,0,1,3,0,0,1.263,47,2024-07-01
Rajma 500g,Grocery,65,82,0,37,97,14,7,0.97,0.92,Rainy,None,Central India,26.15,3034.0,629.0,2405,7,2024,1,0,1,3,0,0,1.262,83,2024-07-01
Haldi Powder 100g,Grocery,28,38,0,43,85,20,2,0.42,0.75,Rainy,None,Central India,35.71,1634.0,430.0,1204,7,2024,1,0,1,3,0,0,1.357,65,2024-07-01
Red Chilli Powder 100g,Grocery,30,42,0,50,106,19,5,0.45,0.9,Rainy,None,Central India,40.0,2100.0,600.0,1500,7,2024,1,0,1,3,0,0,1.4,87,2024-07-01
Coriander Powder 100g,Grocery,22,32,0,57,149,18,3,0.33,0.88,Rainy,None,Central India,45.45,1824.0,570.0,1254,7,2024,1,0,1,3,0,0,1.455,131,2024-07-01
Tea Brooke Bond 500g,Grocery,175,215,0,131,206,32,4,2.62,0.85,Rainy,None,Central India,22.86,28165.0,5240.0,22925,7,2024,1,0,1,3,0,0,1.229,174,2024-07-01
Tea Tata Gold 250g,Grocery,105,130,0,94,119,26,4,1.57,0.85,Rainy,None,Central India,23.81,12220.0,2350.0,9870,7,2024,1,0,1,3,0,0,1.238,93,2024-07-01
Dry Coconut 200g,Grocery,95,125,0,31,181,12,3,1.43,0.9,Rainy,None,Central India,31.58,3875.0,930.0,2945,7,2024,1,0,1,3,0,0,1.316,169,2024-07-01
Saunf 100g,Grocery,22,30,0,33,297,14,2,0.33,0.88,Rainy,None,Central India,36.36,990.0,264.0,726,7,2024,1,0,1,3,0,0,1.364,283,2024-07-01
Lifebuoy Soap 100g,FMCG,28,36,0,209,199,36,2,0.42,0.92,Rainy,None,Central India,28.57,7524.0,1672.0,5852,7,2024,1,0,1,3,0,0,1.286,163,2024-07-01
Lux Soap 75g,FMCG,32,42,0,53,90,28,7,0.48,0.85,Rainy,None,Central India,31.25,2226.0,530.0,1696,7,2024,1,0,1,3,0,0,1.312,62,2024-07-01
Colgate 200g,FMCG,82,100,0,89,281,26,3,1.23,0.85,Rainy,None,Central India,21.95,8900.0,1602.0,7298,7,2024,1,0,1,3,0,0,1.22,255,2024-07-01
Pepsodent 200g,FMCG,75,92,0,74,162,22,7,1.12,0.85,Rainy,None,Central India,22.67,6808.0,1258.0,5550,7,2024,1,0,1,3,0,0,1.227,140,2024-07-01
Clinic Plus Shampoo 80ml,FMCG,55,72,0,43,88,20,5,0.82,0.9,Rainy,None,Central India,30.91,3096.0,731.0,2365,7,2024,1,0,1,3,0,0,1.309,68,2024-07-01
Sunsilk Shampoo 80ml,FMCG,58,75,0,67,112,18,4,0.87,0.75,Rainy,None,Central India,29.31,5025.0,1139.0,3886,7,2024,1,0,1,3,0,0,1.293,94,2024-07-01
Surf Excel 1kg,FMCG,130,165,0,85,173,22,3,1.95,0.9,Rainy,None,Central India,26.92,14025.0,2975.0,11050,7,2024,1,0,1,3,0,0,1.269,151,2024-07-01
Ariel 500g,FMCG,95,120,0,53,125,18,7,1.43,0.9,Rainy,None,Central India,26.32,6360.0,1325.0,5035,7,2024,1,0,1,3,0,0,1.263,107,2024-07-01
Parle-G 800g,FMCG,45,58,0,193,54,48,5,0.67,0.92,Rainy,None,Central India,28.89,11194.0,2509.0,8685,7,2024,1,0,1,3,0,0,1.289,6,2024-07-01
Good Day Biscuit 250g,FMCG,28,38,0,106,138,34,4,0.42,0.8,Rainy,None,Central India,35.71,4028.0,1060.0,2968,7,2024,1,0,1,3,0,0,1.357,104,2024-07-01
Hide & Seek 100g,FMCG,32,45,0,52,188,24,2,0.48,0.8,Rainy,None,Central India,40.62,2340.0,676.0,1664,7,2024,1,0,1,3,0,0,1.406,164,2024-07-01
Maggi Noodles 70g,FMCG,12,15,0,298,242,60,2,0.18,0.75,Rainy,None,Central India,25.0,4470.0,894.0,3576,7,2024,1,0,1,3,0,0,1.25,182,2024-07-01
Maggi Noodles 4-Pack,FMCG,52,65,0,169,287,36,5,0.78,0.88,Rainy,None,Central India,25.0,10985.0,2197.0,8788,7,2024,1,0,1,3,0,0,1.25,251,2024-07-01
Lay's Chips 26g,FMCG,15,20,0,237,104,80,4,0.22,0.75,Rainy,None,Central India,33.33,4740.0,1185.0,3555,7,2024,1,0,1,3,0,0,1.333,24,2024-07-01
Kurkure 65g,FMCG,18,25,0,159,151,70,2,0.27,0.9,Rainy,None,Central India,38.89,3975.0,1113.0,2862,7,2024,1,0,1,3,0,0,1.389,81,2024-07-01
Haldirams Namkeen 200g,FMCG,55,75,0,87,144,38,2,0.82,0.85,Rainy,None,Central India,36.36,6525.0,1740.0,4785,7,2024,1,0,1,3,0,0,1.364,106,2024-07-01
Haldirams Mixture 400g,FMCG,110,148,0,83,159,28,1,1.65,0.8,Rainy,None,Central India,34.55,12284.0,3154.0,9130,7,2024,1,0,1,3,0,0,1.345,131,2024-07-01
Frooti 200ml,FMCG,12,15,0,169,247,100,2,0.18,0.9,Rainy,None,Central India,25.0,2535.0,507.0,2028,7,2024,1,0,1,3,0,0,1.25,147,2024-07-01
Maaza 250ml,FMCG,18,22,0,229,231,80,7,0.27,0.88,Rainy,None,Central India,22.22,5038.0,916.0,4122,7,2024,1,0,1,3,0,0,1.222,151,2024-07-01
Thums Up 600ml,FMCG,38,45,0,189,33,72,7,0.57,0.92,Rainy,None,Central India,18.42,8505.0,1323.0,7182,7,2024,1,0,1,3,0,0,1.184,-39,2024-07-01
Limca 600ml,FMCG,35,42,0,137,261,60,3,0.53,0.92,Rainy,None,Central India,20.0,5754.0,959.0,4795,7,2024,1,0,1,3,0,0,1.2,201,2024-07-01
Glucon-D 200g,FMCG,55,72,0,45,186,26,3,0.82,0.95,Rainy,None,Central India,30.91,3240.0,765.0,2475,7,2024,1,0,1,3,0,0,1.309,160,2024-07-01
ORS Sachets (5pc),FMCG,22,30,0,82,154,18,1,0.33,0.75,Rainy,None,Central India,36.36,2460.0,656.0,1804,7,2024,1,0,1,3,0,0,1.364,136,2024-07-01
Vim Bar 200g,FMCG,25,32,0,73,208,24,3,0.38,0.92,Rainy,None,Central India,28.0,2336.0,511.0,1825,7,2024,1,0,1,3,0,0,1.28,184,2024-07-01
Harpic 500ml,FMCG,75,98,0,57,63,14,2,1.12,0.95,Rainy,None,Central India,30.67,5586.0,1311.0,4275,7,2024,1,0,1,3,0,0,1.307,49,2024-07-01
Dettol 250ml,FMCG,68,88,0,65,70,18,2,1.02,0.9,Rainy,None,Central India,29.41,5720.0,1300.0,4420,7,2024,1,0,1,3,0,0,1.294,52,2024-07-01
Hajmola 100 Tabs,FMCG,45,60,0,61,267,22,4,0.67,0.9,Rainy,None,Central India,33.33,3660.0,915.0,2745,7,2024,1,0,1,3,0,0,1.333,245,2024-07-01
Vicks 10g,FMCG,35,48,0,72,37,16,7,0.53,0.88,Rainy,None,Central India,37.14,3456.0,936.0,2520,7,2024,1,0,1,3,0,0,1.371,21,2024-07-01
Eno Sachet (6pc),FMCG,28,38,0,36,263,20,7,0.42,0.88,Rainy,None,Central India,35.71,1368.0,360.0,1008,7,2024,1,0,1,3,0,0,1.357,243,2024-07-01
Diya Set 12pc,FMCG,38,65,0,7,129,10,1,0.57,0.88,Rainy,None,Central India,71.05,455.0,189.0,266,7,2024,1,0,1,3,0,0,1.711,119,2024-07-01
Gulal Colors 100g,FMCG,22,40,0,4,51,10,2,0.33,0.8,Rainy,None,Central India,81.82,160.0,72.0,88,7,2024,1,0,1,3,0,0,1.818,41,2024-07-01
Agarbatti Pack 20pc,FMCG,25,35,0,68,76,20,3,0.38,0.92,Rainy,None,Central India,40.0,2380.0,680.0,1700,7,2024,1,0,1,3,0,0,1.4,56,2024-07-01
Camphor Tablets 25g,FMCG,28,40,0,36,83,14,5,0.42,0.75,Rainy,None,Central India,42.86,1440.0,432.0,1008,7,2024,1,0,1,3,0,0,1.429,69,2024-07-01
Mosquito Coil (10pc),FMCG,32,45,0,189,248,22,2,0.48,0.88,Rainy,None,Central India,40.62,8505.0,2457.0,6048,7,2024,1,0,1,3,0,0,1.406,226,2024-07-01
All Out Refill,FMCG,88,115,0,121,265,16,2,1.32,0.92,Rainy,None,Central India,30.68,13915.0,3267.0,10648,7,2024,1,0,1,3,0,0,1.307,249,2024-07-01
Classmate Notebook 200pg,Stationery,48,65,0,105,49,32,3,0.72,0.9,Rainy,None,Central India,35.42,6825.0,1785.0,5040,7,2024,1,0,1,3,0,0,1.354,17,2024-07-01
Reynolds Pen (10pc),Stationery,35,50,0,74,196,38,2,0.53,0.8,Rainy,None,Central India,42.86,3700.0,1110.0,2590,7,2024,1,0,1,3,0,0,1.429,158,2024-07-01
Apsara Pencil (10pc),Stationery,15,22,0,97,61,28,2,0.22,0.8,Rainy,None,Central India,46.67,2134.0,679.0,1455,7,2024,1,0,1,3,0,0,1.467,33,2024-07-01
Fevicol 50g,Stationery,20,28,0,55,248,18,4,0.3,0.85,Rainy,None,Central India,40.0,1540.0,440.0,1100,7,2024,1,0,1,3,0,0,1.4,230,2024-07-01
Stapler Small,Stationery,45,65,0,19,227,10,1,0.67,0.88,Rainy,None,Central India,44.44,1235.0,380.0,855,7,2024,1,0,1,3,0,0,1.444,217,2024-07-01
Register A4 100pg,Stationery,35,50,0,27,299,12,2,0.53,0.9,Rainy,None,Central India,42.86,1350.0,405.0,945,7,2024,1,0,1,3,0,0,1.429,287,2024-07-01
Sketch Pens (12pc),Stationery,32,48,0,29,201,14,3,0.48,0.85,Rainy,None,Central India,50.0,1392.0,464.0,928,7,2024,1,0,1,3,0,0,1.5,187,2024-07-01
Scale 30cm,Stationery,8,12,0,44,278,16,2,0.12,0.85,Rainy,None,Central India,50.0,528.0,176.0,352,7,2024,1,0,1,3,0,0,1.5,262,2024-07-01
Eraser Apsara,Stationery,4,7,0,67,127,24,3,0.06,0.8,Rainy,None,Central India,75.0,469.0,201.0,268,7,2024,1,0,1,3,0,0,1.75,103,2024-07-01
Tape Roll,Stationery,18,28,0,29,96,12,3,0.27,0.92,Rainy,None,Central India,55.56,812.0,290.0,522,7,2024,1,0,1,3,0,0,1.556,84,2024-07-01
Eveready Battery AA 4pc,Electronics,55,75,0,57,223,18,7,0.82,0.95,Rainy,None,Central India,36.36,4275.0,1140.0,3135,7,2024,1,0,1,3,0,0,1.364,205,2024-07-01
Eveready Battery D 2pc,Electronics,65,90,0,30,273,12,3,0.97,0.75,Rainy,None,Central India,38.46,2700.0,750.0,1950,7,2024,1,0,1,3,0,0,1.385,261,2024-07-01
CFL Bulb 9W Bajaj,Electronics,65,90,0,31,24,10,2,0.97,0.8,Rainy,None,Central India,38.46,2790.0,775.0,2015,7,2024,1,0,1,3,0,0,1.385,14,2024-07-01
LED Bulb 9W Philips,Electronics,95,130,0,31,188,12,3,1.43,0.92,Rainy,None,Central India,36.84,4030.0,1085.0,2945,7,2024,1,0,1,3,0,0,1.368,176,2024-07-01
Extension Cord 5m,Electronics,175,240,0,13,146,10,5,2.62,0.88,Rainy,None,Central India,37.14,3120.0,845.0,2275,7,2024,1,0,1,3,0,0,1.371,136,2024-07-01
Phone Charging Cable,Electronics,65,100,0,33,274,14,5,0.97,0.88,Rainy,None,Central India,53.85,3300.0,1155.0,2145,7,2024,1,0,1,3,0,0,1.538,260,2024-07-01
Earphones Basic,Electronics,85,140,0,26,30,10,3,1.27,0.8,Rainy,None,Central India,64.71,3640.0,1430.0,2210,7,2024,1,0,1,3,0,0,1.647,20,2024-07-01
Gamcha (Cotton Towel),Fashion,55,80,0,83,170,16,3,0.82,0.9,Rainy,None,Central India,45.45,6640.0,2075.0,4565,7,2024,1,0,1,3,0,0,1.455,154,2024-07-01
Socks Cotton (3 pair),Fashion,55,80,0,29,238,14,5,0.82,0.9,Rainy,None,Central India,45.45,2320.0,725.0,1595,7,2024,1,0,1,3,0,0,1.455,224,2024-07-01
Handkerchief 3pc,Fashion,30,45,0,31,170,12,2,0.45,0.92,Rainy,None,Central India,50.0,1395.0,465.0,930,7,2024,1,0,1,3,0,0,1.5,158,2024-07-01
Banyan Vest Cotton,Fashion,75,110,0,30,178,12,3,1.12,0.8,Rainy,None,Central India,46.67,3300.0,1050.0,2250,7,2024,1,0,1,3,0,0,1.467,166,2024-07-01
Dupatta Plain,Fashion,95,150,0,27,109,10,3,1.43,0.75,Rainy,None,Central India,57.89,4050.0,1485.0,2565,7,2024,1,0,1,3,0,0,1.579,99,2024-07-01
Salwar Suit Cotton,Fashion,280,450,0,16,263,10,4,4.2,0.88,Rainy,None,Central India,60.71,7200.0,2720.0,4480,7,2024,1,0,1,3,0,0,1.607,253,2024-07-01
Kurta Men Cotton,Fashion,195,320,0,16,118,10,3,2.92,0.8,Rainy,None,Central India,64.1,5120.0,2000.0,3120,7,2024,1,0,1,3,0,0,1.641,108,2024-07-01
Urea Fertilizer 1kg,Agriculture,35,50,0,80,97,16,2,0.53,0.8,Rainy,None,Central India,42.86,4000.0,1200.0,2800,7,2024,1,0,1,3,0,0,1.429,81,2024-07-01
DAP Fertilizer 1kg,Agriculture,55,75,0,34,200,12,1,0.82,0.95,Rainy,None,Central India,36.36,2550.0,680.0,1870,7,2024,1,0,1,3,0,0,1.364,188,2024-07-01
Neem Pesticide 100ml,Agriculture,65,95,0,79,275,10,2,0.97,0.8,Rainy,None,Central India,46.15,7505.0,2370.0,5135,7,2024,1,0,1,3,0,0,1.462,265,2024-07-01
Garden Pump Sprayer 1L,Agriculture,145,210,0,36,190,10,1,2.17,0.95,Rainy,None,Central India,44.83,7560.0,2340.0,5220,7,2024,1,0,1,3,0,0,1.448,180,2024-07-01
Vegetable Seeds Packet,Agriculture,28,45,0,36,102,14,4,0.42,0.85,Rainy,None,Central India,60.71,1620.0,612.0,1008,7,2024,1,0,1,3,0,0,1.607,88,2024-07-01
Basmati Rice 5kg,Grocery,280,340,0,92,29,34,3,4.2,0.92,Rainy,None,Central India,21.43,31280.0,5520.0,25760,8,2024,1,3,1,3,0,0,1.214,-5,2024-08-01
Atta Aashirvaad 10kg,Grocery,330,390,0,124,28,38,3,4.95,0.9,Rainy,None,Central India,18.18,48360.0,7440.0,40920,8,2024,1,3,1,3,0,0,1.182,-10,2024-08-01
Toor Dal 1kg,Grocery,130,155,0,73,165,30,2,1.95,0.85,Rainy,None,Central India,19.23,11315.0,1825.0,9490,8,2024,1,3,1,3,0,0,1.192,135,2024-08-01
Chana Dal 1kg,Grocery,90,112,0,88,245,24,1,1.35,0.92,Rainy,None,Central India,24.44,9856.0,1936.0,7920,8,2024,1,3,1,3,0,0,1.244,221,2024-08-01
Mustard Oil 1L,Grocery,155,185,0,83,279,28,3,2.32,0.75,Rainy,None,Central India,19.35,15355.0,2490.0,12865,8,2024,1,3,1,3,0,0,1.194,251,2024-08-01
Refined Oil Soya 5L,Grocery,580,680,0,50,47,20,2,8.7,0.88,Rainy,None,Central India,17.24,34000.0,5000.0,29000,8,2024,1,3,1,3,0,0,1.172,27,2024-08-01
Sugar 1kg,Grocery,42,50,0,116,135,48,3,0.63,0.8,Rainy,None,Central India,19.05,5800.0,928.0,4872,8,2024,1,3,1,3,0,0,1.19,87,2024-08-01
Salt Tata 1kg,Grocery,18,22,0,74,237,36,1,0.27,0.85,Rainy,None,Central India,22.22,1628.0,296.0,1332,8,2024,1,3,1,3,0,0,1.222,201,2024-08-01
Poha 500g,Grocery,28,36,0,58,193,22,2,0.42,0.92,Rainy,None,Central India,28.57,2088.0,464.0,1624,8,2024,1,3,1,3,0,0,1.286,171,2024-08-01
Maida 1kg,Grocery,32,40,0,51,169,18,3,0.48,0.75,Rainy,None,Central India,25.0,2040.0,408.0,1632,8,2024,1,3,1,3,0,0,1.25,151,2024-08-01
Besan 500g,Grocery,38,48,0,34,78,16,1,0.57,0.88,Rainy,None,Central India,26.32,1632.0,340.0,1292,8,2024,1,3,1,3,0,0,1.263,62,2024-08-01
Rajma 500g,Grocery,65,82,0,36,251,14,5,0.97,0.92,Rainy,None,Central India,26.15,2952.0,612.0,2340,8,2024,1,3,1,3,0,0,1.262,237,2024-08-01
Haldi Powder 100g,Grocery,28,38,0,54,258,20,5,0.42,0.95,Rainy,None,Central India,35.71,2052.0,540.0,1512,8,2024,1,3,1,3,0,0,1.357,238,2024-08-01
Red Chilli Powder 100g,Grocery,30,42,0,51,117,19,5,0.45,0.75,Rainy,None,Central India,40.0,2142.0,612.0,1530,8,2024,1,3,1,3,0,0,1.4,98,2024-08-01
Coriander Powder 100g,Grocery,22,32,0,51,99,18,1,0.33,0.95,Rainy,None,Central India,45.45,1632.0,510.0,1122,8,2024,1,3,1,3,0,0,1.455,81,2024-08-01
Tea Brooke Bond 500g,Grocery,175,215,0,111,214,32,4,2.62,0.75,Rainy,None,Central India,22.86,23865.0,4440.0,19425,8,2024,1,3,1,3,0,0,1.229,182,2024-08-01
Tea Tata Gold 250g,Grocery,105,130,0,92,133,26,1,1.57,0.8,Rainy,None,Central India,23.81,11960.0,2300.0,9660,8,2024,1,3,1,3,0,0,1.238,107,2024-08-01
Dry Coconut 200g,Grocery,95,125,0,27,215,12,5,1.43,0.88,Rainy,None,Central India,31.58,3375.0,810.0,2565,8,2024,1,3,1,3,0,0,1.316,203,2024-08-01
Saunf 100g,Grocery,22,30,0,37,205,14,5,0.33,0.92,Rainy,None,Central India,36.36,1110.0,296.0,814,8,2024,1,3,1,3,0,0,1.364,191,2024-08-01
Lifebuoy Soap 100g,FMCG,28,36,0,111,175,36,7,0.42,0.9,Rainy,None,Central India,28.57,3996.0,888.0,3108,8,2024,1,3,1,3,0,0,1.286,139,2024-08-01
Lux Soap 75g,FMCG,32,42,0,76,164,28,2,0.48,0.9,Rainy,None,Central India,31.25,3192.0,760.0,2432,8,2024,1,3,1,3,0,0,1.312,136,2024-08-01
Colgate 200g,FMCG,82,100,0,64,225,26,4,1.23,0.88,Rainy,None,Central India,21.95,6400.0,1152.0,5248,8,2024,1,3,1,3,0,0,1.22,199,2024-08-01
Pepsodent 200g,FMCG,75,92,0,67,38,22,3,1.12,0.88,Rainy,None,Central India,22.67,6164.0,1139.0,5025,8,2024,1,3,1,3,0,0,1.227,16,2024-08-01
Clinic Plus Shampoo 80ml,FMCG,55,72,0,48,87,20,2,0.82,0.8,Rainy,None,Central India,30.91,3456.0,816.0,2640,8,2024,1,3,1,3,0,0,1.309,67,2024-08-01
Sunsilk Shampoo 80ml,FMCG,58,75,0,44,213,18,3,0.87,0.95,Rainy,None,Central India,29.31,3300.0,748.0,2552,8,2024,1,3,1,3,0,0,1.293,195,2024-08-01
Surf Excel 1kg,FMCG,130,165,0,77,250,22,3,1.95,0.8,Rainy,None,Central India,26.92,12705.0,2695.0,10010,8,2024,1,3,1,3,0,0,1.269,228,2024-08-01
Ariel 500g,FMCG,95,120,0,51,29,18,4,1.43,0.85,Rainy,None,Central India,26.32,6120.0,1275.0,4845,8,2024,1,3,1,3,0,0,1.263,11,2024-08-01
Parle-G 800g,FMCG,45,58,0,176,250,48,4,0.67,0.9,Rainy,None,Central India,28.89,10208.0,2288.0,7920,8,2024,1,3,1,3,0,0,1.289,202,2024-08-01
Good Day Biscuit 250g,FMCG,28,38,0,83,49,34,3,0.42,0.75,Rainy,None,Central India,35.71,3154.0,830.0,2324,8,2024,1,3,1,3,0,0,1.357,15,2024-08-01
Hide & Seek 100g,FMCG,32,45,0,63,185,24,2,0.48,0.95,Rainy,None,Central India,40.62,2835.0,819.0,2016,8,2024,1,3,1,3,0,0,1.406,161,2024-08-01
Maggi Noodles 70g,FMCG,12,15,0,233,166,60,3,0.18,0.8,Rainy,None,Central India,25.0,3495.0,699.0,2796,8,2024,1,3,1,3,0,0,1.25,106,2024-08-01
Maggi Noodles 4-Pack,FMCG,52,65,0,169,127,36,2,0.78,0.95,Rainy,None,Central India,25.0,10985.0,2197.0,8788,8,2024,1,3,1,3,0,0,1.25,91,2024-08-01
Lay's Chips 26g,FMCG,15,20,0,252,281,80,1,0.22,0.75,Rainy,None,Central India,33.33,5040.0,1260.0,3780,8,2024,1,3,1,3,0,0,1.333,201,2024-08-01
Kurkure 65g,FMCG,18,25,0,186,111,70,5,0.27,0.92,Rainy,None,Central India,38.89,4650.0,1302.0,3348,8,2024,1,3,1,3,0,0,1.389,41,2024-08-01
Haldirams Namkeen 200g,FMCG,55,75,0,130,201,38,1,0.82,0.88,Rainy,None,Central India,36.36,9750.0,2600.0,7150,8,2024,1,3,1,3,0,0,1.364,163,2024-08-01
Haldirams Mixture 400g,FMCG,110,148,0,72,217,28,1,1.65,0.9,Rainy,None,Central India,34.55,10656.0,2736.0,7920,8,2024,1,3,1,3,0,0,1.345,189,2024-08-01
Frooti 200ml,FMCG,12,15,0,187,38,100,7,0.18,0.75,Rainy,None,Central India,25.0,2805.0,561.0,2244,8,2024,1,3,1,3,0,0,1.25,-62,2024-08-01
Maaza 250ml,FMCG,18,22,0,185,172,80,5,0.27,0.9,Rainy,None,Central India,22.22,4070.0,740.0,3330,8,2024,1,3,1,3,0,0,1.222,92,2024-08-01
Thums Up 600ml,FMCG,38,45,0,199,74,72,3,0.57,0.88,Rainy,None,Central India,18.42,8955.0,1393.0,7562,8,2024,1,3,1,3,0,0,1.184,2,2024-08-01
Limca 600ml,FMCG,35,42,0,215,217,60,2,0.53,0.9,Rainy,None,Central India,20.0,9030.0,1505.0,7525,8,2024,1,3,1,3,0,0,1.2,157,2024-08-01
Glucon-D 200g,FMCG,55,72,0,67,106,26,1,0.82,0.75,Rainy,None,Central India,30.91,4824.0,1139.0,3685,8,2024,1,3,1,3,0,0,1.309,80,2024-08-01
ORS Sachets (5pc),FMCG,22,30,0,80,137,18,5,0.33,0.8,Rainy,None,Central India,36.36,2400.0,640.0,1760,8,2024,1,3,1,3,0,0,1.364,119,2024-08-01
Vim Bar 200g,FMCG,25,32,0,66,61,24,2,0.38,0.88,Rainy,None,Central India,28.0,2112.0,462.0,1650,8,2024,1,3,1,3,0,0,1.28,37,2024-08-01
Harpic 500ml,FMCG,75,98,0,71,38,14,1,1.12,0.9,Rainy,None,Central India,30.67,6958.0,1633.0,5325,8,2024,1,3,1,3,0,0,1.307,24,2024-08-01
Dettol 250ml,FMCG,68,88,0,77,265,18,2,1.02,0.95,Rainy,None,Central India,29.41,6776.0,1540.0,5236,8,2024,1,3,1,3,0,0,1.294,247,2024-08-01
Hajmola 100 Tabs,FMCG,45,60,0,33,216,22,4,0.67,0.88,Rainy,None,Central India,33.33,1980.0,495.0,1485,8,2024,1,3,1,3,0,0,1.333,194,2024-08-01
Vicks 10g,FMCG,35,48,0,89,215,16,7,0.53,0.9,Rainy,None,Central India,37.14,4272.0,1157.0,3115,8,2024,1,3,1,3,0,0,1.371,199,2024-08-01
Eno Sachet (6pc),FMCG,28,38,0,56,33,20,3,0.42,0.8,Rainy,None,Central India,35.71,2128.0,560.0,1568,8,2024,1,3,1,3,0,0,1.357,13,2024-08-01
Diya Set 12pc,FMCG,38,65,0,6,76,10,2,0.57,0.88,Rainy,None,Central India,71.05,390.0,162.0,228,8,2024,1,3,1,3,0,0,1.711,66,2024-08-01
Gulal Colors 100g,FMCG,22,40,0,5,230,10,3,0.33,0.88,Rainy,None,Central India,81.82,200.0,90.0,110,8,2024,1,3,1,3,0,0,1.818,220,2024-08-01
Agarbatti Pack 20pc,FMCG,25,35,0,33,167,20,1,0.38,0.9,Rainy,None,Central India,40.0,1155.0,330.0,825,8,2024,1,3,1,3,0,0,1.4,147,2024-08-01
Camphor Tablets 25g,FMCG,28,40,0,37,66,14,2,0.42,0.85,Rainy,None,Central India,42.86,1480.0,444.0,1036,8,2024,1,3,1,3,0,0,1.429,52,2024-08-01
Mosquito Coil (10pc),FMCG,32,45,0,150,115,22,4,0.48,0.95,Rainy,None,Central India,40.62,6750.0,1950.0,4800,8,2024,1,3,1,3,0,0,1.406,93,2024-08-01
All Out Refill,FMCG,88,115,0,51,46,16,3,1.32,0.8,Rainy,None,Central India,30.68,5865.0,1377.0,4488,8,2024,1,3,1,3,0,0,1.307,30,2024-08-01
Classmate Notebook 200pg,Stationery,48,65,0,95,186,32,1,0.72,0.9,Rainy,None,Central India,35.42,6175.0,1615.0,4560,8,2024,1,3,1,3,0,0,1.354,154,2024-08-01
Reynolds Pen (10pc),Stationery,35,50,0,96,273,38,2,0.53,0.95,Rainy,None,Central India,42.86,4800.0,1440.0,3360,8,2024,1,3,1,3,0,0,1.429,235,2024-08-01
Apsara Pencil (10pc),Stationery,15,22,0,54,57,28,2,0.22,0.95,Rainy,None,Central India,46.67,1188.0,378.0,810,8,2024,1,3,1,3,0,0,1.467,29,2024-08-01
Fevicol 50g,Stationery,20,28,0,62,219,18,5,0.3,0.85,Rainy,None,Central India,40.0,1736.0,496.0,1240,8,2024,1,3,1,3,0,0,1.4,201,2024-08-01
Stapler Small,Stationery,45,65,0,23,54,10,2,0.67,0.9,Rainy,None,Central India,44.44,1495.0,460.0,1035,8,2024,1,3,1,3,0,0,1.444,44,2024-08-01
Register A4 100pg,Stationery,35,50,0,43,186,12,3,0.53,0.75,Rainy,None,Central India,42.86,2150.0,645.0,1505,8,2024,1,3,1,3,0,0,1.429,174,2024-08-01
Sketch Pens (12pc),Stationery,32,48,0,38,223,14,2,0.48,0.85,Rainy,None,Central India,50.0,1824.0,608.0,1216,8,2024,1,3,1,3,0,0,1.5,209,2024-08-01
Scale 30cm,Stationery,8,12,0,38,185,16,5,0.12,0.88,Rainy,None,Central India,50.0,456.0,152.0,304,8,2024,1,3,1,3,0,0,1.5,169,2024-08-01
Eraser Apsara,Stationery,4,7,0,55,107,24,1,0.06,0.75,Rainy,None,Central India,75.0,385.0,165.0,220,8,2024,1,3,1,3,0,0,1.75,83,2024-08-01
Tape Roll,Stationery,18,28,0,32,165,12,2,0.27,0.8,Rainy,None,Central India,55.56,896.0,320.0,576,8,2024,1,3,1,3,0,0,1.556,153,2024-08-01
Eveready Battery AA 4pc,Electronics,55,75,0,50,127,18,2,0.82,0.75,Rainy,None,Central India,36.36,3750.0,1000.0,2750,8,2024,1,3,1,3,0,0,1.364,109,2024-08-01
Eveready Battery D 2pc,Electronics,65,90,0,36,271,12,2,0.97,0.95,Rainy,None,Central India,38.46,3240.0,900.0,2340,8,2024,1,3,1,3,0,0,1.385,259,2024-08-01
CFL Bulb 9W Bajaj,Electronics,65,90,0,21,138,10,2,0.97,0.92,Rainy,None,Central India,38.46,1890.0,525.0,1365,8,2024,1,3,1,3,0,0,1.385,128,2024-08-01
LED Bulb 9W Philips,Electronics,95,130,0,34,198,12,4,1.43,0.8,Rainy,None,Central India,36.84,4420.0,1190.0,3230,8,2024,1,3,1,3,0,0,1.368,186,2024-08-01
Extension Cord 5m,Electronics,175,240,0,16,63,10,5,2.62,0.92,Rainy,None,Central India,37.14,3840.0,1040.0,2800,8,2024,1,3,1,3,0,0,1.371,53,2024-08-01
Phone Charging Cable,Electronics,65,100,0,35,22,14,4,0.97,0.92,Rainy,None,Central India,53.85,3500.0,1225.0,2275,8,2024,1,3,1,3,0,0,1.538,8,2024-08-01
Earphones Basic,Electronics,85,140,0,33,93,10,2,1.27,0.85,Rainy,None,Central India,64.71,4620.0,1815.0,2805,8,2024,1,3,1,3,0,0,1.647,83,2024-08-01
Gamcha (Cotton Towel),Fashion,55,80,0,64,164,16,5,0.82,0.9,Rainy,None,Central India,45.45,5120.0,1600.0,3520,8,2024,1,3,1,3,0,0,1.455,148,2024-08-01
Socks Cotton (3 pair),Fashion,55,80,0,32,23,14,2,0.82,0.95,Rainy,None,Central India,45.45,2560.0,800.0,1760,8,2024,1,3,1,3,0,0,1.455,9,2024-08-01
Handkerchief 3pc,Fashion,30,45,0,26,230,12,3,0.45,0.8,Rainy,None,Central India,50.0,1170.0,390.0,780,8,2024,1,3,1,3,0,0,1.5,218,2024-08-01
Banyan Vest Cotton,Fashion,75,110,0,37,238,12,3,1.12,0.85,Rainy,None,Central India,46.67,4070.0,1295.0,2775,8,2024,1,3,1,3,0,0,1.467,226,2024-08-01
Dupatta Plain,Fashion,95,150,0,20,187,10,7,1.43,0.92,Rainy,None,Central India,57.89,3000.0,1100.0,1900,8,2024,1,3,1,3,0,0,1.579,177,2024-08-01
Salwar Suit Cotton,Fashion,280,450,0,19,75,10,3,4.2,0.75,Rainy,None,Central India,60.71,8550.0,3230.0,5320,8,2024,1,3,1,3,0,0,1.607,65,2024-08-01
Kurta Men Cotton,Fashion,195,320,0,21,160,10,2,2.92,0.92,Rainy,None,Central India,64.1,6720.0,2625.0,4095,8,2024,1,3,1,3,0,0,1.641,150,2024-08-01
Urea Fertilizer 1kg,Agriculture,35,50,0,83,292,16,3,0.53,0.75,Rainy,None,Central India,42.86,4150.0,1245.0,2905,8,2024,1,3,1,3,0,0,1.429,276,2024-08-01
DAP Fertilizer 1kg,Agriculture,55,75,0,33,268,12,3,0.82,0.88,Rainy,None,Central India,36.36,2475.0,660.0,1815,8,2024,1,3,1,3,0,0,1.364,256,2024-08-01
Neem Pesticide 100ml,Agriculture,65,95,0,63,85,10,3,0.97,0.88,Rainy,None,Central India,46.15,5985.0,1890.0,4095,8,2024,1,3,1,3,0,0,1.462,75,2024-08-01
Garden Pump Sprayer 1L,Agriculture,145,210,0,38,126,10,5,2.17,0.85,Rainy,None,Central India,44.83,7980.0,2470.0,5510,8,2024,1,3,1,3,0,0,1.448,116,2024-08-01
Vegetable Seeds Packet,Agriculture,28,45,0,42,246,14,3,0.42,0.8,Rainy,None,Central India,60.71,1890.0,714.0,1176,8,2024,1,3,1,3,0,0,1.607,232,2024-08-01
Basmati Rice 5kg,Grocery,280,340,0,94,32,34,7,4.2,0.8,Autumn,None,Central India,21.43,31960.0,5640.0,26320,9,2024,1,6,1,3,1,0,1.214,-2,2024-09-01
Atta Aashirvaad 10kg,Grocery,330,390,0,85,76,38,7,4.95,0.92,Autumn,None,Central India,18.18,33150.0,5100.0,28050,9,2024,1,6,1,3,1,0,1.182,38,2024-09-01
Toor Dal 1kg,Grocery,130,155,0,56,278,30,7,1.95,0.9,Autumn,None,Central India,19.23,8680.0,1400.0,7280,9,2024,1,6,1,3,1,0,1.192,248,2024-09-01
Chana Dal 1kg,Grocery,90,112,0,70,237,24,2,1.35,0.92,Autumn,None,Central India,24.44,7840.0,1540.0,6300,9,2024,1,6,1,3,1,0,1.244,213,2024-09-01
Mustard Oil 1L,Grocery,155,185,0,77,135,28,2,2.32,0.85,Autumn,None,Central India,19.35,14245.0,2310.0,11935,9,2024,1,6,1,3,1,0,1.194,107,2024-09-01
Refined Oil Soya 5L,Grocery,580,680,0,63,219,20,5,8.7,0.85,Autumn,None,Central India,17.24,42840.0,6300.0,36540,9,2024,1,6,1,3,1,0,1.172,199,2024-09-01
Sugar 1kg,Grocery,42,50,0,87,89,48,1,0.63,0.95,Autumn,None,Central India,19.05,4350.0,696.0,3654,9,2024,1,6,1,3,1,0,1.19,41,2024-09-01
Salt Tata 1kg,Grocery,18,22,0,89,39,36,1,0.27,0.8,Autumn,None,Central India,22.22,1958.0,356.0,1602,9,2024,1,6,1,3,1,0,1.222,3,2024-09-01
Poha 500g,Grocery,28,36,0,56,218,22,5,0.42,0.75,Autumn,None,Central India,28.57,2016.0,448.0,1568,9,2024,1,6,1,3,1,0,1.286,196,2024-09-01
Maida 1kg,Grocery,32,40,0,33,64,18,2,0.48,0.92,Autumn,None,Central India,25.0,1320.0,264.0,1056,9,2024,1,6,1,3,1,0,1.25,46,2024-09-01
Besan 500g,Grocery,38,48,0,38,89,16,4,0.57,0.8,Autumn,None,Central India,26.32,1824.0,380.0,1444,9,2024,1,6,1,3,1,0,1.263,73,2024-09-01
Rajma 500g,Grocery,65,82,0,39,233,14,3,0.97,0.75,Autumn,None,Central India,26.15,3198.0,663.0,2535,9,2024,1,6,1,3,1,0,1.262,219,2024-09-01
Haldi Powder 100g,Grocery,28,38,0,48,91,20,3,0.42,0.75,Autumn,None,Central India,35.71,1824.0,480.0,1344,9,2024,1,6,1,3,1,0,1.357,71,2024-09-01
Red Chilli Powder 100g,Grocery,30,42,0,51,71,19,1,0.45,0.92,Autumn,None,Central India,40.0,2142.0,612.0,1530,9,2024,1,6,1,3,1,0,1.4,52,2024-09-01
Coriander Powder 100g,Grocery,22,32,0,43,293,18,4,0.33,0.92,Autumn,None,Central India,45.45,1376.0,430.0,946,9,2024,1,6,1,3,1,0,1.455,275,2024-09-01
Tea Brooke Bond 500g,Grocery,175,215,0,98,262,32,5,2.62,0.8,Autumn,None,Central India,22.86,21070.0,3920.0,17150,9,2024,1,6,1,3,1,0,1.229,230,2024-09-01
Tea Tata Gold 250g,Grocery,105,130,0,64,101,26,5,1.57,0.75,Autumn,None,Central India,23.81,8320.0,1600.0,6720,9,2024,1,6,1,3,1,0,1.238,75,2024-09-01
Dry Coconut 200g,Grocery,95,125,5,45,182,12,2,1.43,0.88,Autumn,Navratri,Central India,31.58,5343.75,1068.75,4275,9,2024,1,6,1,3,1,1,1.316,170,2024-09-01
Saunf 100g,Grocery,22,30,0,51,111,14,3,0.33,0.95,Autumn,None,Central India,36.36,1530.0,408.0,1122,9,2024,1,6,1,3,1,0,1.364,97,2024-09-01
Lifebuoy Soap 100g,FMCG,28,36,0,102,167,36,7,0.42,0.9,Autumn,None,Central India,28.57,3672.0,816.0,2856,9,2024,1,6,1,3,1,0,1.286,131,2024-09-01
Lux Soap 75g,FMCG,32,42,0,70,57,28,3,0.48,0.95,Autumn,None,Central India,31.25,2940.0,700.0,2240,9,2024,1,6,1,3,1,0,1.312,29,2024-09-01
Colgate 200g,FMCG,82,100,0,62,245,26,3,1.23,0.95,Autumn,None,Central India,21.95,6200.0,1116.0,5084,9,2024,1,6,1,3,1,0,1.22,219,2024-09-01
Pepsodent 200g,FMCG,75,92,0,64,166,22,1,1.12,0.9,Autumn,None,Central India,22.67,5888.0,1088.0,4800,9,2024,1,6,1,3,1,0,1.227,144,2024-09-01
Clinic Plus Shampoo 80ml,FMCG,55,72,0,24,201,20,3,0.82,0.8,Autumn,None,Central India,30.91,1728.0,408.0,1320,9,2024,1,6,1,3,1,0,1.309,181,2024-09-01
Sunsilk Shampoo 80ml,FMCG,58,75,0,40,30,18,1,0.87,0.92,Autumn,None,Central India,29.31,3000.0,680.0,2320,9,2024,1,6,1,3,1,0,1.293,12,2024-09-01
Surf Excel 1kg,FMCG,130,165,0,49,222,22,2,1.95,0.75,Autumn,None,Central India,26.92,8085.0,1715.0,6370,9,2024,1,6,1,3,1,0,1.269,200,2024-09-01
Ariel 500g,FMCG,95,120,0,52,212,18,5,1.43,0.85,Autumn,None,Central India,26.32,6240.0,1300.0,4940,9,2024,1,6,1,3,1,0,1.263,194,2024-09-01
Parle-G 800g,FMCG,45,58,0,154,178,48,3,0.67,0.95,Autumn,None,Central India,28.89,8932.0,2002.0,6930,9,2024,1,6,1,3,1,0,1.289,130,2024-09-01
Good Day Biscuit 250g,FMCG,28,38,0,104,103,34,2,0.42,0.95,Autumn,None,Central India,35.71,3952.0,1040.0,2912,9,2024,1,6,1,3,1,0,1.357,69,2024-09-01
Hide & Seek 100g,FMCG,32,45,0,74,70,24,2,0.48,0.8,Autumn,None,Central India,40.62,3330.0,962.0,2368,9,2024,1,6,1,3,1,0,1.406,46,2024-09-01
Maggi Noodles 70g,FMCG,12,15,0,166,88,60,1,0.18,0.8,Autumn,None,Central India,25.0,2490.0,498.0,1992,9,2024,1,6,1,3,1,0,1.25,28,2024-09-01
Maggi Noodles 4-Pack,FMCG,52,65,0,85,207,36,4,0.78,0.9,Autumn,None,Central India,25.0,5525.0,1105.0,4420,9,2024,1,6,1,3,1,0,1.25,171,2024-09-01
Lay's Chips 26g,FMCG,15,20,0,242,196,80,2,0.22,0.8,Autumn,None,Central India,33.33,4840.0,1210.0,3630,9,2024,1,6,1,3,1,0,1.333,116,2024-09-01
Kurkure 65g,FMCG,18,25,0,183,237,70,3,0.27,0.9,Autumn,None,Central India,38.89,4575.0,1281.0,3294,9,2024,1,6,1,3,1,0,1.389,167,2024-09-01
Haldirams Namkeen 200g,FMCG,55,75,10,251,280,38,4,0.82,0.95,Autumn,Navratri,Central India,36.36,16942.5,3137.5,13805,9,2024,1,6,1,3,1,1,1.364,242,2024-09-01
Haldirams Mixture 400g,FMCG,110,148,0,88,142,28,7,1.65,0.75,Autumn,None,Central India,34.55,13024.0,3344.0,9680,9,2024,1,6,1,3,1,0,1.345,114,2024-09-01
Frooti 200ml,FMCG,12,15,0,269,174,100,4,0.18,0.8,Autumn,None,Central India,25.0,4035.0,807.0,3228,9,2024,1,6,1,3,1,0,1.25,74,2024-09-01
Maaza 250ml,FMCG,18,22,0,230,205,80,4,0.27,0.85,Autumn,None,Central India,22.22,5060.0,920.0,4140,9,2024,1,6,1,3,1,0,1.222,125,2024-09-01
Thums Up 600ml,FMCG,38,45,0,168,218,72,7,0.57,0.92,Autumn,None,Central India,18.42,7560.0,1176.0,6384,9,2024,1,6,1,3,1,0,1.184,146,2024-09-01
Limca 600ml,FMCG,35,42,0,103,40,60,7,0.53,0.85,Autumn,None,Central India,20.0,4326.0,721.0,3605,9,2024,1,6,1,3,1,0,1.2,-20,2024-09-01
Glucon-D 200g,FMCG,55,72,0,67,267,26,3,0.82,0.8,Autumn,None,Central India,30.91,4824.0,1139.0,3685,9,2024,1,6,1,3,1,0,1.309,241,2024-09-01
ORS Sachets (5pc),FMCG,22,30,0,49,50,18,2,0.33,0.75,Autumn,None,Central India,36.36,1470.0,392.0,1078,9,2024,1,6,1,3,1,0,1.364,32,2024-09-01
Vim Bar 200g,FMCG,25,32,0,94,113,24,2,0.38,0.8,Autumn,None,Central India,28.0,3008.0,658.0,2350,9,2024,1,6,1,3,1,0,1.28,89,2024-09-01
Harpic 500ml,FMCG,75,98,0,43,99,14,3,1.12,0.88,Autumn,None,Central India,30.67,4214.0,989.0,3225,9,2024,1,6,1,3,1,0,1.307,85,2024-09-01
Dettol 250ml,FMCG,68,88,0,45,251,18,3,1.02,0.92,Autumn,None,Central India,29.41,3960.0,900.0,3060,9,2024,1,6,1,3,1,0,1.294,233,2024-09-01
Hajmola 100 Tabs,FMCG,45,60,0,46,185,22,5,0.67,0.92,Autumn,None,Central India,33.33,2760.0,690.0,2070,9,2024,1,6,1,3,1,0,1.333,163,2024-09-01
Vicks 10g,FMCG,35,48,0,42,239,16,7,0.53,0.95,Autumn,None,Central India,37.14,2016.0,546.0,1470,9,2024,1,6,1,3,1,0,1.371,223,2024-09-01
Eno Sachet (6pc),FMCG,28,38,0,58,240,20,3,0.42,0.8,Autumn,None,Central India,35.71,2204.0,580.0,1624,9,2024,1,6,1,3,1,0,1.357,220,2024-09-01
Diya Set 12pc,FMCG,38,65,5,34,44,10,1,0.57,0.9,Autumn,Navratri,Central India,71.05,2099.5,807.5,1292,9,2024,1,6,1,3,1,1,1.711,34,2024-09-01
Gulal Colors 100g,FMCG,22,40,0,4,148,10,5,0.33,0.8,Autumn,None,Central India,81.82,160.0,72.0,88,9,2024,1,6,1,3,1,0,1.818,138,2024-09-01
Agarbatti Pack 20pc,FMCG,25,35,0,66,25,20,3,0.38,0.8,Autumn,Navratri,Central India,40.0,2310.0,660.0,1650,9,2024,1,6,1,3,1,1,1.4,5,2024-09-01
Camphor Tablets 25g,FMCG,28,40,0,97,85,14,2,0.42,0.8,Autumn,Navratri,Central India,42.86,3880.0,1164.0,2716,9,2024,1,6,1,3,1,1,1.429,71,2024-09-01
Mosquito Coil (10pc),FMCG,32,45,0,70,169,22,3,0.48,0.88,Autumn,None,Central India,40.62,3150.0,910.0,2240,9,2024,1,6,1,3,1,0,1.406,147,2024-09-01
All Out Refill,FMCG,88,115,0,47,122,16,7,1.32,0.88,Autumn,None,Central India,30.68,5405.0,1269.0,4136,9,2024,1,6,1,3,1,0,1.307,106,2024-09-01
Classmate Notebook 200pg,Stationery,48,65,0,64,136,32,3,0.72,0.9,Autumn,None,Central India,35.42,4160.0,1088.0,3072,9,2024,1,6,1,3,1,0,1.354,104,2024-09-01
Reynolds Pen (10pc),Stationery,35,50,0,122,124,38,5,0.53,0.85,Autumn,None,Central India,42.86,6100.0,1830.0,4270,9,2024,1,6,1,3,1,0,1.429,86,2024-09-01
Apsara Pencil (10pc),Stationery,15,22,0,64,43,28,5,0.22,0.8,Autumn,None,Central India,46.67,1408.0,448.0,960,9,2024,1,6,1,3,1,0,1.467,15,2024-09-01
Fevicol 50g,Stationery,20,28,0,53,54,18,7,0.3,0.88,Autumn,None,Central India,40.0,1484.0,424.0,1060,9,2024,1,6,1,3,1,0,1.4,36,2024-09-01
Stapler Small,Stationery,45,65,0,18,78,10,1,0.67,0.85,Autumn,None,Central India,44.44,1170.0,360.0,810,9,2024,1,6,1,3,1,0,1.444,68,2024-09-01
Register A4 100pg,Stationery,35,50,0,28,226,12,7,0.53,0.95,Autumn,None,Central India,42.86,1400.0,420.0,980,9,2024,1,6,1,3,1,0,1.429,214,2024-09-01
Sketch Pens (12pc),Stationery,32,48,0,43,237,14,2,0.48,0.88,Autumn,None,Central India,50.0,2064.0,688.0,1376,9,2024,1,6,1,3,1,0,1.5,223,2024-09-01
Scale 30cm,Stationery,8,12,0,56,94,16,2,0.12,0.8,Autumn,None,Central India,50.0,672.0,224.0,448,9,2024,1,6,1,3,1,0,1.5,78,2024-09-01
Eraser Apsara,Stationery,4,7,0,53,234,24,5,0.06,0.85,Autumn,None,Central India,75.0,371.0,159.0,212,9,2024,1,6,1,3,1,0,1.75,210,2024-09-01
Tape Roll,Stationery,18,28,0,24,58,12,2,0.27,0.88,Autumn,None,Central India,55.56,672.0,240.0,432,9,2024,1,6,1,3,1,0,1.556,46,2024-09-01
Eveready Battery AA 4pc,Electronics,55,75,0,52,195,18,5,0.82,0.8,Autumn,None,Central India,36.36,3900.0,1040.0,2860,9,2024,1,6,1,3,1,0,1.364,177,2024-09-01
Eveready Battery D 2pc,Electronics,65,90,0,30,151,12,3,0.97,0.8,Autumn,None,Central India,38.46,2700.0,750.0,1950,9,2024,1,6,1,3,1,0,1.385,139,2024-09-01
CFL Bulb 9W Bajaj,Electronics,65,90,0,22,20,10,3,0.97,0.85,Autumn,None,Central India,38.46,1980.0,550.0,1430,9,2024,1,6,1,3,1,0,1.385,10,2024-09-01
LED Bulb 9W Philips,Electronics,95,130,0,35,131,12,4,1.43,0.92,Autumn,None,Central India,36.84,4550.0,1225.0,3325,9,2024,1,6,1,3,1,0,1.368,119,2024-09-01
Extension Cord 5m,Electronics,175,240,0,18,99,10,2,2.62,0.85,Autumn,None,Central India,37.14,4320.0,1170.0,3150,9,2024,1,6,1,3,1,0,1.371,89,2024-09-01
Phone Charging Cable,Electronics,65,100,0,25,84,14,3,0.97,0.85,Autumn,None,Central India,53.85,2500.0,875.0,1625,9,2024,1,6,1,3,1,0,1.538,70,2024-09-01
Earphones Basic,Electronics,85,140,0,28,200,10,3,1.27,0.88,Autumn,None,Central India,64.71,3920.0,1540.0,2380,9,2024,1,6,1,3,1,0,1.647,190,2024-09-01
Gamcha (Cotton Towel),Fashion,55,80,0,36,87,16,3,0.82,0.88,Autumn,None,Central India,45.45,2880.0,900.0,1980,9,2024,1,6,1,3,1,0,1.455,71,2024-09-01
Socks Cotton (3 pair),Fashion,55,80,0,34,188,14,2,0.82,0.92,Autumn,None,Central India,45.45,2720.0,850.0,1870,9,2024,1,6,1,3,1,0,1.455,174,2024-09-01
Handkerchief 3pc,Fashion,30,45,0,38,85,12,3,0.45,0.88,Autumn,None,Central India,50.0,1710.0,570.0,1140,9,2024,1,6,1,3,1,0,1.5,73,2024-09-01
Banyan Vest Cotton,Fashion,75,110,0,38,58,12,3,1.12,0.92,Autumn,None,Central India,46.67,4180.0,1330.0,2850,9,2024,1,6,1,3,1,0,1.467,46,2024-09-01
Dupatta Plain,Fashion,95,150,2,95,207,10,5,1.43,0.85,Autumn,Navratri,Central India,57.89,13965.0,4940.0,9025,9,2024,1,6,1,3,1,1,1.579,197,2024-09-01
Salwar Suit Cotton,Fashion,280,450,0,70,78,10,1,4.2,0.85,Autumn,Navratri,Central India,60.71,31500.0,11900.0,19600,9,2024,1,6,1,3,1,1,1.607,68,2024-09-01
Kurta Men Cotton,Fashion,195,320,0,16,21,10,2,2.92,0.75,Autumn,None,Central India,64.1,5120.0,2000.0,3120,9,2024,1,6,1,3,1,0,1.641,11,2024-09-01
Urea Fertilizer 1kg,Agriculture,35,50,0,44,163,16,3,0.53,0.88,Autumn,None,Central India,42.86,2200.0,660.0,1540,9,2024,1,6,1,3,1,0,1.429,147,2024-09-01
DAP Fertilizer 1kg,Agriculture,55,75,0,32,48,12,5,0.82,0.92,Autumn,None,Central India,36.36,2400.0,640.0,1760,9,2024,1,6,1,3,1,0,1.364,36,2024-09-01
Neem Pesticide 100ml,Agriculture,65,95,0,18,125,10,7,0.97,0.8,Autumn,None,Central India,46.15,1710.0,540.0,1170,9,2024,1,6,1,3,1,0,1.462,115,2024-09-01
Garden Pump Sprayer 1L,Agriculture,145,210,0,14,190,10,1,2.17,0.9,Autumn,None,Central India,44.83,2940.0,910.0,2030,9,2024,1,6,1,3,1,0,1.448,180,2024-09-01
Vegetable Seeds Packet,Agriculture,28,45,0,40,119,14,2,0.42,0.75,Autumn,None,Central India,60.71,1800.0,680.0,1120,9,2024,1,6,1,3,1,0,1.607,105,2024-09-01
Basmati Rice 5kg,Grocery,280,340,2,182,133,34,4,4.2,0.75,Autumn,Diwali,Central India,21.43,60642.4,9682.4,50960,10,2024,1,1,1,4,0,1,1.214,99,2024-10-01
Atta Aashirvaad 10kg,Grocery,330,390,2,178,279,38,2,4.95,0.8,Autumn,Diwali,Central India,18.18,68031.6,9291.6,58740,10,2024,1,1,1,4,0,1,1.182,241,2024-10-01
Toor Dal 1kg,Grocery,130,155,10,107,250,30,7,1.95,0.85,Autumn,Diwali,Central India,19.23,14926.5,1016.5,13910,10,2024,1,1,1,4,0,1,1.192,220,2024-10-01
Chana Dal 1kg,Grocery,90,112,0,52,81,24,2,1.35,0.92,Autumn,None,Central India,24.44,5824.0,1144.0,4680,10,2024,1,1,1,4,0,0,1.244,57,2024-10-01
Mustard Oil 1L,Grocery,155,185,5,138,274,28,3,2.32,0.8,Autumn,Diwali,Central India,19.35,24253.5,2863.5,21390,10,2024,1,1,1,4,0,1,1.194,246,2024-10-01
Refined Oil Soya 5L,Grocery,580,680,0,84,71,20,3,8.7,0.88,Autumn,Diwali,Central India,17.24,57120.0,8400.0,48720,10,2024,1,1,1,4,0,1,1.172,51,2024-10-01
Sugar 1kg,Grocery,42,50,0,224,88,48,5,0.63,0.9,Autumn,Diwali,Central India,19.05,11200.0,1792.0,9408,10,2024,1,1,1,4,0,1,1.19,40,2024-10-01
Salt Tata 1kg,Grocery,18,22,0,86,223,36,3,0.27,0.85,Autumn,None,Central India,22.22,1892.0,344.0,1548,10,2024,1,1,1,4,0,0,1.222,187,2024-10-01
Poha 500g,Grocery,28,36,0,56,204,22,3,0.42,0.92,Autumn,None,Central India,28.57,2016.0,448.0,1568,10,2024,1,1,1,4,0,0,1.286,182,2024-10-01
Maida 1kg,Grocery,32,40,0,103,87,18,1,0.48,0.85,Autumn,Diwali,Central India,25.0,4120.0,824.0,3296,10,2024,1,1,1,4,0,1,1.25,69,2024-10-01
Besan 500g,Grocery,38,48,10,92,182,16,5,0.57,0.95,Autumn,Diwali,Central India,26.32,3974.4,478.4,3496,10,2024,1,1,1,4,0,1,1.263,166,2024-10-01
Rajma 500g,Grocery,65,82,0,35,191,14,7,0.97,0.95,Autumn,None,Central India,26.15,2870.0,595.0,2275,10,2024,1,1,1,4,0,0,1.262,177,2024-10-01
Haldi Powder 100g,Grocery,28,38,0,52,66,20,2,0.42,0.8,Autumn,None,Central India,35.71,1976.0,520.0,1456,10,2024,1,1,1,4,0,0,1.357,46,2024-10-01
Red Chilli Powder 100g,Grocery,30,42,0,50,125,19,3,0.45,0.8,Autumn,None,Central India,40.0,2100.0,600.0,1500,10,2024,1,1,1,4,0,0,1.4,106,2024-10-01
Coriander Powder 100g,Grocery,22,32,0,31,275,18,7,0.33,0.85,Autumn,None,Central India,45.45,992.0,310.0,682,10,2024,1,1,1,4,0,0,1.455,257,2024-10-01
Tea Brooke Bond 500g,Grocery,175,215,0,106,90,32,5,2.62,0.92,Autumn,None,Central India,22.86,22790.0,4240.0,18550,10,2024,1,1,1,4,0,0,1.229,58,2024-10-01
Tea Tata Gold 250g,Grocery,105,130,0,61,74,26,2,1.57,0.9,Autumn,None,Central India,23.81,7930.0,1525.0,6405,10,2024,1,1,1,4,0,0,1.238,48,2024-10-01
Dry Coconut 200g,Grocery,95,125,0,92,217,12,2,1.43,0.88,Autumn,Diwali,Central India,31.58,11500.0,2760.0,8740,10,2024,1,1,1,4,0,1,1.316,205,2024-10-01
Saunf 100g,Grocery,22,30,0,35,205,14,1,0.33,0.8,Autumn,None,Central India,36.36,1050.0,280.0,770,10,2024,1,1,1,4,0,0,1.364,191,2024-10-01
Lifebuoy Soap 100g,FMCG,28,36,0,107,30,36,5,0.42,0.8,Autumn,None,Central India,28.57,3852.0,856.0,2996,10,2024,1,1,1,4,0,0,1.286,-6,2024-10-01
Lux Soap 75g,FMCG,32,42,0,87,165,28,3,0.48,0.88,Autumn,None,Central India,31.25,3654.0,870.0,2784,10,2024,1,1,1,4,0,0,1.312,137,2024-10-01
Colgate 200g,FMCG,82,100,0,65,133,26,2,1.23,0.95,Autumn,None,Central India,21.95,6500.0,1170.0,5330,10,2024,1,1,1,4,0,0,1.22,107,2024-10-01
Pepsodent 200g,FMCG,75,92,0,64,49,22,7,1.12,0.8,Autumn,None,Central India,22.67,5888.0,1088.0,4800,10,2024,1,1,1,4,0,0,1.227,27,2024-10-01
Clinic Plus Shampoo 80ml,FMCG,55,72,0,68,230,20,5,0.82,0.85,Autumn,None,Central India,30.91,4896.0,1156.0,3740,10,2024,1,1,1,4,0,0,1.309,210,2024-10-01
Sunsilk Shampoo 80ml,FMCG,58,75,0,44,59,18,7,0.87,0.8,Autumn,None,Central India,29.31,3300.0,748.0,2552,10,2024,1,1,1,4,0,0,1.293,41,2024-10-01
Surf Excel 1kg,FMCG,130,165,2,98,186,22,3,1.95,0.75,Autumn,Diwali,Central India,26.92,15846.6,3106.6,12740,10,2024,1,1,1,4,0,1,1.269,164,2024-10-01
Ariel 500g,FMCG,95,120,0,25,248,18,2,1.43,0.75,Autumn,None,Central India,26.32,3000.0,625.0,2375,10,2024,1,1,1,4,0,0,1.263,230,2024-10-01
Parle-G 800g,FMCG,45,58,0,145,45,48,7,0.67,0.88,Autumn,None,Central India,28.89,8410.0,1885.0,6525,10,2024,1,1,1,4,0,0,1.289,-3,2024-10-01
Good Day Biscuit 250g,FMCG,28,38,0,82,91,34,3,0.42,0.8,Autumn,None,Central India,35.71,3116.0,820.0,2296,10,2024,1,1,1,4,0,0,1.357,57,2024-10-01
Hide & Seek 100g,FMCG,32,45,0,77,152,24,4,0.48,0.95,Autumn,None,Central India,40.62,3465.0,1001.0,2464,10,2024,1,1,1,4,0,0,1.406,128,2024-10-01
Maggi Noodles 70g,FMCG,12,15,0,174,288,60,3,0.18,0.75,Autumn,None,Central India,25.0,2610.0,522.0,2088,10,2024,1,1,1,4,0,0,1.25,228,2024-10-01
Maggi Noodles 4-Pack,FMCG,52,65,0,85,37,36,2,0.78,0.9,Autumn,None,Central India,25.0,5525.0,1105.0,4420,10,2024,1,1,1,4,0,0,1.25,1,2024-10-01
Lay's Chips 26g,FMCG,15,20,0,218,163,80,3,0.22,0.95,Autumn,None,Central India,33.33,4360.0,1090.0,3270,10,2024,1,1,1,4,0,0,1.333,83,2024-10-01
Kurkure 65g,FMCG,18,25,0,90,260,70,4,0.27,0.8,Autumn,None,Central India,38.89,2250.0,630.0,1620,10,2024,1,1,1,4,0,0,1.389,190,2024-10-01
Haldirams Namkeen 200g,FMCG,55,75,0,328,65,38,2,0.82,0.92,Autumn,Diwali,Central India,36.36,24600.0,6560.0,18040,10,2024,1,1,1,4,0,1,1.364,27,2024-10-01
Haldirams Mixture 400g,FMCG,110,148,5,302,205,28,4,1.65,0.92,Autumn,Diwali,Central India,34.55,42461.2,9241.2,33220,10,2024,1,1,1,4,0,1,1.345,177,2024-10-01
Frooti 200ml,FMCG,12,15,0,341,169,100,4,0.18,0.92,Autumn,None,Central India,25.0,5115.0,1023.0,4092,10,2024,1,1,1,4,0,0,1.25,69,2024-10-01
Maaza 250ml,FMCG,18,22,0,244,297,80,2,0.27,0.95,Autumn,None,Central India,22.22,5368.0,976.0,4392,10,2024,1,1,1,4,0,0,1.222,217,2024-10-01
Thums Up 600ml,FMCG,38,45,0,193,123,72,2,0.57,0.75,Autumn,None,Central India,18.42,8685.0,1351.0,7334,10,2024,1,1,1,4,0,0,1.184,51,2024-10-01
Limca 600ml,FMCG,35,42,0,135,202,60,2,0.53,0.75,Autumn,None,Central India,20.0,5670.0,945.0,4725,10,2024,1,1,1,4,0,0,1.2,142,2024-10-01
Glucon-D 200g,FMCG,55,72,0,96,98,26,3,0.82,0.8,Autumn,None,Central India,30.91,6912.0,1632.0,5280,10,2024,1,1,1,4,0,0,1.309,72,2024-10-01
ORS Sachets (5pc),FMCG,22,30,0,45,266,18,7,0.33,0.75,Autumn,None,Central India,36.36,1350.0,360.0,990,10,2024,1,1,1,4,0,0,1.364,248,2024-10-01
Vim Bar 200g,FMCG,25,32,0,63,229,24,5,0.38,0.75,Autumn,None,Central India,28.0,2016.0,441.0,1575,10,2024,1,1,1,4,0,0,1.28,205,2024-10-01
Harpic 500ml,FMCG,75,98,5,61,148,14,2,1.12,0.88,Autumn,Diwali,Central India,30.67,5679.1,1104.1,4575,10,2024,1,1,1,4,0,1,1.307,134,2024-10-01
Dettol 250ml,FMCG,68,88,0,39,82,18,3,1.02,0.8,Autumn,None,Central India,29.41,3432.0,780.0,2652,10,2024,1,1,1,4,0,0,1.294,64,2024-10-01
Hajmola 100 Tabs,FMCG,45,60,0,59,192,22,7,0.67,0.85,Autumn,None,Central India,33.33,3540.0,885.0,2655,10,2024,1,1,1,4,0,0,1.333,170,2024-10-01
Vicks 10g,FMCG,35,48,0,35,158,16,5,0.53,0.8,Autumn,None,Central India,37.14,1680.0,455.0,1225,10,2024,1,1,1,4,0,0,1.371,142,2024-10-01
Eno Sachet (6pc),FMCG,28,38,0,47,162,20,3,0.42,0.95,Autumn,None,Central India,35.71,1786.0,470.0,1316,10,2024,1,1,1,4,0,0,1.357,142,2024-10-01
Diya Set 12pc,FMCG,38,65,8,134,227,10,2,0.57,0.75,Autumn,Diwali,Central India,71.05,8013.2,2921.2,5092,10,2024,1,1,1,4,0,1,1.711,217,2024-10-01
Gulal Colors 100g,FMCG,22,40,0,5,277,10,7,0.33,0.95,Autumn,None,Central India,81.82,200.0,90.0,110,10,2024,1,1,1,4,0,0,1.818,267,2024-10-01
Agarbatti Pack 20pc,FMCG,25,35,0,140,50,20,2,0.38,0.8,Autumn,Diwali,Central India,40.0,4900.0,1400.0,3500,10,2024,1,1,1,4,0,1,1.4,30,2024-10-01
Camphor Tablets 25g,FMCG,28,40,0,119,106,14,3,0.42,0.75,Autumn,Diwali,Central India,42.86,4760.0,1428.0,3332,10,2024,1,1,1,4,0,1,1.429,92,2024-10-01
Mosquito Coil (10pc),FMCG,32,45,0,49,217,22,5,0.48,0.88,Autumn,None,Central India,40.62,2205.0,637.0,1568,10,2024,1,1,1,4,0,0,1.406,195,2024-10-01
All Out Refill,FMCG,88,115,0,50,146,16,2,1.32,0.8,Autumn,None,Central India,30.68,5750.0,1350.0,4400,10,2024,1,1,1,4,0,0,1.307,130,2024-10-01
Classmate Notebook 200pg,Stationery,48,65,0,85,263,32,2,0.72,0.88,Autumn,None,Central India,35.42,5525.0,1445.0,4080,10,2024,1,1,1,4,0,0,1.354,231,2024-10-01
Reynolds Pen (10pc),Stationery,35,50,0,92,233,38,5,0.53,0.92,Autumn,None,Central India,42.86,4600.0,1380.0,3220,10,2024,1,1,1,4,0,0,1.429,195,2024-10-01
Apsara Pencil (10pc),Stationery,15,22,0,83,88,28,1,0.22,0.9,Autumn,None,Central India,46.67,1826.0,581.0,1245,10,2024,1,1,1,4,0,0,1.467,60,2024-10-01
Fevicol 50g,Stationery,20,28,0,49,180,18,5,0.3,0.92,Autumn,None,Central India,40.0,1372.0,392.0,980,10,2024,1,1,1,4,0,0,1.4,162,2024-10-01
Stapler Small,Stationery,45,65,0,17,193,10,3,0.67,0.85,Autumn,None,Central India,44.44,1105.0,340.0,765,10,2024,1,1,1,4,0,0,1.444,183,2024-10-01
Register A4 100pg,Stationery,35,50,0,36,120,12,3,0.53,0.8,Autumn,None,Central India,42.86,1800.0,540.0,1260,10,2024,1,1,1,4,0,0,1.429,108,2024-10-01
Sketch Pens (12pc),Stationery,32,48,0,38,199,14,3,0.48,0.9,Autumn,None,Central India,50.0,1824.0,608.0,1216,10,2024,1,1,1,4,0,0,1.5,185,2024-10-01
Scale 30cm,Stationery,8,12,0,42,57,16,3,0.12,0.8,Autumn,None,Central India,50.0,504.0,168.0,336,10,2024,1,1,1,4,0,0,1.5,41,2024-10-01
Eraser Apsara,Stationery,4,7,0,27,44,24,2,0.06,0.75,Autumn,None,Central India,75.0,189.0,81.0,108,10,2024,1,1,1,4,0,0,1.75,20,2024-10-01
Tape Roll,Stationery,18,28,0,31,244,12,1,0.27,0.85,Autumn,None,Central India,55.56,868.0,310.0,558,10,2024,1,1,1,4,0,0,1.556,232,2024-10-01
Eveready Battery AA 4pc,Electronics,55,75,0,124,67,18,1,0.82,0.75,Autumn,Diwali,Central India,36.36,9300.0,2480.0,6820,10,2024,1,1,1,4,0,1,1.364,49,2024-10-01
Eveready Battery D 2pc,Electronics,65,90,0,32,280,12,2,0.97,0.92,Autumn,None,Central India,38.46,2880.0,800.0,2080,10,2024,1,1,1,4,0,0,1.385,268,2024-10-01
CFL Bulb 9W Bajaj,Electronics,65,90,2,89,194,10,4,0.97,0.85,Autumn,Diwali,Central India,38.46,7849.8,2064.8,5785,10,2024,1,1,1,4,0,1,1.385,184,2024-10-01
LED Bulb 9W Philips,Electronics,95,130,10,89,265,12,1,1.43,0.8,Autumn,Diwali,Central India,36.84,10413.0,1958.0,8455,10,2024,1,1,1,4,0,1,1.368,253,2024-10-01
Extension Cord 5m,Electronics,175,240,0,30,35,10,2,2.62,0.88,Autumn,Diwali,Central India,37.14,7200.0,1950.0,5250,10,2024,1,1,1,4,0,1,1.371,25,2024-10-01
Phone Charging Cable,Electronics,65,100,0,45,58,14,1,0.97,0.92,Autumn,None,Central India,53.85,4500.0,1575.0,2925,10,2024,1,1,1,4,0,0,1.538,44,2024-10-01
Earphones Basic,Electronics,85,140,0,25,275,10,7,1.27,0.92,Autumn,None,Central India,64.71,3500.0,1375.0,2125,10,2024,1,1,1,4,0,0,1.647,265,2024-10-01
Gamcha (Cotton Towel),Fashion,55,80,0,47,156,16,7,0.82,0.8,Autumn,None,Central India,45.45,3760.0,1175.0,2585,10,2024,1,1,1,4,0,0,1.455,140,2024-10-01
Socks Cotton (3 pair),Fashion,55,80,0,35,197,14,3,0.82,0.88,Autumn,None,Central India,45.45,2800.0,875.0,1925,10,2024,1,1,1,4,0,0,1.455,183,2024-10-01
Handkerchief 3pc,Fashion,30,45,0,39,233,12,7,0.45,0.75,Autumn,None,Central India,50.0,1755.0,585.0,1170,10,2024,1,1,1,4,0,0,1.5,221,2024-10-01
Banyan Vest Cotton,Fashion,75,110,0,28,299,12,2,1.12,0.75,Autumn,None,Central India,46.67,3080.0,980.0,2100,10,2024,1,1,1,4,0,0,1.467,287,2024-10-01
Dupatta Plain,Fashion,95,150,8,57,35,10,2,1.43,0.8,Autumn,Navratri,Central India,57.89,7866.0,2451.0,5415,10,2024,1,1,1,4,0,1,1.579,25,2024-10-01
Salwar Suit Cotton,Fashion,280,450,0,43,170,10,3,4.2,0.92,Autumn,Navratri,Central India,60.71,19350.0,7310.0,12040,10,2024,1,1,1,4,0,1,1.607,160,2024-10-01
Kurta Men Cotton,Fashion,195,320,8,41,76,10,2,2.92,0.75,Autumn,Diwali,Central India,64.1,12070.4,4075.4,7995,10,2024,1,1,1,4,0,1,1.641,66,2024-10-01
Urea Fertilizer 1kg,Agriculture,35,50,0,44,205,16,4,0.53,0.9,Autumn,None,Central India,42.86,2200.0,660.0,1540,10,2024,1,1,1,4,0,0,1.429,189,2024-10-01
DAP Fertilizer 1kg,Agriculture,55,75,0,38,96,12,2,0.82,0.95,Autumn,None,Central India,36.36,2850.0,760.0,2090,10,2024,1,1,1,4,0,0,1.364,84,2024-10-01
Neem Pesticide 100ml,Agriculture,65,95,0,25,257,10,1,0.97,0.95,Autumn,None,Central India,46.15,2375.0,750.0,1625,10,2024,1,1,1,4,0,0,1.462,247,2024-10-01
Garden Pump Sprayer 1L,Agriculture,145,210,0,22,208,10,4,2.17,0.75,Autumn,None,Central India,44.83,4620.0,1430.0,3190,10,2024,1,1,1,4,0,0,1.448,198,2024-10-01
Vegetable Seeds Packet,Agriculture,28,45,0,46,38,14,2,0.42,0.92,Autumn,None,Central India,60.71,2070.0,782.0,1288,10,2024,1,1,1,4,0,0,1.607,24,2024-10-01
Basmati Rice 5kg,Grocery,280,340,0,117,103,34,1,4.2,0.88,Winter,None,Central India,21.43,39780.0,7020.0,32760,11,2024,1,4,1,4,0,0,1.214,69,2024-11-01
Atta Aashirvaad 10kg,Grocery,330,390,0,155,221,38,7,4.95,0.9,Winter,None,Central India,18.18,60450.0,9300.0,51150,11,2024,1,4,1,4,0,0,1.182,183,2024-11-01
Toor Dal 1kg,Grocery,130,155,0,84,272,30,4,1.95,0.95,Winter,None,Central India,19.23,13020.0,2100.0,10920,11,2024,1,4,1,4,0,0,1.192,242,2024-11-01
Chana Dal 1kg,Grocery,90,112,0,61,99,24,5,1.35,0.85,Winter,None,Central India,24.44,6832.0,1342.0,5490,11,2024,1,4,1,4,0,0,1.244,75,2024-11-01
Mustard Oil 1L,Grocery,155,185,0,136,31,28,2,2.32,0.75,Winter,None,Central India,19.35,25160.0,4080.0,21080,11,2024,1,4,1,4,0,0,1.194,3,2024-11-01
Refined Oil Soya 5L,Grocery,580,680,0,71,40,20,2,8.7,0.85,Winter,None,Central India,17.24,48280.0,7100.0,41180,11,2024,1,4,1,4,0,0,1.172,20,2024-11-01
Sugar 1kg,Grocery,42,50,0,97,153,48,7,0.63,0.85,Winter,None,Central India,19.05,4850.0,776.0,4074,11,2024,1,4,1,4,0,0,1.19,105,2024-11-01
Salt Tata 1kg,Grocery,18,22,0,84,172,36,2,0.27,0.75,Winter,None,Central India,22.22,1848.0,336.0,1512,11,2024,1,4,1,4,0,0,1.222,136,2024-11-01
Poha 500g,Grocery,28,36,0,74,74,22,1,0.42,0.9,Winter,None,Central India,28.57,2664.0,592.0,2072,11,2024,1,4,1,4,0,0,1.286,52,2024-11-01
Maida 1kg,Grocery,32,40,0,62,217,18,3,0.48,0.8,Winter,None,Central India,25.0,2480.0,496.0,1984,11,2024,1,4,1,4,0,0,1.25,199,2024-11-01
Besan 500g,Grocery,38,48,0,41,140,16,4,0.57,0.8,Winter,None,Central India,26.32,1968.0,410.0,1558,11,2024,1,4,1,4,0,0,1.263,124,2024-11-01
Rajma 500g,Grocery,65,82,0,97,201,14,5,0.97,0.92,Winter,None,Central India,26.15,7954.0,1649.0,6305,11,2024,1,4,1,4,0,0,1.262,187,2024-11-01
Haldi Powder 100g,Grocery,28,38,0,51,125,20,7,0.42,0.75,Winter,None,Central India,35.71,1938.0,510.0,1428,11,2024,1,4,1,4,0,0,1.357,105,2024-11-01
Red Chilli Powder 100g,Grocery,30,42,0,63,251,19,3,0.45,0.8,Winter,None,Central India,40.0,2646.0,756.0,1890,11,2024,1,4,1,4,0,0,1.4,232,2024-11-01
Coriander Powder 100g,Grocery,22,32,0,48,135,18,2,0.33,0.92,Winter,None,Central India,45.45,1536.0,480.0,1056,11,2024,1,4,1,4,0,0,1.455,117,2024-11-01
Tea Brooke Bond 500g,Grocery,175,215,0,135,56,32,2,2.62,0.75,Winter,None,Central India,22.86,29025.0,5400.0,23625,11,2024,1,4,1,4,0,0,1.229,24,2024-11-01
Tea Tata Gold 250g,Grocery,105,130,0,113,72,26,3,1.57,0.85,Winter,None,Central India,23.81,14690.0,2825.0,11865,11,2024,1,4,1,4,0,0,1.238,46,2024-11-01
Dry Coconut 200g,Grocery,95,125,0,25,254,12,5,1.43,0.85,Winter,None,Central India,31.58,3125.0,750.0,2375,11,2024,1,4,1,4,0,0,1.316,242,2024-11-01
Saunf 100g,Grocery,22,30,0,41,119,14,4,0.33,0.95,Winter,None,Central India,36.36,1230.0,328.0,902,11,2024,1,4,1,4,0,0,1.364,105,2024-11-01
Lifebuoy Soap 100g,FMCG,28,36,0,108,34,36,5,0.42,0.85,Winter,None,Central India,28.57,3888.0,864.0,3024,11,2024,1,4,1,4,0,0,1.286,-2,2024-11-01
Lux Soap 75g,FMCG,32,42,0,93,133,28,2,0.48,0.8,Winter,None,Central India,31.25,3906.0,930.0,2976,11,2024,1,4,1,4,0,0,1.312,105,2024-11-01
Colgate 200g,FMCG,82,100,0,61,149,26,3,1.23,0.95,Winter,None,Central India,21.95,6100.0,1098.0,5002,11,2024,1,4,1,4,0,0,1.22,123,2024-11-01
Pepsodent 200g,FMCG,75,92,0,74,185,22,5,1.12,0.85,Winter,None,Central India,22.67,6808.0,1258.0,5550,11,2024,1,4,1,4,0,0,1.227,163,2024-11-01
Clinic Plus Shampoo 80ml,FMCG,55,72,0,63,109,20,2,0.82,0.85,Winter,None,Central India,30.91,4536.0,1071.0,3465,11,2024,1,4,1,4,0,0,1.309,89,2024-11-01
Sunsilk Shampoo 80ml,FMCG,58,75,0,51,155,18,3,0.87,0.85,Winter,None,Central India,29.31,3825.0,867.0,2958,11,2024,1,4,1,4,0,0,1.293,137,2024-11-01
Surf Excel 1kg,FMCG,130,165,0,59,248,22,2,1.95,0.95,Winter,None,Central India,26.92,9735.0,2065.0,7670,11,2024,1,4,1,4,0,0,1.269,226,2024-11-01
Ariel 500g,FMCG,95,120,0,53,200,18,5,1.43,0.92,Winter,None,Central India,26.32,6360.0,1325.0,5035,11,2024,1,4,1,4,0,0,1.263,182,2024-11-01
Parle-G 800g,FMCG,45,58,0,106,94,48,5,0.67,0.75,Winter,None,Central India,28.89,6148.0,1378.0,4770,11,2024,1,4,1,4,0,0,1.289,46,2024-11-01
Good Day Biscuit 250g,FMCG,28,38,0,106,230,34,7,0.42,0.92,Winter,None,Central India,35.71,4028.0,1060.0,2968,11,2024,1,4,1,4,0,0,1.357,196,2024-11-01
Hide & Seek 100g,FMCG,32,45,0,75,168,24,3,0.48,0.88,Winter,None,Central India,40.62,3375.0,975.0,2400,11,2024,1,4,1,4,0,0,1.406,144,2024-11-01
Maggi Noodles 70g,FMCG,12,15,0,197,160,60,3,0.18,0.88,Winter,None,Central India,25.0,2955.0,591.0,2364,11,2024,1,4,1,4,0,0,1.25,100,2024-11-01
Maggi Noodles 4-Pack,FMCG,52,65,0,124,28,36,1,0.78,0.85,Winter,None,Central India,25.0,8060.0,1612.0,6448,11,2024,1,4,1,4,0,0,1.25,-8,2024-11-01
Lay's Chips 26g,FMCG,15,20,0,291,165,80,1,0.22,0.85,Winter,None,Central India,33.33,5820.0,1455.0,4365,11,2024,1,4,1,4,0,0,1.333,85,2024-11-01
Kurkure 65g,FMCG,18,25,0,218,260,70,7,0.27,0.75,Winter,None,Central India,38.89,5450.0,1526.0,3924,11,2024,1,4,1,4,0,0,1.389,190,2024-11-01
Haldirams Namkeen 200g,FMCG,55,75,0,103,233,38,4,0.82,0.85,Winter,None,Central India,36.36,7725.0,2060.0,5665,11,2024,1,4,1,4,0,0,1.364,195,2024-11-01
Haldirams Mixture 400g,FMCG,110,148,0,92,119,28,3,1.65,0.9,Winter,None,Central India,34.55,13616.0,3496.0,10120,11,2024,1,4,1,4,0,0,1.345,91,2024-11-01
Frooti 200ml,FMCG,12,15,0,329,154,100,4,0.18,0.88,Winter,None,Central India,25.0,4935.0,987.0,3948,11,2024,1,4,1,4,0,0,1.25,54,2024-11-01
Maaza 250ml,FMCG,18,22,0,180,161,80,3,0.27,0.92,Winter,None,Central India,22.22,3960.0,720.0,3240,11,2024,1,4,1,4,0,0,1.222,81,2024-11-01
Thums Up 600ml,FMCG,38,45,0,214,281,72,2,0.57,0.8,Winter,None,Central India,18.42,9630.0,1498.0,8132,11,2024,1,4,1,4,0,0,1.184,209,2024-11-01
Limca 600ml,FMCG,35,42,0,179,248,60,7,0.53,0.92,Winter,None,Central India,20.0,7518.0,1253.0,6265,11,2024,1,4,1,4,0,0,1.2,188,2024-11-01
Glucon-D 200g,FMCG,55,72,0,59,293,26,3,0.82,0.88,Winter,None,Central India,30.91,4248.0,1003.0,3245,11,2024,1,4,1,4,0,0,1.309,267,2024-11-01
ORS Sachets (5pc),FMCG,22,30,0,52,175,18,7,0.33,0.88,Winter,None,Central India,36.36,1560.0,416.0,1144,11,2024,1,4,1,4,0,0,1.364,157,2024-11-01
Vim Bar 200g,FMCG,25,32,0,44,135,24,3,0.38,0.8,Winter,None,Central India,28.0,1408.0,308.0,1100,11,2024,1,4,1,4,0,0,1.28,111,2024-11-01
Harpic 500ml,FMCG,75,98,0,38,229,14,4,1.12,0.8,Winter,None,Central India,30.67,3724.0,874.0,2850,11,2024,1,4,1,4,0,0,1.307,215,2024-11-01
Dettol 250ml,FMCG,68,88,0,54,137,18,3,1.02,0.9,Winter,None,Central India,29.41,4752.0,1080.0,3672,11,2024,1,4,1,4,0,0,1.294,119,2024-11-01
Hajmola 100 Tabs,FMCG,45,60,0,70,119,22,3,0.67,0.75,Winter,None,Central India,33.33,4200.0,1050.0,3150,11,2024,1,4,1,4,0,0,1.333,97,2024-11-01
Vicks 10g,FMCG,35,48,0,99,122,16,5,0.53,0.95,Winter,None,Central India,37.14,4752.0,1287.0,3465,11,2024,1,4,1,4,0,0,1.371,106,2024-11-01
Eno Sachet (6pc),FMCG,28,38,0,57,245,20,5,0.42,0.95,Winter,None,Central India,35.71,2166.0,570.0,1596,11,2024,1,4,1,4,0,0,1.357,225,2024-11-01
Diya Set 12pc,FMCG,38,65,0,10,72,10,2,0.57,0.92,Winter,None,Central India,71.05,650.0,270.0,380,11,2024,1,4,1,4,0,0,1.711,62,2024-11-01
Gulal Colors 100g,FMCG,22,40,0,5,151,10,2,0.33,0.8,Winter,None,Central India,81.82,200.0,90.0,110,11,2024,1,4,1,4,0,0,1.818,141,2024-11-01
Agarbatti Pack 20pc,FMCG,25,35,0,54,249,20,3,0.38,0.9,Winter,None,Central India,40.0,1890.0,540.0,1350,11,2024,1,4,1,4,0,0,1.4,229,2024-11-01
Camphor Tablets 25g,FMCG,28,40,0,22,242,14,5,0.42,0.8,Winter,None,Central India,42.86,880.0,264.0,616,11,2024,1,4,1,4,0,0,1.429,228,2024-11-01
Mosquito Coil (10pc),FMCG,32,45,0,48,282,22,5,0.48,0.9,Winter,None,Central India,40.62,2160.0,624.0,1536,11,2024,1,4,1,4,0,0,1.406,260,2024-11-01
All Out Refill,FMCG,88,115,0,28,77,16,1,1.32,0.85,Winter,None,Central India,30.68,3220.0,756.0,2464,11,2024,1,4,1,4,0,0,1.307,61,2024-11-01
Classmate Notebook 200pg,Stationery,48,65,0,68,253,32,1,0.72,0.88,Winter,None,Central India,35.42,4420.0,1156.0,3264,11,2024,1,4,1,4,0,0,1.354,221,2024-11-01
Reynolds Pen (10pc),Stationery,35,50,0,109,97,38,3,0.53,0.75,Winter,None,Central India,42.86,5450.0,1635.0,3815,11,2024,1,4,1,4,0,0,1.429,59,2024-11-01
Apsara Pencil (10pc),Stationery,15,22,0,58,46,28,7,0.22,0.8,Winter,None,Central India,46.67,1276.0,406.0,870,11,2024,1,4,1,4,0,0,1.467,18,2024-11-01
Fevicol 50g,Stationery,20,28,0,47,210,18,3,0.3,0.85,Winter,None,Central India,40.0,1316.0,376.0,940,11,2024,1,4,1,4,0,0,1.4,192,2024-11-01
Stapler Small,Stationery,45,65,0,21,41,10,2,0.67,0.9,Winter,None,Central India,44.44,1365.0,420.0,945,11,2024,1,4,1,4,0,0,1.444,31,2024-11-01
Register A4 100pg,Stationery,35,50,0,38,124,12,2,0.53,0.85,Winter,None,Central India,42.86,1900.0,570.0,1330,11,2024,1,4,1,4,0,0,1.429,112,2024-11-01
Sketch Pens (12pc),Stationery,32,48,0,105,241,14,2,0.48,0.75,Winter,Children's Day,Central India,50.0,5040.0,1680.0,3360,11,2024,1,4,1,4,0,1,1.5,227,2024-11-01
Scale 30cm,Stationery,8,12,0,50,277,16,3,0.12,0.75,Winter,None,Central India,50.0,600.0,200.0,400,11,2024,1,4,1,4,0,0,1.5,261,2024-11-01
Eraser Apsara,Stationery,4,7,0,71,130,24,4,0.06,0.88,Winter,None,Central India,75.0,497.0,213.0,284,11,2024,1,4,1,4,0,0,1.75,106,2024-11-01
Tape Roll,Stationery,18,28,0,39,146,12,7,0.27,0.9,Winter,None,Central India,55.56,1092.0,390.0,702,11,2024,1,4,1,4,0,0,1.556,134,2024-11-01
Eveready Battery AA 4pc,Electronics,55,75,0,80,254,18,3,0.82,0.75,Winter,None,Central India,36.36,6000.0,1600.0,4400,11,2024,1,4,1,4,0,0,1.364,236,2024-11-01
Eveready Battery D 2pc,Electronics,65,90,0,34,59,12,7,0.97,0.9,Winter,None,Central India,38.46,3060.0,850.0,2210,11,2024,1,4,1,4,0,0,1.385,47,2024-11-01
CFL Bulb 9W Bajaj,Electronics,65,90,0,27,117,10,1,0.97,0.95,Winter,None,Central India,38.46,2430.0,675.0,1755,11,2024,1,4,1,4,0,0,1.385,107,2024-11-01
LED Bulb 9W Philips,Electronics,95,130,0,26,261,12,5,1.43,0.95,Winter,None,Central India,36.84,3380.0,910.0,2470,11,2024,1,4,1,4,0,0,1.368,249,2024-11-01
Extension Cord 5m,Electronics,175,240,0,18,271,10,4,2.62,0.95,Winter,None,Central India,37.14,4320.0,1170.0,3150,11,2024,1,4,1,4,0,0,1.371,261,2024-11-01
Phone Charging Cable,Electronics,65,100,0,35,171,14,2,0.97,0.92,Winter,None,Central India,53.85,3500.0,1225.0,2275,11,2024,1,4,1,4,0,0,1.538,157,2024-11-01
Earphones Basic,Electronics,85,140,0,27,57,10,7,1.27,0.92,Winter,None,Central India,64.71,3780.0,1485.0,2295,11,2024,1,4,1,4,0,0,1.647,47,2024-11-01
Gamcha (Cotton Towel),Fashion,55,80,0,41,238,16,3,0.82,0.8,Winter,None,Central India,45.45,3280.0,1025.0,2255,11,2024,1,4,1,4,0,0,1.455,222,2024-11-01
Socks Cotton (3 pair),Fashion,55,80,0,84,292,14,1,0.82,0.95,Winter,None,Central India,45.45,6720.0,2100.0,4620,11,2024,1,4,1,4,0,0,1.455,278,2024-11-01
Handkerchief 3pc,Fashion,30,45,0,33,240,12,1,0.45,0.75,Winter,None,Central India,50.0,1485.0,495.0,990,11,2024,1,4,1,4,0,0,1.5,228,2024-11-01
Banyan Vest Cotton,Fashion,75,110,0,33,205,12,3,1.12,0.9,Winter,None,Central India,46.67,3630.0,1155.0,2475,11,2024,1,4,1,4,0,0,1.467,193,2024-11-01
Dupatta Plain,Fashion,95,150,0,22,285,10,4,1.43,0.85,Winter,None,Central India,57.89,3300.0,1210.0,2090,11,2024,1,4,1,4,0,0,1.579,275,2024-11-01
Salwar Suit Cotton,Fashion,280,450,0,24,258,10,4,4.2,0.8,Winter,None,Central India,60.71,10800.0,4080.0,6720,11,2024,1,4,1,4,0,0,1.607,248,2024-11-01
Kurta Men Cotton,Fashion,195,320,0,21,252,10,2,2.92,0.85,Winter,None,Central India,64.1,6720.0,2625.0,4095,11,2024,1,4,1,4,0,0,1.641,242,2024-11-01
Urea Fertilizer 1kg,Agriculture,35,50,0,38,196,16,1,0.53,0.85,Winter,None,Central India,42.86,1900.0,570.0,1330,11,2024,1,4,1,4,0,0,1.429,180,2024-11-01
DAP Fertilizer 1kg,Agriculture,55,75,0,32,137,12,3,0.82,0.95,Winter,None,Central India,36.36,2400.0,640.0,1760,11,2024,1,4,1,4,0,0,1.364,125,2024-11-01
Neem Pesticide 100ml,Agriculture,65,95,0,22,75,10,4,0.97,0.88,Winter,None,Central India,46.15,2090.0,660.0,1430,11,2024,1,4,1,4,0,0,1.462,65,2024-11-01
Garden Pump Sprayer 1L,Agriculture,145,210,0,15,272,10,4,2.17,0.88,Winter,None,Central India,44.83,3150.0,975.0,2175,11,2024,1,4,1,4,0,0,1.448,262,2024-11-01
Vegetable Seeds Packet,Agriculture,28,45,0,106,254,14,5,0.42,0.88,Winter,None,Central India,60.71,4770.0,1802.0,2968,11,2024,1,4,1,4,0,0,1.607,240,2024-11-01
Basmati Rice 5kg,Grocery,280,340,0,91,99,34,5,4.2,0.92,Winter,None,Central India,21.43,30940.0,5460.0,25480,12,2024,1,6,1,4,1,0,1.214,65,2024-12-01
Atta Aashirvaad 10kg,Grocery,330,390,0,160,77,38,3,4.95,0.85,Winter,None,Central India,18.18,62400.0,9600.0,52800,12,2024,1,6,1,4,1,0,1.182,39,2024-12-01
Toor Dal 1kg,Grocery,130,155,0,70,122,30,3,1.95,0.95,Winter,None,Central India,19.23,10850.0,1750.0,9100,12,2024,1,6,1,4,1,0,1.192,92,2024-12-01
Chana Dal 1kg,Grocery,90,112,0,65,81,24,7,1.35,0.8,Winter,None,Central India,24.44,7280.0,1430.0,5850,12,2024,1,6,1,4,1,0,1.244,57,2024-12-01
Mustard Oil 1L,Grocery,155,185,0,89,251,28,1,2.32,0.75,Winter,None,Central India,19.35,16465.0,2670.0,13795,12,2024,1,6,1,4,1,0,1.194,223,2024-12-01
Refined Oil Soya 5L,Grocery,580,680,0,51,171,20,3,8.7,0.75,Winter,None,Central India,17.24,34680.0,5100.0,29580,12,2024,1,6,1,4,1,0,1.172,151,2024-12-01
Sugar 1kg,Grocery,42,50,0,141,149,48,3,0.63,0.95,Winter,None,Central India,19.05,7050.0,1128.0,5922,12,2024,1,6,1,4,1,0,1.19,101,2024-12-01
Salt Tata 1kg,Grocery,18,22,0,137,162,36,5,0.27,0.95,Winter,None,Central India,22.22,3014.0,548.0,2466,12,2024,1,6,1,4,1,0,1.222,126,2024-12-01
Poha 500g,Grocery,28,36,0,46,52,22,3,0.42,0.8,Winter,None,Central India,28.57,1656.0,368.0,1288,12,2024,1,6,1,4,1,0,1.286,30,2024-12-01
Maida 1kg,Grocery,32,40,0,52,243,18,7,0.48,0.92,Winter,None,Central India,25.0,2080.0,416.0,1664,12,2024,1,6,1,4,1,0,1.25,225,2024-12-01
Besan 500g,Grocery,38,48,0,63,172,16,3,0.57,0.95,Winter,None,Central India,26.32,3024.0,630.0,2394,12,2024,1,6,1,4,1,0,1.263,156,2024-12-01
Rajma 500g,Grocery,65,82,0,76,259,14,2,0.97,0.85,Winter,None,Central India,26.15,6232.0,1292.0,4940,12,2024,1,6,1,4,1,0,1.262,245,2024-12-01
Haldi Powder 100g,Grocery,28,38,0,59,160,20,3,0.42,0.85,Winter,None,Central India,35.71,2242.0,590.0,1652,12,2024,1,6,1,4,1,0,1.357,140,2024-12-01
Red Chilli Powder 100g,Grocery,30,42,0,72,86,19,4,0.45,0.9,Winter,None,Central India,40.0,3024.0,864.0,2160,12,2024,1,6,1,4,1,0,1.4,67,2024-12-01
Coriander Powder 100g,Grocery,22,32,0,42,186,18,3,0.33,0.95,Winter,None,Central India,45.45,1344.0,420.0,924,12,2024,1,6,1,4,1,0,1.455,168,2024-12-01
Tea Brooke Bond 500g,Grocery,175,215,0,109,71,32,2,2.62,0.75,Winter,None,Central India,22.86,23435.0,4360.0,19075,12,2024,1,6,1,4,1,0,1.229,39,2024-12-01
Tea Tata Gold 250g,Grocery,105,130,0,100,223,26,7,1.57,0.92,Winter,None,Central India,23.81,13000.0,2500.0,10500,12,2024,1,6,1,4,1,0,1.238,197,2024-12-01
Dry Coconut 200g,Grocery,95,125,0,20,83,12,2,1.43,0.92,Winter,None,Central India,31.58,2500.0,600.0,1900,12,2024,1,6,1,4,1,0,1.316,71,2024-12-01
Saunf 100g,Grocery,22,30,0,37,133,14,3,0.33,0.75,Winter,None,Central India,36.36,1110.0,296.0,814,12,2024,1,6,1,4,1,0,1.364,119,2024-12-01
Lifebuoy Soap 100g,FMCG,28,36,0,102,185,36,4,0.42,0.9,Winter,None,Central India,28.57,3672.0,816.0,2856,12,2024,1,6,1,4,1,0,1.286,149,2024-12-01
Lux Soap 75g,FMCG,32,42,0,104,124,28,3,0.48,0.8,Winter,None,Central India,31.25,4368.0,1040.0,3328,12,2024,1,6,1,4,1,0,1.312,96,2024-12-01
Colgate 200g,FMCG,82,100,0,62,98,26,1,1.23,0.95,Winter,None,Central India,21.95,6200.0,1116.0,5084,12,2024,1,6,1,4,1,0,1.22,72,2024-12-01
Pepsodent 200g,FMCG,75,92,0,52,195,22,3,1.12,0.75,Winter,None,Central India,22.67,4784.0,884.0,3900,12,2024,1,6,1,4,1,0,1.227,173,2024-12-01
Clinic Plus Shampoo 80ml,FMCG,55,72,0,62,25,20,2,0.82,0.88,Winter,None,Central India,30.91,4464.0,1054.0,3410,12,2024,1,6,1,4,1,0,1.309,5,2024-12-01
Sunsilk Shampoo 80ml,FMCG,58,75,0,54,135,18,2,0.87,0.8,Winter,None,Central India,29.31,4050.0,918.0,3132,12,2024,1,6,1,4,1,0,1.293,117,2024-12-01
Surf Excel 1kg,FMCG,130,165,0,54,229,22,7,1.95,0.75,Winter,None,Central India,26.92,8910.0,1890.0,7020,12,2024,1,6,1,4,1,0,1.269,207,2024-12-01
Ariel 500g,FMCG,95,120,0,34,115,18,4,1.43,0.8,Winter,None,Central India,26.32,4080.0,850.0,3230,12,2024,1,6,1,4,1,0,1.263,97,2024-12-01
Parle-G 800g,FMCG,45,58,0,142,203,48,1,0.67,0.88,Winter,None,Central India,28.89,8236.0,1846.0,6390,12,2024,1,6,1,4,1,0,1.289,155,2024-12-01
Good Day Biscuit 250g,FMCG,28,38,0,78,111,34,4,0.42,0.85,Winter,None,Central India,35.71,2964.0,780.0,2184,12,2024,1,6,1,4,1,0,1.357,77,2024-12-01
Hide & Seek 100g,FMCG,32,45,0,51,206,24,3,0.48,0.92,Winter,None,Central India,40.62,2295.0,663.0,1632,12,2024,1,6,1,4,1,0,1.406,182,2024-12-01
Maggi Noodles 70g,FMCG,12,15,0,309,65,60,4,0.18,0.85,Winter,None,Central India,25.0,4635.0,927.0,3708,12,2024,1,6,1,4,1,0,1.25,5,2024-12-01
Maggi Noodles 4-Pack,FMCG,52,65,0,116,197,36,2,0.78,0.85,Winter,None,Central India,25.0,7540.0,1508.0,6032,12,2024,1,6,1,4,1,0,1.25,161,2024-12-01
Lay's Chips 26g,FMCG,15,20,0,238,123,80,1,0.22,0.95,Winter,None,Central India,33.33,4760.0,1190.0,3570,12,2024,1,6,1,4,1,0,1.333,43,2024-12-01
Kurkure 65g,FMCG,18,25,0,214,261,70,5,0.27,0.8,Winter,None,Central India,38.89,5350.0,1498.0,3852,12,2024,1,6,1,4,1,0,1.389,191,2024-12-01
Haldirams Namkeen 200g,FMCG,55,75,0,73,132,38,4,0.82,0.92,Winter,None,Central India,36.36,5475.0,1460.0,4015,12,2024,1,6,1,4,1,0,1.364,94,2024-12-01
Haldirams Mixture 400g,FMCG,110,148,0,110,137,28,1,1.65,0.9,Winter,None,Central India,34.55,16280.0,4180.0,12100,12,2024,1,6,1,4,1,0,1.345,109,2024-12-01
Frooti 200ml,FMCG,12,15,0,268,150,100,2,0.18,0.92,Winter,None,Central India,25.0,4020.0,804.0,3216,12,2024,1,6,1,4,1,0,1.25,50,2024-12-01
Maaza 250ml,FMCG,18,22,0,243,64,80,3,0.27,0.85,Winter,None,Central India,22.22,5346.0,972.0,4374,12,2024,1,6,1,4,1,0,1.222,-16,2024-12-01
Thums Up 600ml,FMCG,38,45,0,206,196,72,3,0.57,0.95,Winter,None,Central India,18.42,9270.0,1442.0,7828,12,2024,1,6,1,4,1,0,1.184,124,2024-12-01
Limca 600ml,FMCG,35,42,0,191,209,60,5,0.53,0.8,Winter,None,Central India,20.0,8022.0,1337.0,6685,12,2024,1,6,1,4,1,0,1.2,149,2024-12-01
Glucon-D 200g,FMCG,55,72,0,76,164,26,7,0.82,0.92,Winter,None,Central India,30.91,5472.0,1292.0,4180,12,2024,1,6,1,4,1,0,1.309,138,2024-12-01
ORS Sachets (5pc),FMCG,22,30,0,55,101,18,3,0.33,0.85,Winter,None,Central India,36.36,1650.0,440.0,1210,12,2024,1,6,1,4,1,0,1.364,83,2024-12-01
Vim Bar 200g,FMCG,25,32,0,75,102,24,5,0.38,0.92,Winter,None,Central India,28.0,2400.0,525.0,1875,12,2024,1,6,1,4,1,0,1.28,78,2024-12-01
Harpic 500ml,FMCG,75,98,0,35,199,14,7,1.12,0.85,Winter,None,Central India,30.67,3430.0,805.0,2625,12,2024,1,6,1,4,1,0,1.307,185,2024-12-01
Dettol 250ml,FMCG,68,88,0,43,196,18,1,1.02,0.88,Winter,None,Central India,29.41,3784.0,860.0,2924,12,2024,1,6,1,4,1,0,1.294,178,2024-12-01
Hajmola 100 Tabs,FMCG,45,60,0,61,148,22,1,0.67,0.88,Winter,None,Central India,33.33,3660.0,915.0,2745,12,2024,1,6,1,4,1,0,1.333,126,2024-12-01
Vicks 10g,FMCG,35,48,0,101,296,16,3,0.53,0.88,Winter,None,Central India,37.14,4848.0,1313.0,3535,12,2024,1,6,1,4,1,0,1.371,280,2024-12-01
Eno Sachet (6pc),FMCG,28,38,0,51,146,20,2,0.42,0.75,Winter,None,Central India,35.71,1938.0,510.0,1428,12,2024,1,6,1,4,1,0,1.357,126,2024-12-01
Diya Set 12pc,FMCG,38,65,0,8,112,10,4,0.57,0.95,Winter,None,Central India,71.05,520.0,216.0,304,12,2024,1,6,1,4,1,0,1.711,102,2024-12-01
Gulal Colors 100g,FMCG,22,40,0,5,30,10,1,0.33,0.88,Winter,None,Central India,81.82,200.0,90.0,110,12,2024,1,6,1,4,1,0,1.818,20,2024-12-01
Agarbatti Pack 20pc,FMCG,25,35,0,45,54,20,5,0.38,0.88,Winter,None,Central India,40.0,1575.0,450.0,1125,12,2024,1,6,1,4,1,0,1.4,34,2024-12-01
Camphor Tablets 25g,FMCG,28,40,0,38,42,14,2,0.42,0.8,Winter,None,Central India,42.86,1520.0,456.0,1064,12,2024,1,6,1,4,1,0,1.429,28,2024-12-01
Mosquito Coil (10pc),FMCG,32,45,0,60,248,22,5,0.48,0.75,Winter,None,Central India,40.62,2700.0,780.0,1920,12,2024,1,6,1,4,1,0,1.406,226,2024-12-01
All Out Refill,FMCG,88,115,0,46,178,16,3,1.32,0.92,Winter,None,Central India,30.68,5290.0,1242.0,4048,12,2024,1,6,1,4,1,0,1.307,162,2024-12-01
Classmate Notebook 200pg,Stationery,48,65,0,93,50,32,2,0.72,0.95,Winter,None,Central India,35.42,6045.0,1581.0,4464,12,2024,1,6,1,4,1,0,1.354,18,2024-12-01
Reynolds Pen (10pc),Stationery,35,50,0,89,213,38,3,0.53,0.95,Winter,None,Central India,42.86,4450.0,1335.0,3115,12,2024,1,6,1,4,1,0,1.429,175,2024-12-01
Apsara Pencil (10pc),Stationery,15,22,0,66,96,28,3,0.22,0.75,Winter,None,Central India,46.67,1452.0,462.0,990,12,2024,1,6,1,4,1,0,1.467,68,2024-12-01
Fevicol 50g,Stationery,20,28,0,56,121,18,7,0.3,0.9,Winter,None,Central India,40.0,1568.0,448.0,1120,12,2024,1,6,1,4,1,0,1.4,103,2024-12-01
Stapler Small,Stationery,45,65,0,25,248,10,2,0.67,0.75,Winter,None,Central India,44.44,1625.0,500.0,1125,12,2024,1,6,1,4,1,0,1.444,238,2024-12-01
Register A4 100pg,Stationery,35,50,0,37,176,12,2,0.53,0.95,Winter,None,Central India,42.86,1850.0,555.0,1295,12,2024,1,6,1,4,1,0,1.429,164,2024-12-01
Sketch Pens (12pc),Stationery,32,48,0,29,213,14,2,0.48,0.88,Winter,None,Central India,50.0,1392.0,464.0,928,12,2024,1,6,1,4,1,0,1.5,199,2024-12-01
Scale 30cm,Stationery,8,12,0,47,184,16,3,0.12,0.88,Winter,None,Central India,50.0,564.0,188.0,376,12,2024,1,6,1,4,1,0,1.5,168,2024-12-01
Eraser Apsara,Stationery,4,7,0,58,172,24,1,0.06,0.95,Winter,None,Central India,75.0,406.0,174.0,232,12,2024,1,6,1,4,1,0,1.75,148,2024-12-01
Tape Roll,Stationery,18,28,0,25,29,12,3,0.27,0.85,Winter,None,Central India,55.56,700.0,250.0,450,12,2024,1,6,1,4,1,0,1.556,17,2024-12-01
Eveready Battery AA 4pc,Electronics,55,75,0,71,71,18,2,0.82,0.8,Winter,None,Central India,36.36,5325.0,1420.0,3905,12,2024,1,6,1,4,1,0,1.364,53,2024-12-01
Eveready Battery D 2pc,Electronics,65,90,0,36,164,12,4,0.97,0.9,Winter,None,Central India,38.46,3240.0,900.0,2340,12,2024,1,6,1,4,1,0,1.385,152,2024-12-01
CFL Bulb 9W Bajaj,Electronics,65,90,0,25,172,10,2,0.97,0.95,Winter,None,Central India,38.46,2250.0,625.0,1625,12,2024,1,6,1,4,1,0,1.385,162,2024-12-01
LED Bulb 9W Philips,Electronics,95,130,0,26,25,12,3,1.43,0.9,Winter,None,Central India,36.84,3380.0,910.0,2470,12,2024,1,6,1,4,1,0,1.368,13,2024-12-01
Extension Cord 5m,Electronics,175,240,0,17,224,10,4,2.62,0.9,Winter,None,Central India,37.14,4080.0,1105.0,2975,12,2024,1,6,1,4,1,0,1.371,214,2024-12-01
Phone Charging Cable,Electronics,65,100,0,46,186,14,3,0.97,0.75,Winter,None,Central India,53.85,4600.0,1610.0,2990,12,2024,1,6,1,4,1,0,1.538,172,2024-12-01
Earphones Basic,Electronics,85,140,0,23,289,10,7,1.27,0.88,Winter,None,Central India,64.71,3220.0,1265.0,1955,12,2024,1,6,1,4,1,0,1.647,279,2024-12-01
Gamcha (Cotton Towel),Fashion,55,80,0,44,257,16,7,0.82,0.88,Winter,None,Central India,45.45,3520.0,1100.0,2420,12,2024,1,6,1,4,1,0,1.455,241,2024-12-01
Socks Cotton (3 pair),Fashion,55,80,0,68,239,14,7,0.82,0.85,Winter,None,Central India,45.45,5440.0,1700.0,3740,12,2024,1,6,1,4,1,0,1.455,225,2024-12-01
Handkerchief 3pc,Fashion,30,45,0,30,169,12,4,0.45,0.75,Winter,None,Central India,50.0,1350.0,450.0,900,12,2024,1,6,1,4,1,0,1.5,157,2024-12-01
Banyan Vest Cotton,Fashion,75,110,0,33,110,12,3,1.12,0.75,Winter,None,Central India,46.67,3630.0,1155.0,2475,12,2024,1,6,1,4,1,0,1.467,98,2024-12-01
Dupatta Plain,Fashion,95,150,0,17,171,10,2,1.43,0.95,Winter,None,Central India,57.89,2550.0,935.0,1615,12,2024,1,6,1,4,1,0,1.579,161,2024-12-01
Salwar Suit Cotton,Fashion,280,450,0,13,134,10,5,4.2,0.75,Winter,None,Central India,60.71,5850.0,2210.0,3640,12,2024,1,6,1,4,1,0,1.607,124,2024-12-01
Kurta Men Cotton,Fashion,195,320,0,16,31,10,3,2.92,0.88,Winter,None,Central India,64.1,5120.0,2000.0,3120,12,2024,1,6,1,4,1,0,1.641,21,2024-12-01
Urea Fertilizer 1kg,Agriculture,35,50,0,50,196,16,3,0.53,0.75,Winter,None,Central India,42.86,2500.0,750.0,1750,12,2024,1,6,1,4,1,0,1.429,180,2024-12-01
DAP Fertilizer 1kg,Agriculture,55,75,0,17,235,12,3,0.82,0.85,Winter,None,Central India,36.36,1275.0,340.0,935,12,2024,1,6,1,4,1,0,1.364,223,2024-12-01
Neem Pesticide 100ml,Agriculture,65,95,0,37,42,10,2,0.97,0.8,Winter,None,Central India,46.15,3515.0,1110.0,2405,12,2024,1,6,1,4,1,0,1.462,32,2024-12-01
Garden Pump Sprayer 1L,Agriculture,145,210,0,14,41,10,1,2.17,0.75,Winter,None,Central India,44.83,2940.0,910.0,2030,12,2024,1,6,1,4,1,0,1.448,31,2024-12-01
Vegetable Seeds Packet,Agriculture,28,45,0,96,144,14,5,0.42,0.8,Winter,None,Central India,60.71,4320.0,1632.0,2688,12,2024,1,6,1,4,1,0,1.607,130,2024-12-01
